JvmtiExport can_access_local_variables 0
JvmtiExport can_hotswap_or_post_breakpoint 0
JvmtiExport can_post_on_exceptions 0
# 190 ciObject found
ciMethod java/lang/Object <init> ()V 4097 1 288060 0 0
ciMethod java/lang/String <init> ([CII)V 4097 1 5704 0 704
ciMethod java/lang/String length ()I 4097 1 105099 0 0
ciMethod java/lang/String charAt (I)C 4097 1 531556 0 128
ciMethod java/lang/String getChars (II[CI)V 3545 1 5602 0 320
ciMethod java/lang/String startsWith (Ljava/lang/String;I)Z 3073 1865 4484 0 416
ciMethod java/lang/String startsWith (Ljava/lang/String;)Z 2057 1 40565 0 352
ciMethod java/lang/String endsWith (Ljava/lang/String;)Z 2065 1 36043 0 384
ciMethod java/lang/String indexOf (I)I 4097 1 32828 0 352
ciMethod java/lang/String indexOf (II)I 1633 73729 841 0 448
ciMethod java/lang/String indexOfSupplementary (II)I 0 0 1 0 -1
ciMethod java/lang/String lastIndexOf (I)I 2049 1 28553 0 0
ciMethod java/lang/String lastIndexOf (II)I 1249 107137 1020 0 288
ciMethod java/lang/String lastIndexOfSupplementary (II)I 0 0 1 0 -1
ciMethod java/lang/String indexOf (Ljava/lang/String;)I 2065 1 28553 0 -1
ciMethod java/lang/String indexOf (Ljava/lang/String;I)I 3153 1 40758 0 0
ciMethod java/lang/String indexOf ([CII[CIII)I 1665 131073 1465 0 1280
ciMethod java/lang/String substring (I)Ljava/lang/String; 233 1 5150 0 896
ciMethod java/lang/String substring (II)Ljava/lang/String; 3129 1 5524 0 992
ciMethod java/lang/System arraycopy (Ljava/lang/Object;ILjava/lang/Object;II)V 13313 1 1664 0 -1
ciMethod java/lang/AbstractStringBuilder <init> (I)V 2025 1 35670 0 0
ciMethod java/lang/AbstractStringBuilder ensureCapacityInternal (I)V 3569 1 92402 0 672
ciMethod java/lang/AbstractStringBuilder newCapacity (I)I 1801 1 5345 0 160
ciMethod java/lang/AbstractStringBuilder hugeCapacity (I)I 0 0 1 0 -1
ciMethod java/lang/AbstractStringBuilder append (Ljava/lang/String;)Ljava/lang/AbstractStringBuilder; 3097 1 5533 0 992
ciMethod java/lang/AbstractStringBuilder appendNull ()Ljava/lang/AbstractStringBuilder; 0 0 1 0 -1
ciMethod java/lang/StringBuilder <init> ()V 1753 1 27508 0 192
ciMethod java/lang/StringBuilder append (Ljava/lang/String;)Ljava/lang/StringBuilder; 3073 1 62661 0 992
ciMethod java/lang/StringBuilder toString ()Ljava/lang/String; 1833 1 30144 0 832
ciMethod java/net/URL set (Ljava/lang/String;Ljava/lang/String;ILjava/lang/String;Ljava/lang/String;Ljava/lang/String;Ljava/lang/String;Ljava/lang/String;)V 2041 1 5655 0 672
ciMethod java/net/URL getQuery ()Ljava/lang/String; 1057 1 132 0 0
ciMethod java/net/URL getPath ()Ljava/lang/String; 1025 1 128 0 0
ciMethod java/net/URL getUserInfo ()Ljava/lang/String; 1025 1 128 0 0
ciMethod java/net/URL getAuthority ()Ljava/lang/String; 1025 1 128 0 0
ciMethod java/net/URL getPort ()I 1025 1 128 0 0
ciMethod java/net/URL getProtocol ()Ljava/lang/String; 1057 1 132 0 0
ciMethod java/net/URL getHost ()Ljava/lang/String; 1041 1 130 0 0
ciMethod java/net/URL getRef ()Ljava/lang/String; 1057 1 132 0 0
ciMethod java/lang/Character digit (CI)I 2473 1 21187 0 -1
ciMethod java/lang/Integer parseInt (Ljava/lang/String;I)I 113 273 3143 0 0
ciMethod java/lang/Integer parseInt (Ljava/lang/String;)I 17 1 480 0 0
ciMethod java/lang/Math min (II)I 4097 1 76701 0 -1
ciMethod java/util/Arrays copyOf ([CI)[C 2049 1 14243 0 0
ciMethod java/util/Arrays copyOfRange ([CII)[C 4097 1 5669 0 512
ciMethodData java/lang/Object <init> ()V 2 288065 orig 264 104 147 40 108 0 0 0 0 104 4 179 20 0 0 0 0 32 1 0 0 0 0 0 0 0 0 0 0 0 0 0 0 0 0 0 0 0 0 0 0 0 0 0 0 0 0 0 0 0 0 0 0 0 0 0 0 0 0 0 0 0 0 0 0 0 0 0 0 0 0 0 0 0 0 0 0 0 0 0 0 77 68 79 32 101 120 116 114 97 32 100 97 116 97 32 108 111 99 107 0 0 0 0 0 0 0 0 0 0 0 0 0 0 0 0 0 0 0 0 0 0 0 0 0 0 0 0 0 0 0 0 0 0 0 0 0 0 0 0 0 0 0 0 0 0 0 0 0 0 0 0 0 0 0 0 0 0 0 0 0 0 0 0 0 0 0 0 0 0 0 0 0 0 0 0 0 0 0 0 0 0 0 0 0 1 0 0 0 0 0 0 0 1 0 0 0 0 0 0 0 1 0 0 0 0 0 0 0 0 0 0 0 0 0 0 0 0 2 0 0 9 26 35 0 1 0 0 0 0 0 0 0 0 0 0 0 2 0 0 0 0 0 3 0 1 0 0 0 0 0 0 0 255 255 255 255 0 0 0 0 0 0 0 0 data 0 oops 0
ciMethodData java/lang/String charAt (I)C 2 531559 orig 264 104 147 40 108 0 0 0 0 240 59 179 20 0 0 0 0 120 1 0 0 32 0 0 0 0 0 0 0 0 0 0 0 0 0 0 0 0 0 0 0 0 0 0 0 0 0 0 0 0 0 0 0 0 0 0 0 0 0 0 0 0 0 0 0 0 0 0 0 0 0 0 0 0 0 0 0 0 0 0 0 77 68 79 32 101 120 116 114 97 32 100 97 116 97 32 108 111 99 107 0 0 0 0 0 0 0 0 0 0 0 0 0 0 0 0 0 0 0 0 0 0 0 0 0 0 0 0 0 0 0 0 0 0 0 0 0 0 0 0 0 0 0 0 0 0 0 0 0 0 0 0 0 0 0 0 0 0 0 0 0 0 0 0 0 0 0 0 0 0 0 0 0 0 0 0 0 0 0 0 0 0 0 0 0 25 0 0 0 0 0 0 0 0 0 0 0 0 0 0 0 1 0 0 0 0 0 0 0 0 0 0 0 0 0 0 0 0 2 0 0 57 211 64 0 1 0 0 0 0 0 0 0 0 0 0 0 2 0 0 0 0 0 0 0 0 0 0 0 80 0 0 0 255 255 255 255 7 0 1 0 0 0 0 0 data 10 0x10007 0x0 0x40 0x81a67 0xa0007 0x81a67 0x30 0x0 0x120002 0x0 oops 0
ciMethod java/net/URLStreamHandler parseURL (Ljava/net/URL;Ljava/lang/String;II)V 2041 1 11519 0 -1
ciMethod java/net/URLStreamHandler setURL (Ljava/net/URL;Ljava/lang/String;Ljava/lang/String;ILjava/lang/String;Ljava/lang/String;Ljava/lang/String;Ljava/lang/String;Ljava/lang/String;)V 2049 1 6418 0 736
ciMethodData java/lang/String indexOf ([CII[CIII)I 2 91627 orig 264 104 147 40 108 0 0 0 0 136 84 179 20 0 0 0 0 56 3 0 0 24 1 0 0 0 0 0 0 0 0 0 0 0 0 0 0 0 0 0 0 0 0 0 0 0 0 0 0 0 0 0 0 0 0 0 0 0 0 0 0 0 0 0 0 0 0 0 0 0 0 0 0 0 0 0 0 0 0 0 0 77 68 79 32 101 120 116 114 97 32 100 97 116 97 32 108 111 99 107 0 0 0 0 0 0 0 0 0 0 0 0 0 0 0 0 0 0 0 0 0 0 0 0 0 0 0 0 0 0 0 0 0 0 0 0 0 0 0 0 0 0 0 0 0 1 0 0 0 0 0 0 0 0 0 0 0 0 0 0 0 0 0 0 0 0 0 0 0 0 0 0 0 0 0 0 0 0 0 0 1 0 0 0 0 0 0 0 0 0 0 0 0 0 0 0 0 0 0 0 0 0 0 0 0 0 0 0 0 0 0 0 0 0 0 0 0 0 64 0 0 73 39 0 0 89 47 9 0 85 2 0 0 71 205 0 0 2 0 0 0 3 0 36 0 2 0 0 0 224 1 0 0 255 255 255 255 7 224 3 0 0 0 0 0 data 60 0x3e007 0x4e9 0x58 0x1 0x80007 0x1 0x38 0x0 0xc0003 0x0 0x18 0x130007 0x4e9 0x20 0x0 0x1b0007 0x4e9 0x20 0x0 0x390007 0x407 0x148 0x1e3f 0x420007 0x24a 0x78 0x1bf5 0x4c0007 0x407 0x58 0x11f8b 0x550007 0x17ed 0x38 0x1079e 0x580003 0x1079e 0xffffffffffffffc0 0x5f0007 0x407 0x98 0x1a37 0x7b0007 0xe1 0x58 0x19fc 0x860007 0x1956 0x38 0xa6 0x8f0003 0xa6 0xffffffffffffffc0 0x960007 0x1956 0x20 0xe1 0xa10003 0x1d5d 0xfffffffffffffed0 oops 0
ciMethodData java/lang/String length ()I 2 105106 orig 264 104 147 40 108 0 0 0 0 176 58 179 20 0 0 0 0 32 1 0 0 0 0 0 0 0 0 0 0 0 0 0 0 0 0 0 0 0 0 0 0 0 0 0 0 0 0 0 0 0 0 0 0 0 0 0 0 0 0 0 0 0 0 0 0 0 0 0 0 0 0 0 0 0 0 0 0 0 0 0 0 77 68 79 32 101 120 116 114 97 32 100 97 116 97 32 108 111 99 107 0 0 0 0 0 0 0 0 0 0 0 0 0 0 0 0 0 0 0 0 0 0 0 0 0 0 0 0 0 0 0 0 0 0 0 0 0 0 0 0 0 0 0 0 0 0 0 0 0 0 0 0 0 0 0 0 0 0 0 0 0 0 0 0 0 0 0 0 0 0 0 0 0 0 0 0 0 0 0 0 0 0 0 0 0 1 0 0 0 0 0 0 0 0 0 0 0 0 0 0 0 1 0 0 0 0 0 0 0 0 0 0 0 0 0 0 0 0 2 0 0 145 196 12 0 1 0 0 0 0 0 0 0 0 0 0 0 2 0 0 0 0 0 3 0 1 0 0 0 0 0 0 0 255 255 255 255 0 0 0 0 0 0 0 0 data 0 oops 0
ciMethodData java/lang/String indexOf (II)I 2 58860 orig 264 104 147 40 108 0 0 0 0 136 78 179 20 0 0 0 0 16 2 0 0 184 0 0 0 0 0 0 0 0 0 0 0 0 0 0 0 0 0 0 0 0 0 0 0 0 0 0 0 0 0 0 0 0 0 0 0 0 0 0 0 0 0 0 0 0 0 0 0 0 0 0 0 0 0 0 0 0 0 0 0 77 68 79 32 101 120 116 114 97 32 100 97 116 97 32 108 111 99 107 0 0 0 0 0 0 0 0 0 0 0 0 0 0 0 0 0 0 0 0 0 0 0 0 0 0 0 0 0 0 0 0 0 0 0 0 0 0 0 0 0 0 0 0 0 0 0 0 0 0 0 0 0 0 0 0 0 0 0 0 0 0 0 0 0 0 0 0 0 0 0 0 0 0 0 0 0 0 0 0 0 0 0 0 0 17 0 0 0 0 0 0 0 0 0 0 0 0 0 0 0 1 0 0 0 0 0 0 0 0 0 0 0 0 0 0 0 0 36 0 0 233 19 0 0 97 15 6 0 0 0 0 0 0 0 0 0 2 0 0 0 1 0 15 0 2 0 0 0 224 0 0 0 255 255 255 255 7 0 7 0 0 0 0 0 data 28 0x70007 0x27d 0x38 0x0 0xc0003 0x0 0x38 0x110007 0x204 0x20 0x79 0x190007 0x0 0x78 0x204 0x280007 0x1f8 0x58 0xc1e7 0x310007 0xc1db 0x20 0xc 0x3a0003 0xc1db 0xffffffffffffffc0 0x420002 0x0 oops 0
ciMethodData java/lang/String <init> ([CII)V 2 5704 orig 264 104 147 40 108 0 0 0 0 120 48 179 20 0 0 0 0 80 2 0 0 208 0 0 0 0 0 0 0 0 0 0 0 0 0 0 0 0 0 0 0 0 0 0 0 0 0 0 0 0 0 0 0 0 0 0 0 0 0 0 0 0 0 0 0 0 0 0 0 0 0 0 0 0 0 0 0 0 0 0 0 77 68 79 32 101 120 116 114 97 32 100 97 116 97 32 108 111 99 107 0 0 0 0 0 0 0 0 0 0 0 0 0 0 0 0 0 0 0 0 0 0 0 0 0 0 0 0 0 0 0 0 0 0 0 0 0 0 0 0 0 0 0 0 0 0 0 0 0 0 0 0 0 0 0 0 0 0 0 0 0 0 0 0 0 0 0 0 0 0 0 0 0 0 0 0 0 0 0 0 0 0 0 0 0 0 0 0 0 0 0 0 0 0 0 0 0 0 0 0 0 0 0 0 0 0 0 0 0 0 0 0 0 0 0 0 0 0 2 0 0 65 162 0 0 1 0 0 0 0 0 0 0 0 0 0 0 2 0 0 0 0 0 14 0 2 0 0 0 240 0 0 0 255 255 255 255 2 0 1 0 0 0 0 0 data 30 0x10002 0x1448 0x50007 0x1448 0x30 0x0 0xd0002 0x0 0x120007 0x1428 0x70 0x20 0x160007 0x20 0x30 0x0 0x1e0002 0x0 0x250007 0x0 0x20 0x20 0x370007 0x1428 0x30 0x0 0x410002 0x0 0x4b0002 0x1428 oops 0
ciMethodData java/util/Arrays copyOfRange ([CII)[C 2 5669 orig 264 104 147 40 108 0 0 0 0 40 139 196 20 0 0 0 0 120 2 0 0 240 0 0 0 0 0 0 0 0 0 0 0 0 0 0 0 0 0 0 0 0 0 0 0 0 0 0 0 0 0 0 0 0 0 0 0 0 0 0 0 0 0 0 0 0 0 0 0 0 0 0 0 0 0 0 0 0 0 0 0 77 68 79 32 101 120 116 114 97 32 100 97 116 97 32 108 111 99 107 0 0 0 0 0 0 0 0 0 0 0 0 0 0 0 0 0 0 0 0 0 0 0 0 0 0 0 0 0 0 0 0 0 0 0 0 0 0 0 0 0 0 0 0 0 0 0 0 0 0 0 0 0 0 0 0 0 0 0 0 0 0 0 0 0 0 0 0 0 0 0 0 0 0 0 0 0 0 0 0 0 0 0 0 0 29 0 0 0 0 0 0 0 0 0 0 0 0 0 0 0 0 0 0 0 0 0 0 0 0 0 0 0 0 0 0 0 0 2 0 0 41 161 0 0 1 0 0 0 0 0 0 0 0 0 0 0 2 0 0 0 0 0 9 0 2 0 0 0 32 1 0 0 255 255 255 255 7 0 5 0 0 0 0 0 data 36 0x50007 0x1425 0x100 0x0 0x100002 0x0 0x140005 0x0 0x0 0x0 0x0 0x0 0x190005 0x0 0x0 0x0 0x0 0x0 0x1d0005 0x0 0x0 0x0 0x0 0x0 0x200005 0x0 0x0 0x0 0x0 0x0 0x230002 0x0 0x360002 0x1425 0x390002 0x1425 oops 0
ciMethodData java/lang/String indexOf (I)I 2 32828 orig 264 104 147 40 108 0 0 0 0 184 77 179 20 0 0 0 0 128 1 0 0 0 0 0 0 0 0 0 0 0 0 0 0 0 0 0 0 0 0 0 0 0 0 0 0 0 0 0 0 0 0 0 0 0 0 0 0 0 0 0 0 0 0 0 0 0 0 0 0 0 0 0 0 0 0 0 0 0 0 0 0 77 68 79 32 101 120 116 114 97 32 100 97 116 97 32 108 111 99 107 0 0 0 0 0 0 0 0 0 0 0 0 0 0 0 0 0 0 0 0 0 0 0 0 0 0 0 0 0 0 0 0 0 0 0 0 0 0 0 0 0 0 0 0 0 0 0 0 0 0 0 0 0 0 0 0 0 0 0 0 0 0 0 0 0 0 0 0 0 0 0 0 0 0 0 0 0 0 0 0 0 0 0 0 0 17 0 0 0 0 0 0 0 0 0 0 0 0 0 0 0 1 0 0 0 0 0 0 0 0 0 0 0 0 0 0 0 0 2 0 0 225 241 3 0 1 0 0 0 0 0 0 0 0 0 0 0 2 0 0 0 0 0 3 0 2 0 0 0 48 0 0 0 255 255 255 255 5 0 3 0 0 0 0 0 data 6 0x30005 0xff 0x303fdc0 0x7d3d 0x0 0x0 oops 1 2 java/lang/String
ciMethodData java/lang/AbstractStringBuilder append (Ljava/lang/String;)Ljava/lang/AbstractStringBuilder; 2 5533 orig 264 104 147 40 108 0 0 0 0 88 16 186 20 0 0 0 0 240 1 0 0 32 0 0 0 0 0 0 0 0 0 0 0 0 0 0 0 0 0 0 0 0 0 0 0 0 0 0 0 0 0 0 0 0 0 0 0 0 0 0 0 0 0 0 0 0 0 0 0 0 0 0 0 0 0 0 0 0 0 0 0 77 68 79 32 101 120 116 114 97 32 100 97 116 97 32 108 111 99 107 0 0 0 0 0 0 0 0 0 0 0 0 0 0 0 0 0 0 0 0 0 0 0 0 0 0 0 0 0 0 0 0 0 0 0 0 0 0 0 0 0 0 0 0 0 0 0 0 0 0 0 0 0 0 0 0 0 0 0 0 0 0 0 0 0 0 0 0 0 0 0 0 0 0 0 0 0 0 0 0 0 0 0 0 0 17 0 0 0 0 0 0 0 0 0 0 0 0 0 0 0 2 0 0 0 0 0 0 0 1 0 0 0 0 0 0 0 131 1 0 0 209 160 0 0 1 0 0 0 0 0 0 0 0 0 0 0 2 0 0 0 0 0 14 0 2 0 0 0 160 0 0 0 255 255 255 255 7 0 1 0 0 0 0 0 data 20 0x10007 0x141a 0x30 0x0 0x50002 0x0 0xa0005 0x0 0x303fdc0 0x141a 0x0 0x0 0x150002 0x141a 0x230005 0x0 0x303fdc0 0x141a 0x0 0x0 oops 2 8 java/lang/String 16 java/lang/String
ciMethodData java/lang/AbstractStringBuilder ensureCapacityInternal (I)V 2 92402 orig 264 104 147 40 108 0 0 0 0 112 7 186 20 0 0 0 0 144 1 0 0 0 0 0 0 0 0 0 0 0 0 0 0 0 0 0 0 0 0 0 0 0 0 0 0 0 0 0 0 0 0 0 0 0 0 0 0 0 0 0 0 0 0 0 0 0 0 0 0 0 0 0 0 0 0 0 0 0 0 0 0 77 68 79 32 101 120 116 114 97 32 100 97 116 97 32 108 111 99 107 0 0 0 0 0 0 0 0 0 0 0 0 0 0 0 0 0 0 0 0 0 0 0 0 0 0 0 0 0 0 0 0 0 0 0 0 0 0 0 0 0 0 0 0 0 0 0 0 0 0 0 0 0 0 0 0 0 0 0 0 0 0 0 0 0 0 0 0 0 0 0 0 0 0 0 0 0 0 0 0 0 0 0 0 0 17 0 0 0 0 0 0 0 0 0 0 0 0 0 0 0 1 0 0 0 0 0 0 0 0 0 0 0 0 0 0 0 190 1 0 0 161 57 11 0 1 0 0 0 0 0 0 0 0 0 0 0 2 0 0 0 0 0 11 0 2 0 0 0 64 0 0 0 255 255 255 255 7 0 7 0 0 0 0 0 data 8 0x70007 0x15171 0x40 0x15c3 0x110002 0x15c3 0x140002 0x15c3 oops 0
ciMethodData java/lang/AbstractStringBuilder newCapacity (I)I 2 5345 orig 264 104 147 40 108 0 0 0 0 32 8 186 20 0 0 0 0 176 1 0 0 64 0 0 0 0 0 0 0 0 0 0 0 0 0 0 0 0 0 0 0 0 0 0 0 0 0 0 0 0 0 0 0 0 0 0 0 0 0 0 0 0 0 0 0 0 0 0 0 0 0 0 0 0 0 0 0 0 0 0 0 77 68 79 32 101 120 116 114 97 32 100 97 116 97 32 108 111 99 107 0 0 0 0 0 0 0 0 0 0 0 0 0 0 0 0 0 0 0 0 0 0 0 0 0 0 0 0 0 0 0 0 0 0 0 0 0 0 0 0 0 0 0 0 0 0 0 0 0 0 0 0 0 0 0 0 0 0 0 0 0 0 0 0 0 0 0 0 0 0 0 0 0 0 0 0 0 0 0 0 0 0 0 0 0 17 0 0 0 0 0 0 0 0 0 0 0 0 0 0 0 1 0 0 0 0 0 0 0 0 0 0 0 0 0 0 0 225 0 0 0 1 160 0 0 1 0 0 0 0 0 0 0 0 0 0 0 2 0 0 0 0 0 18 0 2 0 0 0 136 0 0 0 255 255 255 255 7 0 13 0 0 0 0 0 data 17 0xd0007 0xd1a 0x20 0x6e6 0x130007 0x0 0x40 0x1400 0x1a0007 0x1400 0x48 0x0 0x1f0002 0x0 0x220003 0x0 0x18 oops 0
ciMethodData java/util/Arrays copyOf ([CI)[C 2 14243 orig 264 104 147 40 108 0 0 0 0 216 131 196 20 0 0 0 0 112 1 0 0 0 0 0 0 0 0 0 0 0 0 0 0 0 0 0 0 0 0 0 0 0 0 0 0 0 0 0 0 0 0 0 0 0 0 0 0 0 0 0 0 0 0 0 0 0 0 0 0 0 0 0 0 0 0 0 0 0 0 0 0 77 68 79 32 101 120 116 114 97 32 100 97 116 97 32 108 111 99 107 0 0 0 0 0 0 0 0 0 0 0 0 0 0 0 0 0 0 0 0 0 0 0 0 0 0 0 0 0 0 0 0 0 0 0 0 0 0 0 0 0 0 0 0 0 0 0 0 0 0 0 0 0 0 0 0 0 0 0 0 0 0 0 0 0 0 0 0 0 0 0 0 0 0 0 0 0 0 0 0 0 0 0 0 0 0 0 0 0 0 0 0 0 0 0 0 0 0 0 0 0 0 0 0 0 0 0 0 0 0 0 0 0 0 0 0 0 0 1 0 0 25 181 1 0 1 0 0 0 0 0 0 0 0 0 0 0 2 0 0 0 0 0 7 0 2 0 0 0 32 0 0 0 255 255 255 255 2 0 11 0 0 0 0 0 data 4 0xb0002 0x36a3 0xe0002 0x36a3 oops 0
ciMethodData java/lang/String getChars (II[CI)V 2 5602 orig 264 104 147 40 108 0 0 0 0 16 64 179 20 0 0 0 0 8 2 0 0 128 0 0 0 0 0 0 0 0 0 0 0 0 0 0 0 0 0 0 0 0 0 0 0 0 0 0 0 0 0 0 0 0 0 0 0 0 0 0 0 0 0 0 0 0 0 0 0 0 0 0 0 0 0 0 0 0 0 0 0 77 68 79 32 101 120 116 114 97 32 100 97 116 97 32 108 111 99 107 0 0 0 0 0 0 0 0 0 0 0 0 0 0 0 0 0 0 0 0 0 0 0 0 0 0 0 0 0 0 0 0 0 0 0 0 0 0 0 0 0 0 0 0 0 0 0 0 0 0 0 0 0 0 0 0 0 0 0 0 0 0 0 0 0 0 0 0 0 0 0 0 0 0 0 0 0 0 0 0 0 0 0 0 0 25 0 0 0 0 0 0 0 0 0 0 0 0 0 0 0 1 0 0 0 0 0 0 0 0 0 0 0 0 0 0 0 187 1 0 0 57 161 0 0 1 0 0 0 0 0 0 0 0 0 0 0 2 0 0 0 0 0 9 0 2 0 0 0 160 0 0 0 255 255 255 255 7 0 1 0 0 0 0 0 data 20 0x10007 0x1427 0x30 0x0 0x90002 0x0 0x130007 0x1427 0x30 0x0 0x1b0002 0x0 0x210007 0x1427 0x30 0x0 0x2b0002 0x0 0x3a0002 0x1427 oops 0
ciMethodData java/lang/StringBuilder append (Ljava/lang/String;)Ljava/lang/StringBuilder; 2 62695 orig 264 104 147 40 108 0 0 0 0 136 66 186 20 0 0 0 0 56 1 0 0 0 0 0 0 0 0 0 0 0 0 0 0 0 0 0 0 0 0 0 0 0 0 0 0 0 0 0 0 0 0 0 0 0 0 0 0 0 0 0 0 0 0 0 0 0 0 0 0 0 0 0 0 0 0 0 0 0 0 0 0 77 68 79 32 101 120 116 114 97 32 100 97 116 97 32 108 111 99 107 0 0 0 0 0 0 0 0 0 0 0 0 0 0 0 0 0 0 0 0 0 0 0 0 0 0 0 0 0 0 0 0 0 0 0 0 0 0 0 0 0 0 0 0 0 0 0 0 0 0 0 0 0 0 0 0 0 0 0 0 0 0 0 0 0 0 0 0 0 0 0 0 0 0 0 0 0 0 0 0 0 0 0 0 0 19 0 0 0 0 0 0 0 0 0 0 0 0 0 0 0 2 0 0 0 0 0 0 0 1 0 0 0 0 0 0 0 128 1 0 0 57 155 7 0 1 0 0 0 0 0 0 0 0 0 0 0 2 0 0 0 0 0 3 0 2 0 0 0 16 0 0 0 255 255 255 255 2 0 2 0 0 0 0 0 data 2 0x20002 0xf367 oops 0
ciMethodData java/lang/String substring (II)Ljava/lang/String; 2 5524 orig 264 104 147 40 108 0 0 0 0 32 89 179 20 0 0 0 0 40 2 0 0 208 0 0 0 0 0 0 0 0 0 0 0 0 0 0 0 0 0 0 0 0 0 0 0 0 0 0 0 0 0 0 0 0 0 0 0 0 0 0 0 0 0 0 0 0 0 0 0 0 0 0 0 0 0 0 0 0 0 0 0 77 68 79 32 101 120 116 114 97 32 100 97 116 97 32 108 111 99 107 0 0 0 0 0 0 0 0 0 0 0 0 0 0 0 0 0 0 0 0 0 0 0 0 0 0 0 0 0 0 0 0 0 0 0 0 0 0 0 0 0 0 0 0 0 0 0 0 0 0 0 0 0 0 0 0 0 0 0 0 0 0 0 0 0 0 0 0 0 0 0 0 0 0 0 0 0 0 0 0 0 0 0 0 0 25 0 0 0 0 0 0 0 0 0 0 0 0 0 0 0 0 0 0 0 0 0 0 0 0 0 0 0 0 0 0 0 135 1 0 0 105 160 0 0 1 0 0 0 0 0 0 0 0 0 0 0 2 0 0 0 0 0 15 0 2 0 0 0 248 0 0 0 255 255 255 255 7 0 1 0 0 0 0 0 data 31 0x10007 0x140d 0x30 0x0 0x90002 0x0 0x130007 0x140d 0x30 0x0 0x1b0002 0x0 0x240007 0x140d 0x30 0x0 0x2c0002 0x0 0x310007 0x619 0x58 0xdf4 0x3a0007 0x671 0x38 0x783 0x3e0003 0x783 0x28 0x4b0002 0xc8a oops 0
ciMethodData java/lang/StringBuilder <init> ()V 2 27526 orig 264 104 147 40 108 0 0 0 0 144 63 186 20 0 0 0 0 48 1 0 0 0 0 0 0 0 0 0 0 0 0 0 0 0 0 0 0 0 0 0 0 0 0 0 0 0 0 0 0 0 0 0 0 0 0 0 0 0 0 0 0 0 0 0 0 0 0 0 0 0 0 0 0 0 0 0 0 0 0 0 0 77 68 79 32 101 120 116 114 97 32 100 97 116 97 32 108 111 99 107 0 0 0 0 0 0 0 0 0 0 0 0 0 0 0 0 0 0 0 0 0 0 0 0 0 0 0 0 0 0 0 0 0 0 0 0 0 0 0 0 0 0 0 0 0 0 0 0 0 0 0 0 0 0 0 0 0 0 0 0 0 0 0 0 0 0 0 0 0 0 0 0 0 0 0 0 0 0 0 0 0 0 0 0 0 0 0 0 0 0 0 0 0 0 0 0 0 0 0 0 0 0 0 0 0 0 0 0 0 0 0 0 0 0 0 0 0 219 0 0 0 89 85 3 0 1 0 0 0 0 0 0 0 0 0 0 0 2 0 0 0 0 0 3 0 2 0 0 0 16 0 0 0 255 255 255 255 2 0 3 0 0 0 0 0 data 2 0x30002 0x6aab oops 0
ciMethodData java/lang/AbstractStringBuilder <init> (I)V 2 35685 orig 264 104 147 40 108 0 0 0 0 16 5 186 20 0 0 0 0 56 1 0 0 0 0 0 0 0 0 0 0 0 0 0 0 0 0 0 0 0 0 0 0 0 0 0 0 0 0 0 0 0 0 0 0 0 0 0 0 0 0 0 0 0 0 0 0 0 0 0 0 0 0 0 0 0 0 0 0 0 0 0 0 77 68 79 32 101 120 116 114 97 32 100 97 116 97 32 108 111 99 107 0 0 0 0 0 0 0 0 0 0 0 0 0 0 0 0 0 0 0 0 0 0 0 0 0 0 0 0 0 0 0 0 0 0 0 0 0 0 0 0 0 0 0 0 0 0 0 0 0 0 0 0 0 0 0 0 0 0 0 0 0 0 0 0 0 0 0 0 0 0 0 0 0 0 0 0 0 0 0 0 0 0 0 0 0 0 0 0 0 0 0 0 0 0 0 0 0 0 0 0 0 0 0 0 0 0 0 0 0 0 0 0 0 0 0 0 0 253 0 0 0 65 83 4 0 1 0 0 0 0 0 0 0 0 0 0 0 2 0 0 0 0 0 3 0 2 0 0 0 16 0 0 0 255 255 255 255 2 0 1 0 0 0 0 0 data 2 0x10002 0x8a68 oops 0
ciMethodData java/lang/StringBuilder toString ()Ljava/lang/String; 2 30163 orig 264 104 147 40 108 0 0 0 0 168 85 186 20 0 0 0 0 48 1 0 0 0 0 0 0 0 0 0 0 0 0 0 0 0 0 0 0 0 0 0 0 0 0 0 0 0 0 0 0 0 0 0 0 0 0 0 0 0 0 0 0 0 0 0 0 0 0 0 0 0 0 0 0 0 0 0 0 0 0 0 0 77 68 79 32 101 120 116 114 97 32 100 97 116 97 32 108 111 99 107 0 0 0 0 0 0 0 0 0 0 0 0 0 0 0 0 0 0 0 0 0 0 0 0 0 0 0 0 0 0 0 0 0 0 0 0 0 0 0 0 0 0 0 0 0 0 0 0 0 0 0 0 0 0 0 0 0 0 0 0 0 0 0 0 0 0 0 0 0 0 0 0 0 0 0 0 0 0 0 0 0 0 0 0 0 29 0 0 0 0 0 0 0 0 0 0 0 0 0 0 0 1 0 0 0 0 0 0 0 0 0 0 0 0 0 0 0 229 0 0 0 113 167 3 0 1 0 0 0 0 0 0 0 0 0 0 0 2 0 0 0 0 0 3 0 2 0 0 0 16 0 0 0 255 255 255 255 2 0 13 0 0 0 0 0 data 2 0xd0002 0x74ee oops 0
ciMethodData java/lang/String lastIndexOf (II)I 2 38589 orig 264 104 147 40 108 0 0 0 0 176 80 179 20 0 0 0 0 240 1 0 0 32 0 0 0 0 0 0 0 0 0 0 0 0 0 0 0 0 0 0 0 0 0 0 0 0 0 0 0 0 0 0 0 0 0 0 0 0 0 0 0 0 0 0 0 0 0 0 0 0 0 0 0 0 0 0 0 0 0 0 0 77 68 79 32 101 120 116 114 97 32 100 97 116 97 32 108 111 99 107 0 0 0 0 0 0 0 0 0 0 0 0 0 0 0 0 0 0 0 0 0 0 0 0 0 0 0 0 0 0 0 0 0 0 0 0 0 0 0 0 0 0 0 0 0 0 0 0 0 0 0 0 0 0 0 0 0 0 0 0 0 0 0 0 0 0 0 0 0 0 0 0 0 0 0 0 0 0 0 0 0 0 0 0 0 17 0 0 0 0 0 0 0 0 0 0 0 0 0 0 0 1 0 0 0 0 0 0 0 0 0 0 0 0 0 0 0 80 52 0 0 1 27 0 0 105 19 3 0 0 0 0 0 0 0 0 0 2 0 0 0 1 0 14 0 2 0 0 0 152 0 0 0 255 255 255 255 7 0 3 0 0 0 0 0 data 19 0x30007 0x0 0x88 0x360 0x100002 0x360 0x170007 0x9c 0x58 0x6531 0x1f0007 0x626d 0x20 0x2c4 0x280003 0x626d 0xffffffffffffffc0 0x300002 0x0 oops 0
ciMethodData java/lang/String startsWith (Ljava/lang/String;I)Z 2 12891 orig 264 104 147 40 108 0 0 0 0 56 75 179 20 0 0 0 0 176 1 0 0 32 0 0 0 0 0 0 0 0 0 0 0 0 0 0 0 0 0 0 0 0 0 0 0 0 0 0 0 0 0 0 0 0 0 0 0 0 0 0 0 0 0 0 0 0 0 0 0 0 0 0 0 0 0 0 0 0 0 0 0 77 68 79 32 101 120 116 114 97 32 100 97 116 97 32 108 111 99 107 0 0 0 0 0 0 0 0 0 0 0 0 0 0 0 0 0 0 0 0 0 0 0 0 0 0 0 0 0 0 0 0 0 0 0 0 0 0 0 0 0 0 0 0 0 0 0 0 0 0 0 0 0 0 0 0 0 0 0 0 0 0 0 0 0 0 0 0 0 0 0 0 0 0 0 0 0 0 0 0 0 0 0 0 0 0 0 0 0 0 0 0 0 0 0 0 0 0 0 0 0 0 0 0 0 0 0 0 0 0 0 0 0 0 0 0 0 128 1 0 0 33 128 0 0 145 139 1 0 0 0 0 0 0 0 0 0 2 0 0 0 1 0 13 0 2 0 0 0 128 0 0 0 255 255 255 255 7 0 25 0 0 0 0 0 data 16 0x190007 0x1c 0x40 0xfe8 0x250007 0xfad 0x20 0x3b 0x2f0007 0x234 0x40 0x3173 0x410007 0x23fa 0xffffffffffffffe0 0xd79 oops 0
ciMethodData java/lang/String endsWith (Ljava/lang/String;)Z 2 36054 orig 264 104 147 40 108 0 0 0 0 104 76 179 20 0 0 0 0 128 1 0 0 0 0 0 0 0 0 0 0 0 0 0 0 0 0 0 0 0 0 0 0 0 0 0 0 0 0 0 0 0 0 0 0 0 0 0 0 0 0 0 0 0 0 0 0 0 0 0 0 0 0 0 0 0 0 0 0 0 0 0 0 77 68 79 32 101 120 116 114 97 32 100 97 116 97 32 108 111 99 107 0 0 0 0 0 0 0 0 0 0 0 0 0 0 0 0 0 0 0 0 0 0 0 0 0 0 0 0 0 0 0 0 0 0 0 0 0 0 0 0 0 0 0 0 0 0 0 0 0 0 0 0 0 0 0 0 0 0 0 0 0 0 0 0 0 0 0 0 0 0 0 0 0 0 0 0 0 0 0 0 0 0 0 0 0 0 0 0 0 0 0 0 0 0 0 0 0 0 0 0 0 0 0 0 0 0 0 0 0 0 0 0 0 0 0 0 0 2 1 0 0 161 94 4 0 1 0 0 0 0 0 0 0 0 0 0 0 2 0 0 0 0 0 3 0 2 0 0 0 48 0 0 0 255 255 255 255 5 0 13 0 0 0 0 0 data 6 0xd0005 0x2 0x303fdc0 0x8bd2 0x0 0x0 oops 1 2 java/lang/String
ciMethodData java/lang/String startsWith (Ljava/lang/String;)Z 2 40574 orig 264 104 147 40 108 0 0 0 0 200 75 179 20 0 0 0 0 128 1 0 0 0 0 0 0 0 0 0 0 0 0 0 0 0 0 0 0 0 0 0 0 0 0 0 0 0 0 0 0 0 0 0 0 0 0 0 0 0 0 0 0 0 0 0 0 0 0 0 0 0 0 0 0 0 0 0 0 0 0 0 0 77 68 79 32 101 120 116 114 97 32 100 97 116 97 32 108 111 99 107 0 0 0 0 0 0 0 0 0 0 0 0 0 0 0 0 0 0 0 0 0 0 0 0 0 0 0 0 0 0 0 0 0 0 0 0 0 0 0 0 0 0 0 0 0 0 0 0 0 0 0 0 0 0 0 0 0 0 0 0 0 0 0 0 0 0 0 0 0 0 0 0 0 0 0 0 0 0 0 0 0 0 0 0 0 0 0 0 0 0 0 0 0 0 0 0 0 0 0 0 0 0 0 0 0 0 0 0 0 0 0 0 0 0 0 0 0 1 1 0 0 233 235 4 0 1 0 0 0 0 0 0 0 0 0 0 0 2 0 0 0 0 0 3 0 2 0 0 0 48 0 0 0 255 255 255 255 5 0 3 0 0 0 0 0 data 6 0x30005 0x0 0x303fdc0 0x9d7d 0x0 0x0 oops 1 2 java/lang/String
ciMethodData java/lang/String lastIndexOf (I)I 2 28556 orig 264 104 147 40 108 0 0 0 0 240 79 179 20 0 0 0 0 128 1 0 0 0 0 0 0 0 0 0 0 0 0 0 0 0 0 0 0 0 0 0 0 0 0 0 0 0 0 0 0 0 0 0 0 0 0 0 0 0 0 0 0 0 0 0 0 0 0 0 0 0 0 0 0 0 0 0 0 0 0 0 0 77 68 79 32 101 120 116 114 97 32 100 97 116 97 32 108 111 99 107 0 0 0 0 0 0 0 0 0 0 0 0 0 0 0 0 0 0 0 0 0 0 0 0 0 0 0 0 0 0 0 0 0 0 0 0 0 0 0 0 0 0 0 0 0 0 0 0 0 0 0 0 0 0 0 0 0 0 0 0 0 0 0 0 0 0 0 0 0 0 0 0 0 0 0 0 0 0 0 0 0 0 0 0 0 17 0 0 0 0 0 0 0 0 0 0 0 0 0 0 0 1 0 0 0 0 0 0 0 0 0 0 0 0 0 0 0 0 1 0 0 97 116 3 0 1 0 0 0 0 0 0 0 0 0 0 0 2 0 0 0 0 0 3 0 2 0 0 0 48 0 0 0 255 255 255 255 5 0 9 0 0 0 0 0 data 6 0x90005 0x0 0x303fdc0 0x6e8c 0x0 0x0 oops 1 2 java/lang/String
ciMethodData java/lang/String indexOf (Ljava/lang/String;I)I 2 40768 orig 264 104 147 40 108 0 0 0 0 184 82 179 20 0 0 0 0 104 1 0 0 0 0 0 0 0 0 0 0 0 0 0 0 0 0 0 0 0 0 0 0 0 0 0 0 0 0 0 0 0 0 0 0 0 0 0 0 0 0 0 0 0 0 0 0 0 0 0 0 0 0 0 0 0 0 0 0 0 0 0 0 77 68 79 32 101 120 116 114 97 32 100 97 116 97 32 108 111 99 107 0 0 0 0 0 0 0 0 0 0 0 0 0 0 0 0 0 0 0 0 0 0 0 0 0 0 0 0 0 0 0 0 0 0 0 0 0 0 0 0 0 0 0 0 0 0 0 0 0 0 0 0 0 0 0 0 0 0 0 0 0 0 0 0 0 0 0 0 0 0 0 0 0 0 0 0 0 0 0 0 0 0 0 0 0 0 0 0 0 0 0 0 0 0 0 0 0 0 0 0 0 0 0 0 0 0 0 0 0 0 0 0 0 0 0 0 0 138 1 0 0 177 237 4 0 1 0 0 0 0 0 0 0 0 0 0 0 2 0 0 0 0 0 3 0 2 0 0 0 16 0 0 0 255 255 255 255 2 0 21 0 0 0 0 0 data 2 0x150002 0x9db6 oops 0
ciMethodData java/lang/String substring (I)Ljava/lang/String; 2 5150 orig 264 104 147 40 108 0 0 0 0 72 88 179 20 0 0 0 0 208 1 0 0 128 0 0 0 0 0 0 0 0 0 0 0 0 0 0 0 0 0 0 0 0 0 0 0 0 0 0 0 0 0 0 0 0 0 0 0 0 0 0 0 0 0 0 0 0 0 0 0 0 0 0 0 0 0 0 0 0 0 0 0 77 68 79 32 101 120 116 114 97 32 100 97 116 97 32 108 111 99 107 0 0 0 0 0 0 0 0 0 0 0 0 0 0 0 0 0 0 0 0 0 0 0 0 0 0 0 0 0 0 0 0 0 0 0 0 0 0 0 0 0 0 0 0 0 0 0 0 0 0 0 0 0 0 0 0 0 0 0 0 0 0 0 0 0 0 0 0 0 0 0 0 0 0 0 0 0 0 0 0 0 0 0 0 0 25 0 0 0 0 0 0 0 0 0 0 0 0 0 0 0 0 0 0 0 0 0 0 0 0 0 0 0 0 0 0 0 29 0 0 0 9 160 0 0 1 0 0 0 0 0 0 0 0 0 0 0 2 0 0 0 0 0 10 0 2 0 0 0 168 0 0 0 255 255 255 255 7 0 1 0 0 0 0 0 data 21 0x10007 0x1401 0x30 0x0 0x90002 0x0 0x160007 0x1401 0x30 0x0 0x1e0002 0x0 0x230007 0x13d7 0x38 0x2a 0x270003 0x2a 0x28 0x340002 0x13d7 oops 0
ciMethodData java/net/URLStreamHandler setURL (Ljava/net/URL;Ljava/lang/String;Ljava/lang/String;ILjava/lang/String;Ljava/lang/String;Ljava/lang/String;Ljava/lang/String;Ljava/lang/String;)V 2 6418 orig 264 104 147 40 108 0 0 0 0 24 111 206 20 0 0 0 0 32 2 0 0 32 0 0 0 0 0 0 0 0 0 0 0 0 0 0 0 0 0 0 0 0 0 0 0 0 0 0 0 0 0 0 0 0 0 0 0 0 0 0 0 0 0 0 0 0 0 0 0 0 0 0 0 0 0 0 0 0 0 0 0 77 68 79 32 101 120 116 114 97 32 100 97 116 97 32 108 111 99 107 0 0 0 0 0 0 0 0 0 0 0 0 0 0 0 0 0 0 0 0 0 0 0 0 0 0 0 0 0 0 0 0 0 0 0 0 0 0 0 0 0 0 0 0 0 0 0 0 0 0 0 0 0 0 0 0 0 0 0 0 0 0 0 0 0 0 0 0 0 0 0 0 0 0 0 0 0 0 0 0 0 0 0 0 0 0 0 0 0 0 0 0 0 0 0 0 0 0 0 0 0 0 0 0 0 0 0 0 0 0 0 0 0 0 0 0 0 0 1 0 0 145 192 0 0 1 0 0 0 0 0 0 0 0 0 0 0 2 0 0 0 0 0 5 0 2 0 0 0 144 0 0 0 255 255 255 255 7 0 5 0 0 0 0 0 data 18 0x50007 0x1812 0x30 0x0 0xe0002 0x0 0x140005 0x0 0x154c3e60 0x1812 0x0 0x0 0x240005 0x0 0x154c3e60 0x1812 0x0 0x0 oops 2 8 java/net/URL 14 java/net/URL
ciMethodData java/net/URL set (Ljava/lang/String;Ljava/lang/String;ILjava/lang/String;Ljava/lang/String;Ljava/lang/String;Ljava/lang/String;Ljava/lang/String;)V 2 5655 orig 264 104 147 40 108 0 0 0 0 120 115 187 20 0 0 0 0 168 2 0 0 216 0 0 0 0 0 0 0 0 0 0 0 0 0 0 0 0 0 0 0 0 0 0 0 0 0 0 0 0 0 0 0 0 0 0 0 0 0 0 0 0 0 0 0 0 0 0 0 0 0 0 0 0 0 0 0 0 0 0 0 77 68 79 32 101 120 116 114 97 32 100 97 116 97 32 108 111 99 107 0 0 0 0 0 0 0 0 0 0 0 0 0 0 0 0 0 0 0 0 0 0 0 0 0 0 0 0 0 0 0 0 0 0 0 0 0 0 0 0 0 0 0 0 0 0 0 0 0 0 0 0 0 0 0 0 0 0 0 0 0 0 0 0 0 0 0 0 0 0 0 0 0 0 0 0 0 0 0 0 0 0 0 0 0 0 0 0 0 0 0 0 0 0 0 0 0 0 0 0 0 0 0 0 0 0 0 0 0 0 0 0 0 0 0 0 0 255 0 0 0 193 168 0 0 1 0 0 0 0 0 0 0 0 0 0 0 2 0 0 0 0 0 11 0 2 0 0 0 32 1 0 0 255 255 255 255 7 0 23 0 0 0 0 0 data 36 0x170007 0x0 0x38 0x1518 0x1c0003 0x1518 0xe8 0x230002 0x0 0x280005 0x0 0x0 0x0 0x0 0x0 0x2d0005 0x0 0x0 0x0 0x0 0x0 0x320005 0x0 0x0 0x0 0x0 0x0 0x350005 0x0 0x0 0x0 0x0 0x0 0x660003 0x1518 0x18 oops 0
ciMethodData java/net/URLStreamHandler parseURL (Ljava/net/URL;Ljava/lang/String;II)V 2 11519 orig 264 104 147 40 108 0 0 0 0 248 103 206 20 0 0 0 0 144 28 0 0 248 14 0 0 0 0 0 0 0 0 0 0 0 0 0 0 0 0 0 0 0 0 0 0 0 0 0 0 0 0 0 0 0 0 0 0 0 0 0 0 0 0 0 0 0 0 0 0 0 0 0 0 0 0 0 0 0 0 0 0 77 68 79 32 101 120 116 114 97 32 100 97 116 97 32 108 111 99 107 0 0 0 0 0 0 0 0 0 0 0 0 0 0 0 0 0 0 0 0 0 0 0 0 0 0 0 0 0 0 0 0 0 0 0 0 0 0 0 0 0 0 0 0 0 1 0 0 0 0 0 0 0 0 0 0 0 0 0 0 0 0 0 0 0 0 0 0 0 0 0 0 0 0 0 0 0 0 0 0 1 0 0 0 0 0 0 0 0 0 0 0 0 0 0 0 0 0 0 0 0 0 0 0 0 0 0 0 0 0 0 0 0 0 0 0 0 255 0 0 0 1 96 1 0 1 0 0 0 242 21 0 0 0 0 0 0 2 0 0 0 3 0 199 0 2 0 0 0 8 27 0 0 255 255 255 255 5 0 1 0 0 0 0 0 data 865 0x10005 0xbc 0x154c3e60 0x2b44 0x0 0x0 0x70005 0xbc 0x154c3e60 0x2b44 0x0 0x0 0xd0005 0xbc 0x154c3e60 0x2b44 0x0 0x0 0x130005 0xbc 0x154c3e60 0x2b44 0x0 0x0 0x190005 0xbc 0x154c3e60 0x2b44 0x0 0x0 0x1f0005 0xbc 0x154c3e60 0x2b44 0x0 0x0 0x250005 0xbc 0x154c3e60 0x2b44 0x0 0x0 0x2b0005 0xbc 0x154c3e60 0x2b44 0x0 0x0 0x390007 0x0 0x148 0x2c00 0x3f0005 0xbc 0x303fdc0 0x2b44 0x0 0x0 0x470007 0x2c00 0x38 0x0 0x4b0003 0x0 0x18 0x540007 0x2c00 0xc0 0x0 0x5b0007 0x0 0xa0 0x0 0x650005 0x0 0x0 0x0 0x0 0x0 0x6e0007 0x0 0x20 0x0 0x790005 0x0 0x0 0x0 0x0 0x0 0x850007 0x154a 0x178 0x16b6 0x8a0005 0x5d 0x303fdc0 0x1659 0x0 0x0 0x8f0007 0x168d 0x128 0x29 0x960005 0x0 0x303fdc0 0x29 0x0 0x0 0x9b0007 0x25 0xd8 0x4 0xa20005 0x0 0x303fdc0 0x4 0x0 0x0 0xa70007 0x4 0x88 0x0 0xae0005 0x0 0x0 0x0 0x0 0x0 0xb30007 0x0 0x38 0x0 0xb70003 0x0 0x18 0xbf0007 0x0 0xa98 0x2c00 0xc70007 0x154a 0xa78 0x16b6 0xcc0005 0x5d 0x303fdc0 0x1659 0x0 0x0 0xd10007 0x168d 0xa28 0x29 0xd80005 0x0 0x303fdc0 0x29 0x0 0x0 0xdd0007 0x25 0x9d8 0x4 0xe70005 0x0 0x303fdc0 0x4 0x0 0x0 0xee0007 0x1 0x40 0x3 0xf50007 0x3 0x90 0x0 0xfc0005 0x0 0x303fdc0 0x1 0x0 0x0 0x1030007 0x1 0x40 0x0 0x10a0007 0x0 0x20 0x0 0x1150005 0x0 0x303fdc0 0x4 0x0 0x0 0x1210005 0x0 0x303fdc0 0x4 0x0 0x0 0x1290007 0x4 0x100 0x0 0x1320005 0x0 0x0 0x0 0x0 0x0 0x1350007 0x0 0x38 0x0 0x13e0003 0x0 0x90 0x1460005 0x0 0x0 0x0 0x0 0x0 0x1510005 0x0 0x0 0x0 0x0 0x0 0x1560003 0x0 0x18 0x15e0007 0x0 0x638 0x4 0x1630005 0x0 0x303fdc0 0x4 0x0 0x0 0x1660007 0x0 0x4c0 0x4 0x16c0005 0x0 0x303fdc0 0x4 0x0 0x0 0x1710007 0x4 0x470 0x0 0x1780005 0x0 0x0 0x0 0x0 0x0 0x17f0007 0x0 0x370 0x0 0x18d0005 0x0 0x0 0x0 0x0 0x0 0x1970005 0x0 0x0 0x0 0x0 0x0 0x19a0002 0x0 0x19d0007 0x0 0xd0 0x0 0x1a80002 0x0 0x1ad0005 0x0 0x0 0x0 0x0 0x0 0x1b20005 0x0 0x0 0x0 0x0 0x0 0x1b50005 0x0 0x0 0x0 0x0 0x0 0x1b80002 0x0 0x1c10005 0x0 0x0 0x0 0x0 0x0 0x1c80007 0x0 0x1c8 0x0 0x1d10005 0x0 0x0 0x0 0x0 0x0 0x1d60007 0x0 0xc8 0x0 0x1de0005 0x0 0x0 0x0 0x0 0x0 0x1e50007 0x0 0x128 0x0 0x1ee0005 0x0 0x0 0x0 0x0 0x0 0x1f10002 0x0 0x1f60003 0x0 0xc8 0x2010002 0x0 0x2060005 0x0 0x0 0x0 0x0 0x0 0x20b0005 0x0 0x0 0x0 0x0 0x0 0x20e0005 0x0 0x0 0x0 0x0 0x0 0x2110002 0x0 0x2150003 0x0 0x1f0 0x2200002 0x0 0x2250005 0x0 0x0 0x0 0x0 0x0 0x22a0005 0x0 0x0 0x0 0x0 0x0 0x22d0005 0x0 0x0 0x0 0x0 0x0 0x2300002 0x0 0x2380005 0x0 0x303fdc0 0x4 0x0 0x0 0x2420007 0x1 0xf8 0x3 0x2470005 0x0 0x303fdc0 0x3 0x0 0x0 0x24e0007 0x0 0x60 0x3 0x2570005 0x0 0x303fdc0 0x3 0x0 0x0 0x25a0002 0x3 0x2640005 0x0 0x303fdc0 0x3 0x0 0x0 0x2690003 0x3 0x18 0x2730007 0x4 0xd0 0x0 0x27e0002 0x0 0x2830005 0x0 0x0 0x0 0x0 0x0 0x2880005 0x0 0x0 0x0 0x0 0x0 0x28b0005 0x0 0x0 0x0 0x0 0x0 0x28e0002 0x0 0x2970007 0x0 0x70 0x4 0x29c0005 0x0 0x303fdc0 0x4 0x0 0x0 0x29f0007 0x0 0x20 0x4 0x2a80007 0x2bdb 0x20 0x25 0x2b2e007 0x2 0x400 0x2bff 0x2b70005 0xbc 0x303fdc0 0x2b43 0x0 0x0 0x2bc0007 0x2bd7 0x68 0x28 0x2c30005 0x0 0x303fdc0 0x28 0x0 0x0 0x2c80003 0x28 0x4c0 0x2cd0007 0x0 0x228 0x2bd7 0x2d20005 0xbc 0x303fdc0 0x2b1b 0x0 0x0 0x2d50007 0x0 0x1d8 0x2bd7 0x2df0005 0xbc 0x303fdc0 0x2b1b 0x0 0x0 0x2eb0007 0x2bd7 0x40 0x0 0x2f00007 0x0 0x20 0x0 0x2fb0002 0x2bd7 0x3050005 0xbc 0x303fdc0 0x2b1b 0x0 0x0 0x3080005 0xbc 0x154c3ae0 0x2b1b 0x0 0x0 0x30d0005 0xbc 0x154c3ae0 0x2b1b 0x0 0x0 0x3140005 0xbc 0x303fdc0 0x2b1b 0x0 0x0 0x3170005 0xbc 0x154c3ae0 0x2b1b 0x0 0x0 0x31a0005 0xbc 0x154c3ae0 0x2b1b 0x0 0x0 0x31f0003 0x2bd7 0x298 0x3240007 0x0 0x38 0x0 0x3290003 0x0 0x18 0x3340002 0x0 0x3390005 0x0 0x0 0x0 0x0 0x0 0x3400005 0x0 0x0 0x0 0x0 0x0 0x3430005 0x0 0x0 0x0 0x0 0x0 0x3460005 0x0 0x0 0x0 0x0 0x0 0x34b0003 0x0 0x178 0x3500007 0x2 0x160 0x0 0x3550007 0x0 0x140 0x0 0x35c0005 0x0 0x0 0x0 0x0 0x0 0x3630007 0x0 0x20 0x0 0x36d0002 0x0 0x3750005 0x0 0x0 0x0 0x0 0x0 0x3780005 0x0 0x0 0x0 0x0 0x0 0x37d0005 0x0 0x0 0x0 0x0 0x0 0x3800005 0x0 0x0 0x0 0x0 0x0 0x3870007 0x2c01 0x20 0x0 0x3900007 0x2a 0x660 0x2bd7 0x3970005 0xbc 0x303fdc0 0x2b1b 0x0 0x0 0x39d0007 0x2bd7 0x138 0x0 0x3a40002 0x0 0x3ac0005 0x0 0x0 0x0 0x0 0x0 0x3af0005 0x0 0x0 0x0 0x0 0x0 0x3b80005 0x0 0x0 0x0 0x0 0x0 0x3bb0005 0x0 0x0 0x0 0x0 0x0 0x3be0005 0x0 0x0 0x0 0x0 0x0 0x3c30003 0x0 0xfffffffffffffeb0 0x3cf0005 0xbc 0x303fdc0 0x2b1b 0x0 0x0 0x3d50007 0x2bd7 0x210 0x0 0x3da0007 0x0 0x1d8 0x0 0x3e50005 0x0 0x0 0x0 0x0 0x0 0x3eb0007 0x0 0x188 0x0 0x3f40005 0x0 0x0 0x0 0x0 0x0 0x3f70007 0x0 0x138 0x0 0x3fe0002 0x0 0x4060005 0x0 0x0 0x0 0x0 0x0 0x4090005 0x0 0x0 0x0 0x0 0x0 0x4120005 0x0 0x0 0x0 0x0 0x0 0x4150005 0x0 0x0 0x0 0x0 0x0 0x4180005 0x0 0x0 0x0 0x0 0x0 0x4200003 0x0 0xfffffffffffffdf0 0x4290003 0x0 0xfffffffffffffdd8 0x4300005 0xbc 0x303fdc0 0x2b1b 0x0 0x0 0x4330007 0x2bd7 0xe8 0x0 0x43a0005 0x0 0x0 0x0 0x0 0x0 0x4470005 0x0 0x0 0x0 0x0 0x0 0x44d0007 0x0 0x68 0x0 0x4570005 0x0 0x0 0x0 0x0 0x0 0x45c0003 0x0 0xffffffffffffff00 0x4630005 0xbc 0x303fdc0 0x2b1b 0x0 0x0 0x4660007 0x2bd7 0xa0 0x0 0x46b0005 0x0 0x0 0x0 0x0 0x0 0x46f0007 0x0 0x50 0x0 0x4750005 0x0 0x0 0x0 0x0 0x0 0x47e0005 0xbc 0x303fdc0 0x2b1b 0x0 0x0 0x4810007 0x168d 0x80 0x154a 0x4890005 0x5f 0x303fdc0 0x14eb 0x0 0x0 0x48e0005 0x5f 0x303fdc0 0x14eb 0x0 0x0 0x4a50005 0x0 0x16e629a0 0x2bfc 0x16e62a50 0x5 oops 44 2 java/net/URL 8 java/net/URL 14 java/net/URL 20 java/net/URL 26 java/net/URL 32 java/net/URL 38 java/net/URL 44 java/net/URL 54 java/lang/String 95 java/lang/String 105 java/lang/String 115 java/lang/String 146 java/lang/String 156 java/lang/String 166 java/lang/String 180 java/lang/String 194 java/lang/String 200 java/lang/String 242 java/lang/String 252 java/lang/String 400 java/lang/String 410 java/lang/String 420 java/lang/String 428 java/lang/String 467 java/lang/String 485 java/lang/String 495 java/lang/String 508 java/lang/String 518 java/lang/String 534 java/lang/String 540 java/lang/StringBuilder 546 java/lang/StringBuilder 552 java/lang/String 558 java/lang/StringBuilder 564 java/lang/StringBuilder 661 java/lang/String 706 java/lang/String 778 java/lang/String 813 java/lang/String 839 java/lang/String 849 java/lang/String 855 java/lang/String 861 sun/net/www/protocol/file/Handler 863 sun/net/www/protocol/http/Handler
ciMethodData java/lang/Integer parseInt (Ljava/lang/String;)I 1 480 orig 264 104 147 40 108 0 0 0 0 24 246 188 20 0 0 0 0 88 1 0 0 0 0 0 0 0 0 0 0 0 0 0 0 0 0 0 0 0 0 0 0 0 0 0 0 0 0 0 0 0 0 0 0 0 0 0 0 0 0 0 0 0 0 0 0 0 0 0 0 0 0 0 0 0 0 0 0 0 0 0 0 77 68 79 32 101 120 116 114 97 32 100 97 116 97 32 108 111 99 107 0 0 0 0 0 0 0 0 0 0 0 0 0 0 0 0 0 0 0 0 0 0 0 0 0 0 0 0 0 0 0 0 0 0 0 0 0 0 0 0 0 0 0 0 0 0 0 0 0 0 0 0 0 0 0 0 0 0 0 0 0 0 0 0 0 0 0 0 0 0 0 0 0 0 0 0 0 0 0 0 0 0 0 0 0 17 0 0 0 0 0 0 0 0 0 0 0 0 0 0 0 0 0 0 0 0 0 0 0 0 0 0 0 0 0 0 0 2 0 0 0 241 14 0 0 1 0 0 0 0 0 0 0 0 0 0 0 2 0 0 0 0 0 3 0 2 0 0 0 16 0 0 0 255 255 255 255 2 0 3 0 0 0 0 0 data 2 0x30002 0x1de oops 0
ciMethodData java/lang/Integer parseInt (Ljava/lang/String;I)I 2 18665 orig 264 104 147 40 108 0 0 0 0 128 245 188 20 0 0 0 0 32 6 0 0 176 2 0 0 0 0 0 0 0 0 0 0 0 0 0 0 0 0 0 0 0 0 0 0 0 0 0 0 0 0 0 0 0 0 0 0 0 0 0 0 0 0 0 0 0 0 0 0 0 0 0 0 0 0 0 0 0 0 0 0 77 68 79 32 101 120 116 114 97 32 100 97 116 97 32 108 111 99 107 0 0 0 0 0 0 0 0 0 0 0 0 0 0 0 0 0 0 0 0 0 0 0 0 0 0 0 0 0 0 0 0 0 0 0 0 0 0 0 0 0 0 0 0 0 1 0 0 0 0 0 0 0 0 0 0 0 0 0 0 0 0 0 0 0 0 0 0 0 0 0 0 0 0 0 0 0 0 0 0 1 0 0 0 0 0 0 0 0 0 0 0 0 0 0 0 0 0 0 0 0 0 0 0 0 0 0 0 0 0 0 0 0 0 0 0 0 34 0 0 0 201 97 0 0 57 70 2 0 214 11 0 0 242 71 0 0 2 0 0 0 1 0 44 0 2 0 0 0 208 4 0 0 255 255 255 255 7 0 1 0 0 0 0 0 data 154 0x10007 0xc39 0x30 0x0 0xa0002 0x0 0x100007 0xc39 0x100 0x0 0x1b0002 0x0 0x200005 0x0 0x0 0x0 0x0 0x0 0x240005 0x0 0x0 0x0 0x0 0x0 0x290005 0x0 0x0 0x0 0x0 0x0 0x2c0005 0x0 0x0 0x0 0x0 0x0 0x2f0002 0x0 0x360007 0xc39 0x100 0x0 0x410002 0x0 0x460005 0x0 0x0 0x0 0x0 0x0 0x4a0005 0x0 0x0 0x0 0x0 0x0 0x4f0005 0x0 0x0 0x0 0x0 0x0 0x520005 0x0 0x0 0x0 0x0 0x0 0x550002 0x0 0x610005 0x1d3 0x303fdc0 0xa66 0x0 0x0 0x6c0007 0x0 0x228 0xc39 0x710005 0x1d3 0x303fdc0 0xa66 0x0 0x0 0x7ae007 0xc34 0xb8 0x6 0x810007 0x0 0x38 0x6 0x8a0003 0x6 0x48 0x910007 0x0 0x30 0x0 0x950002 0x0 0x9c0007 0x6 0x30 0x0 0xa00002 0x0 0xb10007 0xc3a 0x108 0x48c7 0xba0005 0xa30 0x303fdc0 0x3e97 0x0 0x0 0xbe0002 0x48c7 0xc50007 0x48c7 0x30 0x0 0xc90002 0x0 0xd00007 0x48c7 0x30 0x0 0xd40002 0x0 0xe20007 0x48c7 0x30 0x0 0xe60002 0x0 0xef0003 0x48c7 0xffffffffffffff10 0xf20003 0xc3a 0x28 0xf60002 0x0 0xfb0007 0xc34 0x38 0x6 0xff0003 0x6 0x18 oops 3 72 java/lang/String 82 java/lang/String 115 java/lang/String
ciMethod sun/net/util/IPAddressUtil textToNumericFormatV6 (Ljava/lang/String;)[B 17 1 2 0 -1
ciMethod sun/net/util/IPAddressUtil isIPv6LiteralAddress (Ljava/lang/String;)Z 17 1 2 0 0
ciMethodData sun/net/util/IPAddressUtil isIPv6LiteralAddress (Ljava/lang/String;)Z 1 2 orig 264 104 147 40 108 0 0 0 0 160 214 165 26 0 0 0 0 144 1 0 0 0 0 0 0 0 0 0 0 0 0 0 0 0 0 0 0 0 0 0 0 0 0 0 0 0 0 0 0 0 0 0 0 0 0 0 0 0 0 0 0 0 0 0 0 0 0 0 0 0 0 0 0 0 0 0 0 0 0 0 0 77 68 79 32 101 120 116 114 97 32 100 97 116 97 32 108 111 99 107 0 0 0 0 0 0 0 0 0 0 0 0 0 0 0 0 0 0 0 0 0 0 0 0 0 0 0 0 0 0 0 0 0 0 0 0 0 0 0 0 0 0 0 0 0 0 0 0 0 0 0 0 0 0 0 0 0 0 0 0 0 0 0 0 0 0 0 0 0 0 0 0 0 0 0 0 0 0 0 0 0 0 0 0 0 0 0 0 0 0 0 0 0 0 0 0 0 0 0 0 0 0 0 0 0 0 0 0 0 0 0 0 0 0 0 0 0 2 0 0 0 1 0 0 0 1 0 0 0 0 0 0 0 0 0 0 0 2 0 0 0 0 0 0 0 0 0 0 0 72 0 0 0 255 255 255 255 2 0 1 0 0 0 0 0 data 9 0x10002 0x0 0x40007 0x0 0x38 0x0 0x80003 0x0 0x18 oops 0
ciMethodData sun/net/util/IPAddressUtil textToNumericFormatV6 (Ljava/lang/String;)[B 1 2 orig 264 104 147 40 108 0 0 0 0 112 213 165 26 0 0 0 0 80 6 0 0 184 4 0 0 0 0 0 0 0 0 0 0 0 0 0 0 0 0 0 0 0 0 0 0 0 0 0 0 0 0 0 0 0 0 0 0 0 0 0 0 0 0 0 0 0 0 0 0 0 0 0 0 0 0 0 0 0 0 0 0 77 68 79 32 101 120 116 114 97 32 100 97 116 97 32 108 111 99 107 0 0 0 0 0 0 0 0 0 0 0 0 0 0 0 0 0 0 0 0 0 0 0 0 0 0 0 0 0 0 0 0 0 0 0 0 0 0 0 0 0 0 0 0 0 0 0 0 0 0 0 0 0 0 0 0 0 0 0 0 0 0 0 0 0 0 0 0 0 0 0 0 0 0 0 0 0 0 0 0 0 0 0 0 0 0 0 0 0 0 0 0 0 0 0 0 0 0 0 0 0 0 0 0 0 0 0 0 0 0 0 0 0 0 0 0 0 2 0 0 0 1 0 0 0 1 0 0 0 0 0 0 0 0 0 0 0 2 0 0 0 0 0 0 0 0 0 0 0 8 5 0 0 255 255 255 255 5 0 1 0 0 0 0 0 data 161 0x10005 0x0 0x0 0x0 0x0 0x0 0x50007 0x0 0x20 0x0 0xb0005 0x0 0x0 0x0 0x0 0x0 0x1e0005 0x0 0x0 0x0 0x0 0x0 0x290007 0x0 0x20 0x0 0x310007 0x0 0x20 0x0 0x470007 0x0 0x40 0x0 0x540007 0x0 0x20 0x0 0x660007 0x0 0x2d0 0x0 0x750002 0x0 0x7d0007 0x0 0x58 0x0 0x910007 0x0 0x20 0x0 0x980003 0x0 0xffffffffffffff90 0x9e0007 0x0 0xd0 0x0 0xa60007 0x0 0x58 0x0 0xab0007 0x0 0x20 0x0 0xb30003 0x0 0xffffffffffffff18 0xba0007 0x0 0x20 0x0 0xc50007 0x0 0x20 0x0 0xf00003 0x0 0xfffffffffffffec0 0xf60007 0x0 0x178 0x0 0xff0007 0x0 0x158 0x0 0x1070005 0x0 0x0 0x0 0x0 0x0 0x1180005 0x0 0x0 0x0 0x0 0x0 0x11f0007 0x0 0x38 0x0 0x1280003 0x0 0xffffffffffffffb0 0x12e0007 0x0 0x20 0x0 0x1350002 0x0 0x13c0007 0x0 0x20 0x0 0x1470007 0x0 0x38 0x0 0x15a0003 0x0 0xffffffffffffffe0 0x15f0003 0x0 0x18 0x1650007 0x0 0x40 0x0 0x16e0007 0x0 0x20 0x0 0x1960007 0x0 0x78 0x0 0x1a30007 0x0 0x20 0x0 0x1af0007 0x0 0x38 0x0 0x1d20003 0x0 0xffffffffffffffe0 0x1dd0007 0x0 0x20 0x0 0x1e40002 0x0 0x1eb0007 0x0 0x20 0x0 oops 0
instanceKlass org/openqa/selenium/remote/RemoteWebDriver$RemoteWebDriverOptions
instanceKlass org/openqa/selenium/support/ui/FluentWait$$Lambda$557
instanceKlass org/openqa/selenium/support/ui/Sleeper$$Lambda$556
instanceKlass org/openqa/selenium/support/ui/Sleeper
instanceKlass java/time/zone/ZoneOffsetTransition
instanceKlass java/time/zone/Ser
instanceKlass java/time/zone/ZoneRulesProvider$1
instanceKlass java/time/zone/ZoneRulesProvider
instanceKlass org/openqa/selenium/support/ui/FluentWait
instanceKlass org/openqa/selenium/support/ui/Wait
instanceKlass org/openqa/selenium/chromium/AddHasCdp$1
instanceKlass org/openqa/selenium/chromium/AddHasCasting$1
instanceKlass org/openqa/selenium/PersistentCapabilities$$Lambda$555
instanceKlass org/openqa/selenium/ImmutableCapabilities$$Lambda$554
instanceKlass java/util/stream/ReduceOps$5ReducingSink
instanceKlass java/util/stream/Sink$OfInt
instanceKlass org/openqa/selenium/SharedCapabilitiesMethods$$Lambda$553
instanceKlass java/util/function/IntBinaryOperator
instanceKlass java/lang/invoke/LambdaForm$DMH
instanceKlass org/openqa/selenium/SharedCapabilitiesMethods$$Lambda$552
instanceKlass org/openqa/selenium/PersistentCapabilities
instanceKlass java/util/concurrent/ConcurrentLinkedDeque$AbstractItr
instanceKlass org/openqa/selenium/chromium/ChromiumDriver$$Lambda$551
instanceKlass org/openqa/selenium/ImmutableCapabilities
instanceKlass org/openqa/selenium/devtools/noop/NoOpDomains
instanceKlass org/openqa/selenium/chromium/ChromiumDriver$$Lambda$550
instanceKlass org/openqa/selenium/chromium/ChromiumDriver$$Lambda$549
instanceKlass org/openqa/selenium/devtools/noop/NoOpCdpInfo$$Lambda$548
instanceKlass org/openqa/selenium/chromium/ChromiumDriver$$Lambda$547
instanceKlass java/util/Formatter$DateTime
instanceKlass java/text/FieldPosition$Delegate
instanceKlass sun/util/logging/LoggingSupport$2
instanceKlass java/util/logging/Formatter
instanceKlass java/util/logging/LogRecord
instanceKlass org/openqa/selenium/devtools/v85/V85CdpInfo$$Lambda$546
instanceKlass org/openqa/selenium/devtools/v85/V85Domains
instanceKlass org/openqa/selenium/devtools/v112/v112CdpInfo$$Lambda$545
instanceKlass org/openqa/selenium/devtools/v112/v112Domains
instanceKlass org/openqa/selenium/devtools/v111/v111CdpInfo$$Lambda$544
instanceKlass org/openqa/selenium/devtools/v111/v111Domains
instanceKlass org/openqa/selenium/devtools/v110/v110CdpInfo$$Lambda$543
instanceKlass org/openqa/selenium/devtools/idealized/Network
instanceKlass org/openqa/selenium/devtools/idealized/Javascript
instanceKlass org/openqa/selenium/devtools/idealized/Events
instanceKlass org/openqa/selenium/devtools/idealized/log/Log
instanceKlass org/openqa/selenium/devtools/idealized/target/Target
instanceKlass org/openqa/selenium/devtools/DevTools
instanceKlass org/openqa/selenium/devtools/v110/v110Domains
instanceKlass org/openqa/selenium/devtools/idealized/Domains
instanceKlass org/openqa/selenium/devtools/CdpVersionFinder
instanceKlass io/netty/handler/codec/http/websocketx/WebSocketDecoderConfig$Builder
instanceKlass io/netty/handler/codec/http/websocketx/WebSocketDecoderConfig
instanceKlass io/netty/handler/codec/http/websocketx/WebSocketFrameDecoder
instanceKlass java/lang/Deprecated
instanceKlass io/netty/handler/codec/http/websocketx/WebSocketFrameEncoder
instanceKlass io/netty/buffer/DefaultByteBufHolder
instanceKlass org/asynchttpclient/util/MessageDigestUtils$$Lambda$542
instanceKlass org/asynchttpclient/util/MessageDigestUtils$$Lambda$541
instanceKlass org/asynchttpclient/util/MessageDigestUtils
instanceKlass org/asynchttpclient/netty/handler/WebSocketHandler$1
instanceKlass org/openqa/selenium/remote/http/netty/NettyWebSocket$$Lambda$540
instanceKlass org/asynchttpclient/netty/ws/NettyWebSocket
instanceKlass org/asynchttpclient/ws/WebSocketUtils
instanceKlass org/asynchttpclient/util/HttpConstants$Methods
instanceKlass org/asynchttpclient/ws/WebSocket
instanceKlass org/openqa/selenium/remote/http/netty/NettyWebSocket$1
instanceKlass org/asynchttpclient/ws/WebSocketUpgradeHandler$Builder
instanceKlass org/openqa/selenium/remote/http/netty/NettyWebSocket$$Lambda$539
instanceKlass org/openqa/selenium/devtools/Connection$Listener
instanceKlass org/openqa/selenium/devtools/Connection$$Lambda$538
instanceKlass org/openqa/selenium/chromium/ChromiumDriver$$Lambda$537
instanceKlass org/openqa/selenium/devtools/Connection
instanceKlass io/netty/handler/codec/http/FullHttpRequest
instanceKlass org/openqa/selenium/chromium/ChromiumDriver$$Lambda$536
instanceKlass org/openqa/selenium/devtools/CdpEndpointFinder
instanceKlass org/openqa/selenium/chromium/AddHasLaunchApp$1
instanceKlass org/openqa/selenium/chromium/AddHasNetworkConditions$1
instanceKlass org/openqa/selenium/remote/mobile/RemoteNetworkConnection
instanceKlass org/openqa/selenium/chromium/AddHasPermissions$1
instanceKlass org/openqa/selenium/html5/SessionStorage
instanceKlass org/openqa/selenium/html5/LocalStorage
instanceKlass org/openqa/selenium/html5/Storage
instanceKlass org/openqa/selenium/remote/html5/RemoteWebStorage
instanceKlass org/openqa/selenium/remote/html5/RemoteLocationContext
instanceKlass org/openqa/selenium/remote/RemoteWebElement
instanceKlass org/openqa/selenium/interactions/Locatable
instanceKlass com/google/common/collect/Maps$TransformedEntriesMap$$Lambda$535
instanceKlass org/openqa/selenium/MutableCapabilities$$Lambda$534
instanceKlass org/openqa/selenium/remote/Response
instanceKlass org/openqa/selenium/remote/codec/AbstractHttpResponseCodec
instanceKlass org/openqa/selenium/safari/HasPermissions
instanceKlass org/openqa/selenium/safari/AddHasPermissions
instanceKlass org/openqa/selenium/safari/HasDebugger
instanceKlass org/openqa/selenium/safari/AddHasDebugger
instanceKlass org/openqa/selenium/firefox/HasFullPageScreenshot
instanceKlass org/openqa/selenium/firefox/AddHasFullPageScreenshot
instanceKlass org/openqa/selenium/firefox/HasExtensions
instanceKlass org/openqa/selenium/firefox/AddHasExtensions
instanceKlass org/openqa/selenium/firefox/HasContext
instanceKlass org/openqa/selenium/firefox/AddHasContext
instanceKlass org/openqa/selenium/remote/Dialect$$Lambda$533
instanceKlass org/openqa/selenium/remote/Dialect$$Lambda$532
instanceKlass com/google/common/base/NullnessCasts
instanceKlass com/google/common/base/AbstractIterator$1
instanceKlass com/google/common/base/Splitter$5
instanceKlass org/openqa/selenium/remote/codec/AbstractHttpCommandCodec$CommandSpec
instanceKlass com/google/common/base/AbstractIterator
instanceKlass com/google/common/base/Splitter$1
instanceKlass com/google/common/base/Splitter$Strategy
instanceKlass com/google/common/base/Splitter
instanceKlass org/openqa/selenium/remote/codec/AbstractHttpCommandCodec
instanceKlass org/openqa/selenium/remote/ProtocolHandshake$$Lambda$531
instanceKlass org/openqa/selenium/remote/ProtocolHandshake$$Lambda$530
instanceKlass org/openqa/selenium/internal/Either
instanceKlass org/openqa/selenium/Proxy$$Lambda$529
instanceKlass org/openqa/selenium/Proxy$$Lambda$528
instanceKlass org/openqa/selenium/Proxy$$Lambda$527
instanceKlass org/openqa/selenium/Proxy$$Lambda$526
instanceKlass org/openqa/selenium/Proxy$$Lambda$525
instanceKlass org/openqa/selenium/Proxy$$Lambda$524
instanceKlass org/openqa/selenium/Proxy$$Lambda$523
instanceKlass org/openqa/selenium/Proxy$$Lambda$522
instanceKlass org/openqa/selenium/Proxy$$Lambda$521
instanceKlass org/openqa/selenium/Proxy$$Lambda$520
instanceKlass org/openqa/selenium/Proxy$$Lambda$519
instanceKlass org/openqa/selenium/Proxy$$Lambda$518
instanceKlass org/openqa/selenium/remote/SessionId
instanceKlass org/openqa/selenium/remote/ProtocolHandshake$Result$$Lambda$517
instanceKlass org/openqa/selenium/Proxy
instanceKlass org/openqa/selenium/remote/W3CHandshakeResponse$$Lambda$516
instanceKlass org/openqa/selenium/remote/W3CHandshakeResponse$$Lambda$515
instanceKlass org/openqa/selenium/remote/ProtocolHandshake$$Lambda$514
instanceKlass org/openqa/selenium/remote/ProtocolHandshake$$Lambda$513
instanceKlass java/util/stream/Streams$AbstractStreamBuilderImpl
instanceKlass java/util/stream/Stream$Builder
instanceKlass org/openqa/selenium/remote/HandshakeResponse$$Lambda$512
instanceKlass org/openqa/selenium/remote/ProtocolHandshake$Result
instanceKlass org/openqa/selenium/remote/W3CHandshakeResponse
instanceKlass org/openqa/selenium/remote/HandshakeResponse
instanceKlass org/openqa/selenium/remote/InitialHandshakeResponse
instanceKlass java/math/MathContext
instanceKlass org/openqa/selenium/json/NumberCoercer$1
instanceKlass org/openqa/selenium/json/NumberCoercer$$Lambda$511
instanceKlass org/openqa/selenium/json/JsonInput$$Lambda$510
instanceKlass org/openqa/selenium/json/BooleanCoercer$$Lambda$509
instanceKlass com/google/common/io/ByteArrayDataOutput
instanceKlass com/google/common/io/ByteArrayDataInput
instanceKlass com/google/common/io/ByteStreams
instanceKlass com/google/common/base/MoreObjects
instanceKlass com/google/common/collect/NullnessCasts
instanceKlass com/google/common/net/MediaType$Tokenizer
instanceKlass com/google/common/base/Joiner$MapJoiner
instanceKlass com/google/common/base/Joiner
instanceKlass com/google/common/primitives/IntsMethodsForWeb
instanceKlass com/google/common/collect/AbstractMapBasedMultiset$2
instanceKlass com/google/common/collect/Multisets$AbstractEntry
instanceKlass com/google/common/collect/Count
instanceKlass com/google/common/collect/Iterables
instanceKlass com/google/common/collect/Multiset$Entry
instanceKlass com/google/common/collect/SortedMultiset
instanceKlass com/google/common/collect/SortedMultisetBridge
instanceKlass com/google/common/collect/Multisets
instanceKlass com/google/common/base/Optional
instanceKlass com/google/common/collect/TransformedIterator
instanceKlass com/google/common/collect/Maps$13
instanceKlass com/google/common/base/ExtraObjectsMethodsForWeb
instanceKlass com/google/common/collect/Maps$9
instanceKlass com/google/common/net/MediaType$$Lambda$508
instanceKlass java/util/DualPivotQuicksort
instanceKlass com/google/common/base/CharMatcher
instanceKlass com/google/common/collect/ObjectArrays
instanceKlass com/google/common/collect/ImmutableMultimap$Builder
instanceKlass com/google/common/base/Ascii
instanceKlass com/google/common/base/Charsets
instanceKlass com/google/common/net/MediaType
instanceKlass org/openqa/selenium/remote/http/netty/NettyMessages$$Lambda$507
instanceKlass io/netty/handler/codec/HeadersUtils$StringIterator
instanceKlass org/openqa/selenium/remote/http/netty/NettyMessages$$Lambda$506
instanceKlass org/openqa/selenium/remote/http/Contents$MemoizedSupplier
instanceKlass org/openqa/selenium/remote/http/netty/NettyMessages$$Lambda$505
instanceKlass org/asynchttpclient/netty/NettyResponse
instanceKlass org/asynchttpclient/netty/channel/DefaultChannelPool$IdleChannel
instanceKlass org/asynchttpclient/netty/channel/DefaultChannelPool$$Lambda$504
instanceKlass org/asynchttpclient/netty/util/ByteBufUtils$$Lambda$503
instanceKlass org/asynchttpclient/netty/util/ByteBufUtils
instanceKlass io/netty/handler/codec/http/DefaultLastHttpContent$TrailingHttpHeaders$1
instanceKlass io/netty/buffer/PooledSlicedByteBuf$1
instanceKlass org/asynchttpclient/handler/StreamedAsyncHandler
instanceKlass io/netty/handler/codec/compression/Brotli
instanceKlass io/netty/buffer/ByteBufUtil$SWARByteSearch
instanceKlass io/netty/handler/codec/http/HttpObjectDecoder$2
instanceKlass io/netty/handler/codec/CodecOutputList$CodecOutputLists
instanceKlass io/netty/handler/codec/CodecOutputList$1
instanceKlass io/netty/handler/codec/CodecOutputList$CodecOutputListRecycler
instanceKlass io/netty/channel/DefaultMaxMessagesRecvByteBufAllocator$MaxMessageHandle$1
instanceKlass io/netty/util/UncheckedBooleanSupplier
instanceKlass io/netty/util/BooleanSupplier
instanceKlass io/netty/channel/DefaultMaxMessagesRecvByteBufAllocator$MaxMessageHandle
instanceKlass io/netty/channel/RecvByteBufAllocator$ExtendedHandle
instanceKlass io/netty/util/internal/PromiseNotificationUtil
instanceKlass sun/nio/ch/IOVecWrapper$Deallocator
instanceKlass sun/nio/ch/IOVecWrapper
instanceKlass io/netty/buffer/PoolThreadCache$MemoryRegionCache$Entry
instanceKlass io/netty/buffer/PoolThreadCache$1
instanceKlass io/netty/buffer/PooledUnsafeHeapByteBuf$1
instanceKlass io/netty/buffer/PooledHeapByteBuf$1
instanceKlass io/netty/channel/ChannelOutboundBuffer$Entry$1
instanceKlass io/netty/handler/codec/http/HttpHeadersEncoder
instanceKlass io/netty/handler/codec/DefaultHeaders$HeaderIterator
instanceKlass io/netty/handler/codec/DefaultHeaders$ValueIterator
instanceKlass io/netty/handler/codec/http/HttpUtil
instanceKlass io/netty/buffer/LongLongHashMap
instanceKlass io/netty/buffer/LongPriorityQueue
instanceKlass io/netty/buffer/PoolChunk
instanceKlass io/netty/buffer/PoolChunkMetric
instanceKlass io/netty/util/internal/shaded/org/jctools/queues/MessagePassingQueueUtil
instanceKlass io/netty/util/Recycler$LocalPool
instanceKlass io/netty/util/internal/shaded/org/jctools/queues/MessagePassingQueue$Consumer
instanceKlass io/netty/buffer/PooledUnsafeDirectByteBuf$1
instanceKlass io/netty/util/Recycler$EnhancedHandle
instanceKlass io/netty/util/Recycler$Handle
instanceKlass io/netty/util/internal/ObjectPool$Handle
instanceKlass io/netty/util/Recycler
instanceKlass io/netty/util/internal/ObjectPool
instanceKlass io/netty/buffer/PoolThreadCache$MemoryRegionCache$1
instanceKlass io/netty/util/internal/ObjectPool$ObjectCreator
instanceKlass io/netty/buffer/PoolThreadCache$MemoryRegionCache
instanceKlass io/netty/handler/codec/http/HttpResponse
instanceKlass io/netty/handler/codec/http/FullHttpMessage
instanceKlass io/netty/handler/codec/http/LastHttpContent$1
instanceKlass io/netty/handler/stream/ChunkedStream
instanceKlass io/netty/handler/stream/ChunkedInput
instanceKlass org/asynchttpclient/netty/request/WriteListener
instanceKlass io/netty/channel/ChannelProgressiveFutureListener
instanceKlass io/netty/handler/stream/ChunkedWriteHandler$PendingWrite
instanceKlass io/netty/util/ReferenceCountUtil
instanceKlass io/netty/channel/ServerChannel
instanceKlass org/asynchttpclient/netty/channel/NettyConnectListener$$Lambda$502
instanceKlass io/netty/channel/ChannelFutureListener$3
instanceKlass io/netty/channel/ChannelFutureListener$2
instanceKlass io/netty/channel/ChannelFutureListener$1
instanceKlass io/netty/channel/nio/AbstractNioChannel$AbstractNioUnsafe$2
instanceKlass io/netty/channel/nio/AbstractNioChannel$AbstractNioUnsafe$1
instanceKlass io/netty/util/internal/SocketUtils$3
instanceKlass io/netty/bootstrap/Bootstrap$3
instanceKlass io/netty/util/concurrent/GenericProgressiveFutureListener
instanceKlass io/netty/resolver/AddressResolverGroup$1
instanceKlass io/netty/resolver/AbstractAddressResolver
instanceKlass io/netty/util/internal/TypeParameterMatcher
instanceKlass io/netty/buffer/UnsafeByteBufUtil
instanceKlass io/netty/buffer/AbstractByteBufAllocator$1
instanceKlass io/netty/handler/codec/http/HttpObjectDecoder$HeaderParser
instanceKlass io/netty/util/internal/ReferenceCountUpdater
instanceKlass io/netty/buffer/UnpooledByteBufAllocator$UnpooledByteBufAllocatorMetric
instanceKlass io/netty/buffer/Unpooled
instanceKlass io/netty/handler/codec/http/HttpObjectDecoder$1
instanceKlass io/netty/handler/codec/ByteToMessageDecoder$2
instanceKlass io/netty/handler/codec/ByteToMessageDecoder$1
instanceKlass io/netty/handler/codec/http/LastHttpContent
instanceKlass io/netty/handler/codec/http/HttpContent
instanceKlass io/netty/buffer/ByteBufHolder
instanceKlass io/netty/handler/codec/ByteToMessageDecoder$Cumulator
instanceKlass io/netty/channel/CombinedChannelDuplexHandler$DelegatingChannelHandlerContext
instanceKlass io/netty/handler/codec/http/HttpClientUpgradeHandler$SourceCodec
instanceKlass sun/nio/ch/WindowsSelectorImpl$MapEntry
instanceKlass org/asynchttpclient/netty/SimpleChannelFutureListener
instanceKlass java/nio/channels/spi/AbstractSelector$1
instanceKlass io/netty/bootstrap/Bootstrap$1
instanceKlass io/netty/util/internal/ThreadExecutorMap$2
instanceKlass io/netty/util/concurrent/SingleThreadEventExecutor$4
instanceKlass io/netty/util/concurrent/AbstractEventExecutor$LazyRunnable
instanceKlass io/netty/channel/AbstractChannel$AbstractUnsafe$1
instanceKlass java/lang/reflect/Proxy$1
instanceKlass io/netty/channel/ChannelHandler$Sharable
instanceKlass io/netty/channel/RecvByteBufAllocator$Handle
instanceKlass io/netty/channel/DefaultMaxMessagesRecvByteBufAllocator
instanceKlass io/netty/channel/MaxMessagesRecvByteBufAllocator
instanceKlass io/netty/channel/WriteBufferWaterMark
instanceKlass io/netty/channel/DefaultMessageSizeEstimator$HandleImpl
instanceKlass io/netty/channel/DefaultMessageSizeEstimator
instanceKlass io/netty/channel/MessageSizeEstimator
instanceKlass io/netty/channel/RecvByteBufAllocator
instanceKlass io/netty/channel/DefaultChannelConfig
instanceKlass io/netty/channel/nio/AbstractNioByteChannel$1
instanceKlass io/netty/channel/nio/AbstractNioChannel$1
instanceKlass io/netty/channel/ChannelHandlerMask$Skip
instanceKlass io/netty/channel/ChannelHandlerMask$2
instanceKlass io/netty/channel/ChannelHandlerMask
instanceKlass io/netty/channel/AbstractChannelHandlerContext$Tasks
instanceKlass io/netty/channel/VoidChannelPromise$1
instanceKlass io/netty/channel/MessageSizeEstimator$Handle
instanceKlass io/netty/channel/ChannelProgressivePromise
instanceKlass io/netty/channel/ChannelProgressiveFuture
instanceKlass io/netty/channel/DefaultChannelPipeline$PendingHandlerCallback
instanceKlass io/netty/channel/AbstractChannelHandlerContext
instanceKlass io/netty/util/ResourceLeakHint
instanceKlass io/netty/channel/ChannelHandlerContext
instanceKlass io/netty/channel/DefaultChannelPipeline
instanceKlass io/netty/channel/ChannelOutboundBuffer$Entry
instanceKlass java/util/concurrent/atomic/AtomicLongFieldUpdater$CASUpdater$1
instanceKlass java/util/concurrent/atomic/AtomicLongFieldUpdater
instanceKlass io/netty/channel/ChannelOutboundBuffer
instanceKlass io/netty/util/internal/SocketUtils$13
instanceKlass io/netty/util/NetUtil$SoMaxConnAction
instanceKlass io/netty/util/NetUtilInitializations$NetworkIfaceAndInetAddress
instanceKlass java/net/NetworkInterface$1checkedAddresses
instanceKlass io/netty/util/internal/SocketUtils$11
instanceKlass io/netty/util/NetUtilInitializations
instanceKlass io/netty/util/NetUtil
instanceKlass io/netty/util/internal/MacAddressUtil
instanceKlass sun/management/RuntimeImpl
instanceKlass sun/management/VMManagementImpl
instanceKlass sun/management/VMManagement
instanceKlass sun/management/ManagementFactoryHelper$4
instanceKlass sun/management/ManagementFactoryHelper
instanceKlass java/lang/management/ThreadMXBean
instanceKlass javax/management/MBeanServer
instanceKlass javax/management/MBeanServerConnection
instanceKlass java/lang/management/OperatingSystemMXBean
instanceKlass java/lang/management/MemoryMXBean
instanceKlass java/lang/management/CompilationMXBean
instanceKlass java/lang/management/ClassLoadingMXBean
instanceKlass java/lang/management/RuntimeMXBean
instanceKlass java/lang/management/PlatformManagedObject
instanceKlass java/lang/management/ManagementFactory
instanceKlass io/netty/channel/DefaultChannelId
instanceKlass io/netty/channel/ChannelFlushPromiseNotifier$FlushCheckpoint
instanceKlass io/netty/channel/socket/nio/SelectorProviderUtil
instanceKlass io/netty/channel/FileRegion
instanceKlass io/netty/channel/ChannelMetadata
instanceKlass io/netty/channel/socket/SocketChannelConfig
instanceKlass io/netty/channel/socket/DuplexChannelConfig
instanceKlass io/netty/channel/ChannelConfig
instanceKlass io/netty/channel/AbstractChannel$AbstractUnsafe
instanceKlass io/netty/channel/nio/AbstractNioChannel$NioUnsafe
instanceKlass io/netty/channel/ChannelPipeline
instanceKlass io/netty/channel/ChannelInboundInvoker
instanceKlass io/netty/channel/ChannelId
instanceKlass io/netty/channel/Channel$Unsafe
instanceKlass io/netty/channel/socket/SocketChannel
instanceKlass io/netty/channel/socket/DuplexChannel
instanceKlass org/asynchttpclient/netty/request/NettyRequestSender$1$$Lambda$501
instanceKlass java/lang/invoke/LambdaForm$DMH
instanceKlass org/asynchttpclient/netty/channel/NettyChannelConnector
instanceKlass org/asynchttpclient/netty/channel/NettyConnectListener
instanceKlass org/asynchttpclient/netty/SimpleFutureListener
instanceKlass io/netty/util/internal/SocketUtils$9
instanceKlass io/netty/util/internal/SocketUtils
instanceKlass org/asynchttpclient/netty/timeout/TimeoutTimerTask
instanceKlass org/asynchttpclient/netty/channel/Channels
instanceKlass org/asynchttpclient/util/DateUtils
instanceKlass org/asynchttpclient/Realm
instanceKlass org/asynchttpclient/netty/timeout/TimeoutsHolder
instanceKlass org/asynchttpclient/netty/NettyResponseFuture
instanceKlass org/asynchttpclient/util/AuthenticatorUtils
instanceKlass org/asynchttpclient/netty/request/NettyRequest
instanceKlass io/netty/handler/codec/DecoderResult
instanceKlass io/netty/handler/codec/http/DefaultHttpObject
instanceKlass org/asynchttpclient/netty/request/body/NettyDirectBody
instanceKlass org/asynchttpclient/netty/request/body/NettyInputStreamBody
instanceKlass io/netty/handler/codec/http/HttpVersion
instanceKlass io/netty/handler/codec/http/HttpMethod$EnumNameMap$Node
instanceKlass io/netty/handler/codec/http/HttpMethod$EnumNameMap
instanceKlass io/netty/handler/codec/http/HttpMethod
instanceKlass org/asynchttpclient/util/ProxyUtils$1
instanceKlass org/asynchttpclient/util/StringBuilderPool$$Lambda$500
instanceKlass org/asynchttpclient/util/StringBuilderPool
instanceKlass org/asynchttpclient/ws/WebSocketUpgradeHandler
instanceKlass org/asynchttpclient/cookie/ThreadSafeCookieStore$DomainUtils
instanceKlass org/asynchttpclient/Response
instanceKlass org/asynchttpclient/Response$ResponseBuilder
instanceKlass org/asynchttpclient/AsyncCompletionHandler
instanceKlass org/asynchttpclient/handler/ProgressAsyncHandler
instanceKlass org/asynchttpclient/DefaultRequest
instanceKlass org/asynchttpclient/util/Utf8UrlEncoder
instanceKlass io/netty/handler/codec/http/HttpHeaderValues
instanceKlass org/asynchttpclient/util/HttpUtils
instanceKlass io/netty/handler/codec/HeadersUtils
instanceKlass io/netty/handler/codec/http/HttpHeaderNames
instanceKlass com/google/common/base/CommonPattern
instanceKlass com/google/common/base/Platform$JdkPatternCompiler
instanceKlass com/google/common/base/PatternCompiler
instanceKlass com/google/common/base/Platform
instanceKlass com/google/common/base/Strings
instanceKlass io/netty/handler/codec/http/HttpHeaderValidationUtil$BitSet128
instanceKlass io/netty/handler/codec/http/HttpHeaderValidationUtil
instanceKlass com/google/common/collect/AbstractMapBasedMultimap$KeySet$1
instanceKlass io/netty/handler/codec/DefaultHeaders$HeaderEntry
instanceKlass io/netty/handler/codec/http/DefaultHttpHeaders$HeaderValueValidator
instanceKlass io/netty/handler/codec/CharSequenceValueConverter
instanceKlass io/netty/handler/codec/http/DefaultHttpHeaders$1
instanceKlass io/netty/handler/codec/http/EmptyHttpHeaders$InstanceInitializer
instanceKlass io/netty/handler/codec/DefaultHeaders$ValueValidator
instanceKlass io/netty/handler/codec/DefaultHeaders$NameValidator
instanceKlass io/netty/handler/codec/DefaultHeaders
instanceKlass io/netty/handler/codec/Headers
instanceKlass io/netty/handler/codec/ValueConverter
instanceKlass io/netty/resolver/AddressResolver
instanceKlass io/netty/resolver/SimpleNameResolver
instanceKlass org/asynchttpclient/util/Assertions
instanceKlass org/asynchttpclient/uri/UriParser
instanceKlass org/asynchttpclient/request/body/generator/BodyGenerator
instanceKlass org/asynchttpclient/Request
instanceKlass io/netty/resolver/NameResolver
instanceKlass io/netty/handler/codec/http/HttpHeaders
instanceKlass org/asynchttpclient/channel/ChannelPoolPartitioning
instanceKlass org/asynchttpclient/RequestBuilderBase
instanceKlass org/openqa/selenium/remote/http/netty/NettyMessages
instanceKlass com/google/common/collect/CollectSpliterators$1$$Lambda$499
instanceKlass com/google/common/collect/CollectSpliterators$1
instanceKlass com/google/common/collect/AbstractMapBasedMultimap$$Lambda$498
instanceKlass com/google/common/collect/CollectSpliterators$FlatMapSpliterator$$Lambda$497
instanceKlass org/openqa/selenium/remote/http/HttpMessage$$Lambda$496
instanceKlass org/openqa/selenium/remote/http/HttpMessage$$Lambda$495
instanceKlass org/openqa/selenium/remote/http/HttpMessage$$Lambda$494
instanceKlass com/google/common/collect/CollectSpliterators$FlatMapSpliteratorOfObject$$Lambda$493
instanceKlass com/google/common/collect/CollectSpliterators$FlatMapSpliterator$Factory
instanceKlass java/lang/invoke/LambdaForm$DMH
instanceKlass com/google/common/collect/CollectSpliterators$FlatMapSpliterator
instanceKlass com/google/common/collect/CollectSpliterators
instanceKlass com/google/common/collect/AbstractMapBasedMultimap$$Lambda$492
instanceKlass org/openqa/selenium/remote/http/AddSeleniumUserAgent$$Lambda$491
instanceKlass org/openqa/selenium/remote/http/HttpMessage$$Lambda$490
instanceKlass org/openqa/selenium/remote/http/Contents$$Lambda$489
instanceKlass org/openqa/selenium/remote/http/Contents
instanceKlass com/google/common/collect/Platform
instanceKlass com/google/common/collect/Multiset
instanceKlass com/google/common/collect/ListMultimap
instanceKlass org/openqa/selenium/remote/ProtocolHandshake$$Lambda$488
instanceKlass org/openqa/selenium/remote/NewSessionPayload$$Lambda$487
instanceKlass org/openqa/selenium/remote/NewSessionPayload$$Lambda$486
instanceKlass java/util/function/Predicate$$Lambda$485
instanceKlass com/google/common/collect/CollectCollectors$$Lambda$484
instanceKlass com/google/common/collect/CollectCollectors$$Lambda$483
instanceKlass com/google/common/collect/CollectCollectors$$Lambda$482
instanceKlass com/google/common/collect/CollectCollectors$$Lambda$481
instanceKlass com/google/common/collect/CollectCollectors$$Lambda$480
instanceKlass com/google/common/collect/CollectCollectors$$Lambda$479
instanceKlass com/google/common/collect/CollectCollectors$$Lambda$478
instanceKlass com/google/common/collect/RangeGwtSerializationDependencies
instanceKlass com/google/common/base/Predicate
instanceKlass com/google/common/collect/CollectCollectors$$Lambda$477
instanceKlass com/google/common/collect/ImmutableRangeSet$Builder
instanceKlass com/google/common/collect/AbstractRangeSet
instanceKlass com/google/common/collect/RangeSet
instanceKlass com/google/common/collect/CollectCollectors$$Lambda$476
instanceKlass com/google/common/collect/CollectCollectors$$Lambda$475
instanceKlass com/google/common/collect/CollectCollectors$$Lambda$474
instanceKlass com/google/common/collect/CollectCollectors$$Lambda$473
instanceKlass com/google/common/collect/CollectCollectors$$Lambda$472
instanceKlass com/google/common/collect/CollectCollectors$$Lambda$471
instanceKlass com/google/common/collect/CollectCollectors$$Lambda$470
instanceKlass com/google/common/collect/CollectCollectors$$Lambda$469
instanceKlass com/google/common/collect/CollectCollectors
instanceKlass com/google/common/collect/SortedIterable
instanceKlass com/google/common/collect/Ordering
instanceKlass org/openqa/selenium/remote/NewSessionPayload$$Lambda$468
instanceKlass org/openqa/selenium/remote/NewSessionPayload$$Lambda$467
instanceKlass java/util/HashMap$HashMapSpliterator
instanceKlass com/google/common/collect/Sets
instanceKlass org/openqa/selenium/remote/NewSessionPayload$$Lambda$466
instanceKlass org/openqa/selenium/remote/NewSessionPayload$$Lambda$465
instanceKlass org/openqa/selenium/remote/NewSessionPayload$$Lambda$464
instanceKlass org/openqa/selenium/remote/NewSessionPayload$$Lambda$463
instanceKlass org/openqa/selenium/remote/NewSessionPayload$$Lambda$462
instanceKlass org/openqa/selenium/json/ObjectCoercer$1
instanceKlass org/openqa/selenium/json/ObjectCoercer$$Lambda$461
instanceKlass org/openqa/selenium/json/StringCoercer$1
instanceKlass org/openqa/selenium/json/StringCoercer$$Lambda$460
instanceKlass org/openqa/selenium/json/MapCoercer$$Lambda$459
instanceKlass org/openqa/selenium/json/MapCoercer$$Lambda$458
instanceKlass java/util/stream/ReduceOps$8ReducingSink
instanceKlass java/util/stream/Sink$OfLong
instanceKlass java/util/function/LongConsumer
instanceKlass java/util/stream/LongPipeline$$Lambda$457
instanceKlass java/util/function/LongBinaryOperator
instanceKlass java/lang/invoke/LambdaForm$DMH
instanceKlass java/util/stream/ReferencePipeline$$Lambda$456
instanceKlass java/util/function/ToLongFunction
instanceKlass org/openqa/selenium/json/StaticInitializerCoercer$$Lambda$455
instanceKlass org/openqa/selenium/json/StaticInitializerCoercer$$Lambda$454
instanceKlass org/openqa/selenium/json/StaticInitializerCoercer$$Lambda$453
instanceKlass org/openqa/selenium/json/CollectionCoercer$$Lambda$452
instanceKlass org/openqa/selenium/json/JsonInputIterator
instanceKlass org/openqa/selenium/json/JsonTypeCoercer$$Lambda$451
instanceKlass org/openqa/selenium/json/JsonTypeCoercer$$Lambda$450
instanceKlass org/openqa/selenium/json/JsonTypeCoercer$$Lambda$449
instanceKlass org/openqa/selenium/json/CollectionCoercer$$Lambda$448
instanceKlass org/openqa/selenium/json/JsonTypeCoercer$$Lambda$447
instanceKlass org/openqa/selenium/json/Types
instanceKlass org/openqa/selenium/json/JsonTypeCoercer$$Lambda$446
instanceKlass org/openqa/selenium/json/JsonTypeCoercer$$Lambda$445
instanceKlass org/openqa/selenium/json/JsonInput$1
instanceKlass org/openqa/selenium/json/Input
instanceKlass org/openqa/selenium/json/JsonInput
instanceKlass com/google/common/io/CharStreams
instanceKlass com/google/common/io/CharSource
instanceKlass com/google/common/hash/PrimitiveSink
instanceKlass com/google/common/io/ByteSource
instanceKlass org/openqa/selenium/json/JsonOutput$$Lambda$444
instanceKlass org/openqa/selenium/json/JsonOutput$$Lambda$443
instanceKlass java/util/function/UnaryOperator
instanceKlass java/lang/CharSequence$1CharIterator
instanceKlass org/openqa/selenium/json/JsonOutput$$Lambda$442
instanceKlass java/lang/CharSequence$$Lambda$441
instanceKlass org/openqa/selenium/json/JsonOutput$$Lambda$440
instanceKlass org/openqa/selenium/json/JsonOutput$$Lambda$439
instanceKlass org/openqa/selenium/json/JsonOutput$$Lambda$438
instanceKlass com/google/common/collect/AbstractMultimap
instanceKlass com/google/common/collect/SetMultimap
instanceKlass com/google/common/collect/Multimap
instanceKlass java/util/Collections$UnmodifiableMap$UnmodifiableEntrySet$$Lambda$437
instanceKlass org/openqa/selenium/json/JsonOutput$$Lambda$436
instanceKlass java/util/Collections$UnmodifiableMap$UnmodifiableEntrySet$UnmodifiableEntrySetSpliterator
instanceKlass org/openqa/selenium/json/JsonOutput$$Lambda$435
instanceKlass org/openqa/selenium/json/JsonOutput$$Lambda$434
instanceKlass org/openqa/selenium/json/JsonOutput$$Lambda$433
instanceKlass org/openqa/selenium/json/JsonOutput$$Lambda$432
instanceKlass org/openqa/selenium/json/JsonOutput$$Lambda$431
instanceKlass org/openqa/selenium/json/JsonOutput$$Lambda$430
instanceKlass org/openqa/selenium/json/JsonOutput$$Lambda$429
instanceKlass org/openqa/selenium/json/JsonOutput$$Lambda$428
instanceKlass org/openqa/selenium/json/JsonOutput$$Lambda$427
instanceKlass org/openqa/selenium/json/JsonOutput$$Lambda$426
instanceKlass org/openqa/selenium/json/JsonOutput$$Lambda$425
instanceKlass org/openqa/selenium/json/JsonOutput$$Lambda$424
instanceKlass org/openqa/selenium/json/JsonOutput$$Lambda$423
instanceKlass org/openqa/selenium/json/JsonOutput$$Lambda$422
instanceKlass org/openqa/selenium/json/JsonOutput$$Lambda$421
instanceKlass org/openqa/selenium/json/JsonOutput$$Lambda$420
instanceKlass org/openqa/selenium/json/JsonOutput$$Lambda$419
instanceKlass org/openqa/selenium/json/JsonOutput$$Lambda$418
instanceKlass org/openqa/selenium/json/JsonOutput$$Lambda$417
instanceKlass org/openqa/selenium/json/JsonOutput$$Lambda$416
instanceKlass org/openqa/selenium/json/JsonOutput$$Lambda$415
instanceKlass org/openqa/selenium/json/JsonOutput$$Lambda$414
instanceKlass org/openqa/selenium/json/JsonOutput$$Lambda$413
instanceKlass org/openqa/selenium/json/JsonOutput$$Lambda$412
instanceKlass org/openqa/selenium/json/JsonOutput$$Lambda$411
instanceKlass org/openqa/selenium/json/JsonOutput$$Lambda$410
instanceKlass org/openqa/selenium/json/JsonOutput$$Lambda$409
instanceKlass org/openqa/selenium/json/JsonOutput$$Lambda$408
instanceKlass org/openqa/selenium/json/JsonOutput$$Lambda$407
instanceKlass org/openqa/selenium/json/JsonOutput$$Lambda$406
instanceKlass org/openqa/selenium/json/JsonOutput$$Lambda$405
instanceKlass org/openqa/selenium/json/JsonOutput$$Lambda$404
instanceKlass org/openqa/selenium/json/JsonOutput$$Lambda$403
instanceKlass org/openqa/selenium/json/JsonOutput$$Lambda$402
instanceKlass org/openqa/selenium/json/JsonOutput$$Lambda$401
instanceKlass org/openqa/selenium/json/JsonOutput$$Lambda$400
instanceKlass org/openqa/selenium/json/JsonOutput$$Lambda$399
instanceKlass org/openqa/selenium/json/JsonOutput$$Lambda$398
instanceKlass org/openqa/selenium/json/JsonOutput$$Lambda$397
instanceKlass org/openqa/selenium/json/JsonOutput$$Lambda$396
instanceKlass org/openqa/selenium/json/JsonOutput$SafeBiConsumer
instanceKlass org/openqa/selenium/json/JsonOutput$$Lambda$395
instanceKlass org/openqa/selenium/json/JsonOutput$Node
instanceKlass org/openqa/selenium/json/JsonOutput$$Lambda$394
instanceKlass org/openqa/selenium/json/JsonOutput$$Lambda$393
instanceKlass org/openqa/selenium/json/JsonOutput
instanceKlass org/openqa/selenium/json/JsonTypeCoercer$$Lambda$392
instanceKlass org/openqa/selenium/json/JsonTypeCoercer$$Lambda$391
instanceKlass org/openqa/selenium/json/JsonTypeCoercer$$Lambda$390
instanceKlass org/openqa/selenium/json/JsonTypeCoercer$$Lambda$389
instanceKlass org/openqa/selenium/json/JsonTypeCoercer$$Lambda$388
instanceKlass org/openqa/selenium/json/JsonTypeCoercer$$Lambda$387
instanceKlass org/openqa/selenium/json/JsonTypeCoercer$$Lambda$386
instanceKlass org/openqa/selenium/json/JsonTypeCoercer$$Lambda$385
instanceKlass org/openqa/selenium/json/JsonTypeCoercer$$Lambda$384
instanceKlass org/openqa/selenium/json/JsonTypeCoercer$$Lambda$383
instanceKlass org/openqa/selenium/json/JsonTypeCoercer$$Lambda$382
instanceKlass java/lang/invoke/LambdaForm$DMH
instanceKlass org/openqa/selenium/json/JsonTypeCoercer$$Lambda$381
instanceKlass org/openqa/selenium/json/JsonTypeCoercer$$Lambda$380
instanceKlass java/lang/invoke/LambdaForm$DMH
instanceKlass org/openqa/selenium/json/JsonTypeCoercer$$Lambda$379
instanceKlass java/lang/invoke/LambdaForm$DMH
instanceKlass org/openqa/selenium/json/JsonTypeCoercer$$Lambda$378
instanceKlass org/openqa/selenium/json/JsonTypeCoercer$$Lambda$377
instanceKlass org/openqa/selenium/json/TypeCoercer
instanceKlass org/openqa/selenium/json/JsonTypeCoercer
instanceKlass org/openqa/selenium/json/TypeToken
instanceKlass org/openqa/selenium/json/Json
instanceKlass org/openqa/selenium/remote/NewSessionPayload$$Lambda$376
instanceKlass org/openqa/selenium/remote/ResponseCodec
instanceKlass org/openqa/selenium/remote/CommandCodec
instanceKlass org/openqa/selenium/remote/NewSessionPayload
instanceKlass org/openqa/selenium/remote/ProtocolHandshake
instanceKlass org/openqa/selenium/remote/service/DriverService$1
instanceKlass sun/net/www/http/KeepAliveEntry
instanceKlass sun/net/www/http/KeepAliveCache$1
instanceKlass sun/net/www/http/KeepAliveStreamCleaner$2
instanceKlass sun/net/www/http/KeepAliveStreamCleaner$1
instanceKlass sun/net/www/http/Hurryable
instanceKlass sun/net/www/protocol/http/AuthCacheImpl
instanceKlass sun/net/www/protocol/http/AuthCache
instanceKlass sun/net/www/protocol/http/AuthCacheValue
instanceKlass sun/net/DefaultProgressMeteringPolicy
instanceKlass sun/net/ProgressMeteringPolicy
instanceKlass sun/net/ProgressMonitor
instanceKlass sun/net/www/http/HttpCapture$1
instanceKlass sun/net/www/http/HttpCapture
instanceKlass sun/net/www/http/KeepAliveKey
instanceKlass sun/net/NetworkClient$1
instanceKlass sun/net/NetworkClient
instanceKlass sun/net/www/protocol/http/HttpURLConnection$7
instanceKlass java/net/ResponseCache
instanceKlass sun/net/www/protocol/http/HttpURLConnection$3
instanceKlass java/net/CookieHandler
instanceKlass sun/net/www/protocol/http/HttpURLConnection$2
instanceKlass java/util/logging/Logger$1
instanceKlass sun/net/www/protocol/http/HttpURLConnection$$Lambda$375
instanceKlass sun/security/action/GetIntegerAction
instanceKlass java/util/concurrent/FutureTask$WaitNode
instanceKlass java/util/concurrent/FutureTask
instanceKlass org/openqa/selenium/net/UrlChecker$$Lambda$374
instanceKlass java/util/concurrent/SynchronousQueue$TransferStack$SNode
instanceKlass java/util/concurrent/SynchronousQueue$Transferer
instanceKlass java/util/concurrent/ForkJoinPool$ManagedBlocker
instanceKlass org/openqa/selenium/net/UrlChecker$$Lambda$373
instanceKlass org/openqa/selenium/net/UrlChecker
instanceKlass org/openqa/selenium/remote/service/DriverService$$Lambda$372
instanceKlass java/util/concurrent/CompletableFuture$AsynchronousCompletionTask
instanceKlass java/util/concurrent/CompletableFuture$AltResult
instanceKlass java/util/concurrent/CompletableFuture
instanceKlass java/util/concurrent/CompletionStage
instanceKlass org/openqa/selenium/remote/service/DriverService$$Lambda$371
instanceKlass org/apache/commons/exec/StreamPumper
instanceKlass org/apache/commons/exec/environment/DefaultProcessingEnvironment
instanceKlass org/apache/commons/exec/environment/EnvironmentUtils
instanceKlass org/apache/commons/exec/DefaultExecutor$1
instanceKlass org/apache/commons/exec/CommandLine$Argument
instanceKlass org/apache/commons/exec/util/StringUtils
instanceKlass org/apache/commons/exec/CommandLine
instanceKlass org/apache/commons/exec/OS
instanceKlass org/apache/commons/exec/launcher/CommandLauncherImpl
instanceKlass org/apache/commons/exec/launcher/CommandLauncher
instanceKlass org/apache/commons/exec/launcher/CommandLauncherFactory
instanceKlass org/apache/commons/exec/PumpStreamHandler
instanceKlass org/apache/commons/exec/DefaultExecutor
instanceKlass org/apache/commons/exec/DefaultExecuteResultHandler
instanceKlass org/apache/commons/exec/ExecuteResultHandler
instanceKlass org/apache/commons/exec/ExecuteStreamHandler
instanceKlass org/apache/commons/exec/ExecuteWatchdog
instanceKlass org/apache/commons/exec/TimeoutObserver
instanceKlass org/apache/commons/exec/Executor
instanceKlass org/openqa/selenium/os/OsProcess
instanceKlass org/openqa/selenium/os/CommandLine
instanceKlass org/openqa/selenium/remote/Command
instanceKlass org/openqa/selenium/remote/CommandPayload
instanceKlass org/openqa/selenium/remote/DriverCommand
instanceKlass java/util/function/Predicate$$Lambda$370
instanceKlass java/util/regex/Pattern$$Lambda$369
instanceKlass org/openqa/selenium/AcceptedW3CCapabilityKeys$$Lambda$368
instanceKlass org/openqa/selenium/AcceptedW3CCapabilityKeys$$Lambda$367
instanceKlass org/openqa/selenium/AcceptedW3CCapabilityKeys$$Lambda$366
instanceKlass org/openqa/selenium/AcceptedW3CCapabilityKeys$$Lambda$365
instanceKlass org/openqa/selenium/AcceptedW3CCapabilityKeys
instanceKlass org/openqa/selenium/remote/RemoteWebDriver$$Lambda$364
instanceKlass java/util/TreeMap$TreeMapSpliterator
instanceKlass java/util/stream/StreamSpliterators$WrappingSpliterator$$Lambda$363
instanceKlass java/util/stream/Streams$2
instanceKlass java/util/stream/Streams
instanceKlass java/util/stream/StreamSpliterators$AbstractWrappingSpliterator
instanceKlass java/util/stream/AbstractPipeline$$Lambda$362
instanceKlass java/util/stream/Streams$ConcatSpliterator
instanceKlass org/openqa/selenium/chromium/ChromiumOptions$$Lambda$361
instanceKlass org/openqa/selenium/chromium/ChromiumOptions$$Lambda$360
instanceKlass java/lang/invoke/LambdaForm$DMH
instanceKlass org/openqa/selenium/remote/AbstractDriverOptions$$Lambda$359
instanceKlass org/openqa/selenium/remote/RemoteLogs
instanceKlass org/openqa/selenium/remote/RemoteExecuteMethod
instanceKlass org/openqa/selenium/WrapsDriver
instanceKlass org/openqa/selenium/remote/JsonToWebElementConverter
instanceKlass java/util/logging/ErrorManager
instanceKlass org/openqa/selenium/remote/UselessFileDetector
instanceKlass org/openqa/selenium/remote/ErrorCodes$$Lambda$358
instanceKlass com/google/common/math/IntMath$1
instanceKlass com/google/common/math/MathPreconditions
instanceKlass com/google/common/math/IntMath
instanceKlass org/openqa/selenium/remote/ErrorCodes$KnownError
instanceKlass org/openqa/selenium/remote/ErrorCodes
instanceKlass org/openqa/selenium/remote/ErrorHandler
instanceKlass org/openqa/selenium/WebElement
instanceKlass org/openqa/selenium/By$Remotable$Parameters
instanceKlass org/openqa/selenium/internal/Require$ArgumentChecker
instanceKlass org/openqa/selenium/By$Remotable
instanceKlass org/openqa/selenium/By
instanceKlass org/openqa/selenium/remote/ElementLocation
instanceKlass org/openqa/selenium/remote/service/DriverCommandExecutor$$Lambda$357
instanceKlass org/openqa/selenium/remote/http/netty/NettyWebSocket$$Lambda$356
instanceKlass org/openqa/selenium/remote/http/WebSocket$Listener
instanceKlass org/openqa/selenium/remote/http/netty/NettyWebSocket$$Lambda$355
instanceKlass org/asynchttpclient/ws/WebSocketListener
instanceKlass org/openqa/selenium/remote/http/Message
instanceKlass org/openqa/selenium/remote/http/netty/NettyWebSocket
instanceKlass org/openqa/selenium/remote/http/WebSocket
instanceKlass org/openqa/selenium/remote/http/Filter$$Lambda$354
instanceKlass org/openqa/selenium/remote/http/netty/NettyHttpHandler$$Lambda$353
instanceKlass org/openqa/selenium/remote/http/HttpMessage
instanceKlass org/openqa/selenium/remote/http/RemoteCall
instanceKlass org/asynchttpclient/cookie/CookieEvictionTask
instanceKlass io/netty/channel/ChannelOutboundHandler
instanceKlass io/netty/handler/codec/http/cookie/CookieDecoder
instanceKlass org/asynchttpclient/netty/handler/intercept/ResponseFiltersInterceptor
instanceKlass org/asynchttpclient/netty/handler/intercept/ConnectSuccessInterceptor
instanceKlass org/asynchttpclient/util/ThrowableUtil
instanceKlass io/netty/util/AsciiString$2
instanceKlass io/netty/util/AsciiString$1
instanceKlass io/netty/util/internal/MathUtil
instanceKlass io/netty/util/AsciiString$CharEqualityComparator
instanceKlass io/netty/util/HashingStrategy
instanceKlass io/netty/handler/codec/http/HttpResponseStatus
instanceKlass org/asynchttpclient/util/HttpConstants$ResponseStatusCodes
instanceKlass org/asynchttpclient/netty/handler/intercept/Redirect30xInterceptor
instanceKlass org/asynchttpclient/netty/handler/intercept/Continue100Interceptor
instanceKlass org/asynchttpclient/netty/handler/intercept/ProxyUnauthorized407Interceptor
instanceKlass org/asynchttpclient/netty/handler/intercept/Unauthorized401Interceptor
instanceKlass org/asynchttpclient/netty/handler/intercept/Interceptors
instanceKlass org/asynchttpclient/HttpResponseStatus
instanceKlass org/reactivestreams/Publisher
instanceKlass io/netty/handler/codec/http/cookie/ClientCookieEncoder$1
instanceKlass io/netty/handler/codec/http/cookie/Cookie
instanceKlass io/netty/handler/codec/http/cookie/CookieEncoder
instanceKlass io/netty/handler/codec/http/HttpRequest
instanceKlass org/asynchttpclient/netty/request/body/NettyBody
instanceKlass org/asynchttpclient/netty/request/NettyRequestFactory
instanceKlass org/asynchttpclient/netty/channel/NoopConnectionSemaphore
instanceKlass org/asynchttpclient/netty/channel/ConnectionSemaphore
instanceKlass org/asynchttpclient/netty/channel/DefaultConnectionSemaphoreFactory
instanceKlass org/asynchttpclient/netty/channel/ConnectionSemaphoreFactory
instanceKlass org/asynchttpclient/AsyncHttpClientState
instanceKlass org/asynchttpclient/netty/request/NettyRequestSender
instanceKlass io/netty/buffer/ByteBufUtil$2
instanceKlass io/netty/buffer/PooledByteBufAllocatorMetric
instanceKlass io/netty/buffer/PoolChunkList
instanceKlass io/netty/buffer/PoolChunkListMetric
instanceKlass io/netty/buffer/PoolSubpage
instanceKlass io/netty/buffer/PoolSubpageMetric
instanceKlass java/util/concurrent/atomic/Striped64$Cell
instanceKlass io/netty/buffer/PoolThreadCache
instanceKlass io/netty/buffer/SizeClasses
instanceKlass io/netty/buffer/PoolArenaMetric
instanceKlass io/netty/buffer/SizeClassesMetric
instanceKlass io/netty/buffer/PooledByteBufAllocator$1
instanceKlass io/netty/buffer/ByteBufAllocatorMetric
instanceKlass io/netty/buffer/AbstractByteBufAllocator
instanceKlass io/netty/buffer/ByteBufAllocatorMetricProvider
instanceKlass io/netty/util/CharsetUtil
instanceKlass io/netty/buffer/ByteBuf
instanceKlass io/netty/buffer/ByteBufConvertible
instanceKlass io/netty/util/ByteProcessor
instanceKlass io/netty/buffer/ByteBufUtil
instanceKlass io/netty/buffer/ByteBufAllocator
instanceKlass io/netty/bootstrap/AbstractBootstrapConfig
instanceKlass io/netty/resolver/AddressResolverGroup
instanceKlass io/netty/bootstrap/AbstractBootstrap
instanceKlass io/netty/util/concurrent/MultithreadEventExecutorGroup$1
instanceKlass io/netty/util/concurrent/DefaultEventExecutorChooserFactory$PowerOfTwoEventExecutorChooser
instanceKlass io/netty/channel/nio/NioEventLoop$SelectorTuple
instanceKlass io/netty/channel/nio/NioEventLoop$4
instanceKlass io/netty/channel/nio/NioEventLoop$3
instanceKlass sun/nio/ch/OptionKey
instanceKlass sun/nio/ch/SocketOptionRegistry$LazyInitialization
instanceKlass sun/nio/ch/SocketOptionRegistry$RegistryKey
instanceKlass sun/nio/ch/SocketOptionRegistry
instanceKlass jdk/net/SocketFlow
instanceKlass sun/net/ExtendedOptionsImpl$$Lambda$352
instanceKlass sun/net/ExtendedOptionsImpl
instanceKlass sun/nio/ch/ExtendedSocketOption$1
instanceKlass sun/nio/ch/ExtendedSocketOption
instanceKlass sun/nio/ch/SocketChannelImpl$DefaultOptionsHolder
instanceKlass java/net/StandardSocketOptions$StdSocketOption
instanceKlass java/net/SocketOption
instanceKlass java/net/StandardSocketOptions
instanceKlass sun/nio/ch/Net$3
instanceKlass sun/nio/ch/Net$4
instanceKlass sun/nio/ch/Net$1
instanceKlass java/net/ProtocolFamily
instanceKlass sun/nio/ch/Net
instanceKlass sun/nio/ch/SelChImpl
instanceKlass java/nio/channels/NetworkChannel
instanceKlass sun/nio/ch/PipeImpl$Initializer$LoopbackConnector
instanceKlass sun/nio/ch/PipeImpl$Initializer
instanceKlass java/nio/channels/Pipe
instanceKlass sun/nio/ch/NativeObject
instanceKlass sun/nio/ch/PollArrayWrapper
instanceKlass sun/nio/ch/WindowsSelectorImpl$FinishLock
instanceKlass sun/nio/ch/WindowsSelectorImpl$StartLock
instanceKlass sun/nio/ch/WindowsSelectorImpl$SubSelector
instanceKlass java/nio/channels/SelectionKey
instanceKlass sun/nio/ch/Util$3
instanceKlass io/netty/channel/nio/NioEventLoop$1
instanceKlass io/netty/util/internal/ThreadExecutorMap$1
instanceKlass io/netty/channel/DefaultSelectStrategy
instanceKlass io/netty/channel/SelectStrategy
instanceKlass io/netty/util/concurrent/SingleThreadEventExecutor$1
instanceKlass java/nio/channels/Selector
instanceKlass io/netty/util/IntSupplier
instanceKlass io/netty/channel/ChannelPromise
instanceKlass io/netty/channel/ChannelFuture
instanceKlass io/netty/util/concurrent/ThreadProperties
instanceKlass io/netty/util/concurrent/EventExecutorChooserFactory$EventExecutorChooser
instanceKlass io/netty/util/concurrent/DefaultEventExecutorChooserFactory
instanceKlass io/netty/util/concurrent/ThreadPerTaskExecutor
instanceKlass io/netty/util/concurrent/RejectedExecutionHandlers$1
instanceKlass io/netty/util/concurrent/RejectedExecutionHandler
instanceKlass io/netty/util/concurrent/RejectedExecutionHandlers
instanceKlass io/netty/channel/DefaultSelectStrategyFactory
instanceKlass io/netty/channel/SelectStrategyFactory
instanceKlass sun/nio/ch/DefaultSelectorProvider
instanceKlass java/nio/channels/spi/SelectorProvider$1
instanceKlass java/nio/channels/spi/SelectorProvider
instanceKlass io/netty/util/NettyRuntime$AvailableProcessorsHolder
instanceKlass io/netty/util/NettyRuntime
instanceKlass io/netty/channel/EventLoop
instanceKlass io/netty/util/concurrent/EventExecutorChooserFactory
instanceKlass io/netty/util/concurrent/FutureListener
instanceKlass io/netty/util/concurrent/AbstractEventExecutorGroup
instanceKlass io/netty/channel/EventLoopGroup
instanceKlass io/netty/channel/Channel
instanceKlass io/netty/channel/ChannelOutboundInvoker
instanceKlass io/netty/channel/group/VoidChannelGroupFuture
instanceKlass io/netty/channel/group/DefaultChannelGroup$1
instanceKlass io/netty/util/internal/ThreadExecutorMap$3
instanceKlass io/netty/util/internal/ThreadExecutorMap
instanceKlass io/netty/util/concurrent/GlobalEventExecutor$TaskRunner
instanceKlass java/util/concurrent/Executors$RunnableAdapter
instanceKlass java/util/concurrent/Callable
instanceKlass io/netty/util/concurrent/GlobalEventExecutor$1
instanceKlass io/netty/util/concurrent/PromiseTask$SentinelRunnable
instanceKlass io/netty/util/internal/ThrowableUtil
instanceKlass io/netty/util/concurrent/DefaultFutureListeners
instanceKlass io/netty/util/concurrent/DefaultPromise$CauseHolder
instanceKlass io/netty/util/concurrent/AbstractFuture
instanceKlass io/netty/util/internal/PriorityQueueNode
instanceKlass io/netty/util/concurrent/AbstractScheduledEventExecutor$2
instanceKlass io/netty/util/concurrent/AbstractScheduledEventExecutor$1
instanceKlass io/netty/util/internal/PriorityQueue
instanceKlass io/netty/util/concurrent/ScheduledFuture
instanceKlass io/netty/util/concurrent/ProgressivePromise
instanceKlass io/netty/util/concurrent/ProgressiveFuture
instanceKlass java/util/concurrent/RunnableFuture
instanceKlass io/netty/util/concurrent/Promise
instanceKlass java/util/concurrent/ScheduledFuture
instanceKlass java/util/concurrent/Delayed
instanceKlass io/netty/util/concurrent/OrderedEventExecutor
instanceKlass io/netty/channel/group/ChannelGroupFuture
instanceKlass io/netty/channel/ChannelFutureListener
instanceKlass io/netty/util/concurrent/GenericFutureListener
instanceKlass java/util/EventListener
instanceKlass io/netty/util/internal/shaded/org/jctools/queues/LinkedArrayQueueUtil
instanceKlass io/netty/util/HashedWheelTimer$HashedWheelTimeout
instanceKlass org/asynchttpclient/netty/channel/DefaultChannelPool$IdleChannelDetector
instanceKlass io/netty/util/ConstantPool
instanceKlass io/netty/util/AbstractConstant
instanceKlass io/netty/util/Constant
instanceKlass org/asynchttpclient/netty/channel/DefaultChannelPool
instanceKlass io/netty/util/Attribute
instanceKlass io/netty/util/DefaultAttributeMap
instanceKlass io/netty/handler/ssl/JdkDefaultApplicationProtocolNegotiator$1
instanceKlass io/netty/handler/ssl/JdkApplicationProtocolNegotiator$SslEngineWrapperFactory
instanceKlass io/netty/handler/ssl/JdkDefaultApplicationProtocolNegotiator
instanceKlass io/netty/handler/ssl/SslUtils
instanceKlass sun/security/ssl/EngineWriter
instanceKlass javax/net/ssl/SSLEngine
instanceKlass io/netty/handler/ssl/JdkSslContext$Defaults
instanceKlass io/netty/handler/ssl/JdkApplicationProtocolNegotiator
instanceKlass io/netty/handler/ssl/ApplicationProtocolNegotiator
instanceKlass io/netty/handler/ssl/SslContext$1
instanceKlass io/netty/util/ReferenceCounted
instanceKlass io/netty/util/AttributeMap
instanceKlass io/netty/handler/ssl/SslContext
instanceKlass io/netty/handler/ssl/util/InsecureTrustManagerFactory$1
instanceKlass io/netty/util/internal/UnpaddedInternalThreadLocalMap
instanceKlass io/netty/util/concurrent/FastThreadLocal
instanceKlass org/asynchttpclient/util/MiscUtils
instanceKlass io/netty/handler/ssl/IdentityCipherSuiteFilter
instanceKlass io/netty/handler/ssl/SslContextBuilder
instanceKlass io/netty/handler/ssl/CipherSuiteFilter
instanceKlass org/asynchttpclient/netty/ssl/SslEngineFactoryBase
instanceKlass io/netty/channel/ChannelHandlerAdapter
instanceKlass io/netty/channel/ChannelInboundHandler
instanceKlass io/netty/util/concurrent/Future
instanceKlass io/netty/channel/ChannelHandler
instanceKlass org/asynchttpclient/netty/OnLastHttpContentCallback
instanceKlass org/asynchttpclient/netty/channel/TransportFactory
instanceKlass io/netty/channel/ChannelFactory
instanceKlass io/netty/bootstrap/ChannelFactory
instanceKlass io/netty/channel/group/ChannelGroup
instanceKlass io/netty/util/concurrent/EventExecutor
instanceKlass io/netty/util/concurrent/EventExecutorGroup
instanceKlass java/util/concurrent/ScheduledExecutorService
instanceKlass org/asynchttpclient/channel/ChannelPool
instanceKlass org/asynchttpclient/SslEngineFactory
instanceKlass org/asynchttpclient/netty/channel/ChannelManager
instanceKlass java/util/concurrent/locks/LockSupport
instanceKlass io/netty/util/concurrent/FastThreadLocalRunnable
instanceKlass io/netty/util/internal/shaded/org/jctools/util/UnsafeRefArrayAccess
instanceKlass io/netty/util/internal/shaded/org/jctools/util/Pow2
instanceKlass io/netty/util/internal/shaded/org/jctools/util/RangeUtil
instanceKlass io/netty/util/internal/shaded/org/jctools/util/UnsafeAccess
instanceKlass io/netty/util/internal/PlatformDependent$Mpsc$1
instanceKlass io/netty/util/internal/PlatformDependent$Mpsc
instanceKlass io/netty/util/internal/PlatformDependent$4
instanceKlass io/netty/util/internal/CleanerJava6$1
instanceKlass io/netty/util/internal/CleanerJava6
instanceKlass io/netty/util/internal/PlatformDependent$2
instanceKlass io/netty/util/internal/PlatformDependent$1
instanceKlass sun/misc/VMNotification
instanceKlass io/netty/util/internal/PlatformDependent0$6
instanceKlass io/netty/util/internal/PlatformDependent0$5
instanceKlass io/netty/util/internal/PlatformDependent0$4
instanceKlass io/netty/util/internal/PlatformDependent0$3
instanceKlass io/netty/util/internal/PlatformDependent0$2
instanceKlass io/netty/util/internal/ReflectionUtil
instanceKlass io/netty/util/internal/PlatformDependent0$1
instanceKlass io/netty/util/internal/PlatformDependent0
instanceKlass io/netty/util/internal/shaded/org/jctools/queues/SupportsIterator
instanceKlass io/netty/util/internal/shaded/org/jctools/queues/QueueProgressIndicators
instanceKlass io/netty/util/internal/shaded/org/jctools/queues/IndexedQueueSizeUtil$IndexedQueue
instanceKlass io/netty/util/internal/shaded/org/jctools/queues/MessagePassingQueue
instanceKlass io/netty/util/internal/LongCounter
instanceKlass io/netty/util/internal/PlatformDependent$ThreadLocalRandomProvider
instanceKlass io/netty/util/internal/Cleaner
instanceKlass io/netty/util/internal/PlatformDependent
instanceKlass io/netty/util/concurrent/ImmediateExecutor
instanceKlass java/util/concurrent/CountDownLatch
instanceKlass io/netty/util/HashedWheelTimer$HashedWheelBucket
instanceKlass io/netty/util/HashedWheelTimer$Worker
instanceKlass java/util/concurrent/atomic/AtomicIntegerFieldUpdater$AtomicIntegerFieldUpdaterImpl$1
instanceKlass java/util/concurrent/atomic/AtomicIntegerFieldUpdater
instanceKlass io/netty/util/internal/StringUtil
instanceKlass javax/security/cert/Certificate
instanceKlass io/netty/util/AsciiString
instanceKlass io/netty/util/internal/EmptyArrays
instanceKlass io/netty/util/ResourceLeakTracker
instanceKlass io/netty/util/ResourceLeak
instanceKlass io/netty/util/ResourceLeakDetector
instanceKlass io/netty/util/internal/SystemPropertyUtil
instanceKlass io/netty/util/ResourceLeakDetectorFactory
instanceKlass io/netty/util/internal/logging/Slf4JLoggerFactory$NopInstanceHolder
instanceKlass io/netty/util/internal/logging/AbstractInternalLogger
instanceKlass io/netty/util/internal/logging/InternalLogger
instanceKlass io/netty/util/internal/logging/InternalLoggerFactory
instanceKlass io/netty/util/Timeout
instanceKlass io/netty/util/HashedWheelTimer
instanceKlass org/asynchttpclient/util/ProxyUtils$$Lambda$351
instanceKlass org/asynchttpclient/proxy/ProxyServerSelector
instanceKlass org/asynchttpclient/proxy/ProxyServer
instanceKlass org/asynchttpclient/uri/Uri
instanceKlass org/asynchttpclient/util/ProxyUtils
instanceKlass org/asynchttpclient/DefaultAsyncHttpClientConfig
instanceKlass org/asynchttpclient/AsyncHandler
instanceKlass org/asynchttpclient/ListenableFuture
instanceKlass io/netty/util/TimerTask
instanceKlass org/asynchttpclient/DefaultAsyncHttpClient
instanceKlass org/asynchttpclient/AsyncHttpClientConfig
instanceKlass org/asynchttpclient/AsyncHttpClient
instanceKlass org/asynchttpclient/Dsl
instanceKlass io/netty/util/internal/ObjectUtil
instanceKlass io/netty/util/concurrent/DefaultThreadFactory
instanceKlass org/asynchttpclient/HttpResponseBodyPart
instanceKlass org/asynchttpclient/cookie/ThreadSafeCookieStore
instanceKlass io/netty/handler/codec/http/HttpMessage
instanceKlass io/netty/handler/codec/http/HttpObject
instanceKlass io/netty/handler/codec/DecoderResultProvider
instanceKlass org/asynchttpclient/channel/DefaultKeepAliveStrategy
instanceKlass org/asynchttpclient/config/AsyncHttpClientConfigHelper$Config$$Lambda$350
instanceKlass org/asynchttpclient/config/AsyncHttpClientConfigHelper$Config
instanceKlass org/asynchttpclient/config/AsyncHttpClientConfigHelper
instanceKlass org/asynchttpclient/config/AsyncHttpClientConfigDefaults
instanceKlass org/asynchttpclient/cookie/CookieStore
instanceKlass org/asynchttpclient/util/Counted
instanceKlass org/asynchttpclient/channel/KeepAliveStrategy
instanceKlass org/asynchttpclient/DefaultAsyncHttpClientConfig$Builder
instanceKlass io/netty/util/Timer
instanceKlass org/openqa/selenium/remote/http/netty/NettyClient
instanceKlass org/openqa/selenium/logging/LocalLogs
instanceKlass org/openqa/selenium/remote/http/HttpClientName
instanceKlass org/openqa/selenium/remote/http/HttpClient
instanceKlass org/openqa/selenium/remote/http/netty/NettyClient$Factory
instanceKlass java/util/concurrent/ForkJoinPool$1
instanceKlass java/util/concurrent/ForkJoinPool$DefaultForkJoinWorkerThreadFactory
instanceKlass java/util/concurrent/ForkJoinPool$WorkQueue
instanceKlass java/util/concurrent/ForkJoinPool$ForkJoinWorkerThreadFactory
instanceKlass java/util/concurrent/ForkJoinTask
instanceKlass java/util/stream/Collectors$$Lambda$349
instanceKlass java/util/stream/Collectors$$Lambda$348
instanceKlass java/util/stream/Collectors$$Lambda$347
instanceKlass org/openqa/selenium/remote/http/HttpClient$Factory$$Lambda$346
instanceKlass org/openqa/selenium/remote/http/HttpClient$Factory$$Lambda$345
instanceKlass org/openqa/selenium/remote/HttpCommandExecutor$DefaultClientFactoryHolder
instanceKlass org/openqa/selenium/chromium/AddHasLaunchApp
instanceKlass org/openqa/selenium/chromium/AddHasPermissions
instanceKlass org/openqa/selenium/chromium/AddHasNetworkConditions
instanceKlass com/google/common/collect/SortedMapDifference
instanceKlass com/google/common/collect/MapDifference
instanceKlass com/google/common/collect/Maps$EntryTransformer
instanceKlass com/google/common/base/Converter
instanceKlass com/google/common/base/Function
instanceKlass com/google/common/collect/Maps
instanceKlass org/openqa/selenium/chromium/AddHasCdp
instanceKlass com/google/common/collect/PeekingIterator
instanceKlass com/google/common/collect/Iterators
instanceKlass com/google/common/collect/ImmutableSet$SetBuilderImpl
instanceKlass org/openqa/selenium/remote/CommandInfo
instanceKlass org/openqa/selenium/chromium/AddHasCasting
instanceKlass org/openqa/selenium/remote/AdditionalHttpCommands
instanceKlass org/openqa/selenium/remote/AugmenterProvider
instanceKlass org/openqa/selenium/logging/LogEntry
instanceKlass org/openqa/selenium/remote/HttpCommandExecutor
instanceKlass org/openqa/selenium/logging/NeedsLocalLogs
instanceKlass org/openqa/selenium/internal/Require$FileStateChecker
instanceKlass org/openqa/selenium/internal/Require$StateChecker
instanceKlass org/openqa/selenium/os/ExecutableFinder
instanceKlass org/openqa/selenium/remote/service/DriverFinder
instanceKlass org/openqa/selenium/BuildInfo
instanceKlass org/openqa/selenium/remote/http/AddSeleniumUserAgent
instanceKlass org/openqa/selenium/remote/http/RetryRequest$$Lambda$344
instanceKlass org/openqa/selenium/remote/http/RetryRequest$$Lambda$343
instanceKlass org/openqa/selenium/remote/http/RetryRequest$$Lambda$342
instanceKlass dev/failsafe/FailurePolicyBuilder$$Lambda$341
instanceKlass org/openqa/selenium/remote/http/RetryRequest$$Lambda$340
instanceKlass org/openqa/selenium/remote/http/RetryRequest$$Lambda$339
instanceKlass org/openqa/selenium/remote/http/RetryRequest$$Lambda$338
instanceKlass dev/failsafe/FailurePolicyBuilder$$Lambda$337
instanceKlass dev/failsafe/internal/RetryPolicyImpl
instanceKlass dev/failsafe/spi/DelayablePolicy
instanceKlass org/openqa/selenium/remote/http/RetryRequest$$Lambda$336
instanceKlass org/openqa/selenium/remote/http/RetryRequest$$Lambda$335
instanceKlass dev/failsafe/event/EventListener
instanceKlass java/lang/invoke/LambdaForm$DMH
instanceKlass dev/failsafe/event/ExecutionEvent
instanceKlass dev/failsafe/FailurePolicyBuilder$$Lambda$334
instanceKlass dev/failsafe/function/CheckedBiPredicate
instanceKlass org/openqa/selenium/remote/http/RetryRequest$$Lambda$333
instanceKlass dev/failsafe/function/CheckedPredicate
instanceKlass dev/failsafe/RetryPolicy
instanceKlass dev/failsafe/Functions$$Lambda$332
instanceKlass dev/failsafe/function/CheckedFunction
instanceKlass dev/failsafe/ExecutionContext
instanceKlass dev/failsafe/Functions
instanceKlass dev/failsafe/internal/util/Assert
instanceKlass dev/failsafe/PolicyBuilder
instanceKlass dev/failsafe/PolicyListeners
instanceKlass dev/failsafe/internal/FallbackImpl$$Lambda$331
instanceKlass dev/failsafe/spi/PolicyExecutor
instanceKlass dev/failsafe/internal/FallbackImpl
instanceKlass dev/failsafe/spi/FailurePolicy
instanceKlass dev/failsafe/PolicyConfig
instanceKlass dev/failsafe/Fallback
instanceKlass org/openqa/selenium/remote/http/RetryRequest$$Lambda$330
instanceKlass dev/failsafe/function/CheckedSupplier
instanceKlass dev/failsafe/Policy
instanceKlass org/openqa/selenium/remote/http/Routable
instanceKlass org/openqa/selenium/remote/http/HttpHandler
instanceKlass org/openqa/selenium/remote/http/RetryRequest
instanceKlass org/openqa/selenium/remote/http/Filter
instanceKlass org/openqa/selenium/remote/http/ClientConfig
instanceKlass java/util/concurrent/ThreadPoolExecutor$AbortPolicy
instanceKlass java/util/concurrent/RejectedExecutionHandler
instanceKlass java/util/concurrent/AbstractExecutorService
instanceKlass java/util/concurrent/ExecutorService
instanceKlass java/util/concurrent/Executors
instanceKlass org/openqa/selenium/remote/service/DriverService$$Lambda$329
instanceKlass java/util/concurrent/ThreadFactory
instanceKlass java/net/ServerSocket
instanceKlass org/openqa/selenium/net/FixedIANAPortRange
instanceKlass org/openqa/selenium/net/EphemeralPortRangeDetector
instanceKlass org/openqa/selenium/net/PortProber
instanceKlass com/google/common/collect/Hashing
instanceKlass com/google/common/base/Preconditions
instanceKlass com/google/common/collect/ImmutableCollection$Builder
instanceKlass com/google/common/collect/CollectPreconditions
instanceKlass com/google/common/collect/AbstractMapEntry
instanceKlass com/google/common/collect/UnmodifiableIterator
instanceKlass com/google/common/collect/BiMap
instanceKlass com/google/common/collect/ImmutableMap
instanceKlass com/google/common/collect/ImmutableMap$Builder
instanceKlass org/openqa/selenium/remote/service/DriverService$Builder
instanceKlass java/util/concurrent/Executor
instanceKlass org/openqa/selenium/chromium/ChromiumDriver$$Lambda$328
instanceKlass org/openqa/selenium/remote/service/DriverService
instanceKlass org/openqa/selenium/devtools/CdpInfo
instanceKlass org/openqa/selenium/virtualauthenticator/VirtualAuthenticator
instanceKlass org/openqa/selenium/WebDriver$TargetLocator
instanceKlass org/openqa/selenium/WebDriver$Options
instanceKlass org/openqa/selenium/WebDriver$Navigation
instanceKlass org/openqa/selenium/remote/CommandExecutor
instanceKlass org/openqa/selenium/remote/http/HttpClient$Factory
instanceKlass org/openqa/selenium/remote/tracing/Tracer
instanceKlass org/openqa/selenium/logging/Logs
instanceKlass org/openqa/selenium/remote/ExecuteMethod
instanceKlass org/openqa/selenium/remote/FileDetector
instanceKlass org/openqa/selenium/ScriptKey
instanceKlass org/openqa/selenium/remote/RemoteWebDriver
instanceKlass org/openqa/selenium/TakesScreenshot
instanceKlass org/openqa/selenium/PrintsPage
instanceKlass org/openqa/selenium/interactions/Interactive
instanceKlass org/openqa/selenium/virtualauthenticator/HasVirtualAuthenticator
instanceKlass org/openqa/selenium/HasCapabilities
instanceKlass org/openqa/selenium/JavascriptExecutor
instanceKlass org/openqa/selenium/html5/WebStorage
instanceKlass org/openqa/selenium/mobile/NetworkConnection
instanceKlass org/openqa/selenium/html5/LocationContext
instanceKlass org/openqa/selenium/chromium/HasPermissions
instanceKlass org/openqa/selenium/chromium/HasNetworkConditions
instanceKlass org/openqa/selenium/logging/HasLogEvents
instanceKlass org/openqa/selenium/chromium/HasLaunchApp
instanceKlass org/openqa/selenium/devtools/HasDevTools
instanceKlass org/openqa/selenium/chromium/HasCdp
instanceKlass org/openqa/selenium/chromium/HasCasting
instanceKlass org/openqa/selenium/HasAuthentication
instanceKlass org/openqa/selenium/chromium/ChromiumOptions$$Lambda$327
instanceKlass org/openqa/selenium/chromium/ChromiumOptions$$Lambda$326
instanceKlass org/openqa/selenium/SharedCapabilitiesMethods
instanceKlass org/openqa/selenium/internal/Require
instanceKlass org/openqa/selenium/remote/Browser$4
instanceKlass org/openqa/selenium/remote/Browser$3
instanceKlass org/openqa/selenium/remote/Browser$2
instanceKlass org/openqa/selenium/remote/Browser$$Lambda$325
instanceKlass org/openqa/selenium/remote/Browser$$Lambda$324
instanceKlass org/openqa/selenium/remote/Browser$$Lambda$323
instanceKlass org/openqa/selenium/remote/Browser$1
instanceKlass org/openqa/selenium/remote/Browser$$Lambda$322
instanceKlass org/openqa/selenium/remote/Browser
instanceKlass org/openqa/selenium/MutableCapabilities
instanceKlass io/github/bonigarcia/wdm/config/Architecture$$Lambda$321
instanceKlass io/github/bonigarcia/wdm/cache/CacheHandler$$Lambda$320
instanceKlass org/apache/commons/io/FileUtils$$Lambda$319
instanceKlass java/lang/invoke/LambdaForm$MH
instanceKlass org/apache/commons/io/file/PathUtils$$Lambda$318
instanceKlass java/lang/invoke/LambdaForm$DMH
instanceKlass java/nio/file/Files$$Lambda$317
instanceKlass java/nio/file/Files$$Lambda$316
instanceKlass java/nio/file/FileTreeIterator
instanceKlass org/apache/commons/io/file/DeleteOption
instanceKlass org/apache/commons/io/file/PathUtils
instanceKlass org/apache/commons/io/filefilter/AbstractFileFilter
instanceKlass org/apache/commons/io/file/PathVisitor
instanceKlass org/apache/commons/io/function/Uncheck
instanceKlass org/apache/commons/io/FileUtils$$Lambda$315
instanceKlass org/apache/commons/io/function/IOSupplier
instanceKlass org/apache/commons/io/filefilter/IOFileFilter
instanceKlass java/nio/file/PathMatcher
instanceKlass org/apache/commons/io/file/PathFilter
instanceKlass java/io/FilenameFilter
instanceKlass java/io/FileFilter
instanceKlass org/apache/commons/io/FileUtils
instanceKlass java/text/DontCareFieldPosition$1
instanceKlass java/text/Format$FieldDelegate
instanceKlass io/github/bonigarcia/wdm/versions/VersionDetector$$Lambda$314
instanceKlass com/google/gson/internal/UnsafeAllocator
instanceKlass com/google/gson/internal/ConstructorConstructor$13
instanceKlass com/google/gson/internal/bind/ReflectiveTypeAdapterFactory$FieldsData
instanceKlass com/google/gson/internal/ConstructorConstructor$19
instanceKlass io/github/bonigarcia/wdm/online/GoodVersions$Downloads
instanceKlass io/github/bonigarcia/wdm/online/GoodVersions$PlatformUrl
instanceKlass com/google/gson/internal/$Gson$Preconditions
instanceKlass com/google/gson/internal/$Gson$Types$ParameterizedTypeImpl
instanceKlass io/github/bonigarcia/wdm/online/GoodVersions$Versions
instanceKlass com/google/gson/internal/Primitives
instanceKlass com/google/gson/annotations/SerializedName
instanceKlass com/google/gson/internal/ConstructorConstructor$9
instanceKlass com/google/gson/internal/ReflectionAccessFilterHelper
instanceKlass com/google/gson/annotations/JsonAdapter
instanceKlass java/lang/reflect/AnnotatedType
instanceKlass com/google/gson/internal/reflect/ReflectionHelper$RecordHelper
instanceKlass com/google/gson/internal/reflect/ReflectionHelper
instanceKlass com/google/gson/internal/JsonReaderInternalAccess
instanceKlass java/lang/reflect/WildcardType
instanceKlass com/google/gson/internal/$Gson$Types
instanceKlass com/google/gson/reflect/TypeToken
instanceKlass com/google/gson/internal/bind/ReflectiveTypeAdapterFactory$BoundField
instanceKlass com/google/gson/internal/bind/ReflectiveTypeAdapterFactory
instanceKlass com/google/gson/internal/bind/JsonAdapterAnnotationTypeAdapterFactory$DummyTypeAdapterFactory
instanceKlass com/google/gson/internal/bind/JsonAdapterAnnotationTypeAdapterFactory
instanceKlass com/google/gson/internal/bind/MapTypeAdapterFactory
instanceKlass com/google/gson/internal/bind/CollectionTypeAdapterFactory
instanceKlass com/google/gson/internal/bind/ArrayTypeAdapter$1
instanceKlass com/google/gson/internal/bind/DefaultDateTypeAdapter$1
instanceKlass com/google/gson/internal/bind/NumberTypeAdapter$1
instanceKlass com/google/gson/internal/bind/ObjectTypeAdapter$1
instanceKlass com/google/gson/internal/bind/TypeAdapters$29
instanceKlass com/google/gson/internal/bind/TypeAdapters$33
instanceKlass com/google/gson/internal/bind/TypeAdapters$34
instanceKlass java/util/concurrent/atomic/AtomicIntegerArray
instanceKlass com/google/gson/internal/bind/TypeAdapters$32
instanceKlass com/google/gson/internal/bind/TypeAdapters$31
instanceKlass com/google/gson/internal/bind/TypeAdapters
instanceKlass com/google/gson/internal/ObjectConstructor
instanceKlass com/google/gson/internal/ConstructorConstructor
instanceKlass com/google/gson/internal/sql/SqlTimestampTypeAdapter$1
instanceKlass com/google/gson/internal/sql/SqlTimeTypeAdapter$1
instanceKlass com/google/gson/internal/sql/SqlDateTypeAdapter$1
instanceKlass com/google/gson/internal/bind/DefaultDateTypeAdapter$DateType
instanceKlass com/google/gson/internal/sql/SqlTypesSupport
instanceKlass com/google/gson/FormattingStyle
instanceKlass com/google/gson/stream/JsonReader
instanceKlass com/google/gson/stream/JsonWriter
instanceKlass com/google/gson/ToNumberStrategy
instanceKlass com/google/gson/Gson
instanceKlass com/google/gson/JsonElement
instanceKlass com/google/gson/TypeAdapter
instanceKlass com/google/gson/internal/Excluder
instanceKlass com/google/gson/TypeAdapterFactory
instanceKlass com/google/gson/FieldNamingStrategy
instanceKlass com/google/gson/GsonBuilder
instanceKlass java/util/stream/Collectors$$Lambda$313
instanceKlass java/util/stream/Collectors$$Lambda$312
instanceKlass java/util/stream/Collectors$$Lambda$311
instanceKlass java/util/stream/Collectors$$Lambda$310
instanceKlass java/util/Spliterators$IteratorSpliterator
instanceKlass java/io/BufferedReader$1
instanceKlass io/github/bonigarcia/wdm/online/Parser
instanceKlass io/github/bonigarcia/wdm/online/GoodVersions
instanceKlass java/lang/ProcessImpl$2
instanceKlass java/lang/Process
instanceKlass java/lang/ProcessBuilder
instanceKlass io/github/bonigarcia/wdm/versions/Shell
instanceKlass java/util/stream/SortedOps$RefSortingSink$$Lambda$309
instanceKlass java/lang/invoke/LambdaForm$DMH
instanceKlass io/github/bonigarcia/wdm/config/OperatingSystem$$Lambda$308
instanceKlass io/github/bonigarcia/wdm/versions/VersionDetector$$Lambda$307
instanceKlass io/github/bonigarcia/wdm/versions/VersionDetector$$Lambda$306
instanceKlass io/github/bonigarcia/wdm/versions/VersionDetector$$Lambda$305
instanceKlass org/apache/hc/core5/pool/StrictConnPool$2
instanceKlass org/apache/commons/io/Charsets
instanceKlass org/apache/commons/io/IOUtils$$Lambda$304
instanceKlass org/apache/commons/io/IOUtils$$Lambda$303
instanceKlass org/apache/commons/io/IOUtils
instanceKlass org/apache/hc/core5/http/message/BasicHeaderElement
instanceKlass org/apache/hc/core5/http/message/BasicNameValuePair
instanceKlass org/apache/hc/core5/http/io/EofSensorWatcher
instanceKlass org/apache/hc/client5/http/impl/classic/CloseableHttpResponse
instanceKlass org/apache/hc/core5/http/HeaderElement
instanceKlass org/apache/hc/core5/http/message/BasicHeaderValueParser
instanceKlass org/apache/hc/core5/http/message/HeaderValueParser
instanceKlass org/apache/hc/core5/http/message/AbstractHeaderElementIterator
instanceKlass org/apache/hc/core5/http/impl/io/IncomingHttpEntity
instanceKlass org/apache/hc/core5/http/message/StatusLine
instanceKlass org/apache/hc/core5/http/message/RequestLine
instanceKlass java/net/InetAddressContainer
instanceKlass org/apache/hc/client5/http/utils/DateUtils
instanceKlass org/apache/hc/client5/http/impl/cookie/BasicHttpOnlyHandler
instanceKlass org/apache/hc/client5/http/impl/cookie/AbstractCookieAttributeHandler
instanceKlass org/apache/hc/client5/http/impl/cookie/PublicSuffixDomainFilter
instanceKlass org/apache/hc/client5/http/impl/cookie/BasicDomainHandler
instanceKlass org/apache/hc/client5/http/impl/cookie/BasicPathHandler
instanceKlass org/apache/hc/client5/http/cookie/SetCookie
instanceKlass org/apache/hc/client5/http/cookie/Cookie
instanceKlass org/apache/hc/client5/http/impl/cookie/RFC6265CookieSpec
instanceKlass org/apache/hc/client5/http/impl/cookie/RFC6265CookieSpecFactory$2
instanceKlass org/apache/hc/client5/http/cookie/CookieOrigin
instanceKlass org/apache/hc/client5/http/ssl/HttpClientHostnameVerifier
instanceKlass com/sun/crypto/provider/GHASH
instanceKlass com/sun/crypto/provider/GCTR
instanceKlass com/sun/crypto/provider/PKCS5Padding
instanceKlass com/sun/crypto/provider/Padding
instanceKlass com/sun/crypto/provider/FeedbackCipher
instanceKlass com/sun/crypto/provider/CipherCore
instanceKlass com/sun/crypto/provider/AESConstants
instanceKlass com/sun/crypto/provider/SymmetricCipher
instanceKlass javax/crypto/CipherSpi
instanceKlass javax/crypto/spec/GCMParameterSpec
instanceKlass sun/security/ssl/CipherBox$1
instanceKlass javax/crypto/Cipher$Transform
instanceKlass sun/security/internal/spec/TlsPrfParameterSpec
instanceKlass sun/security/internal/spec/TlsKeyMaterialSpec
instanceKlass javax/crypto/spec/IvParameterSpec
instanceKlass sun/security/internal/spec/TlsKeyMaterialParameterSpec
instanceKlass com/sun/crypto/provider/TlsMasterSecretGenerator$TlsMasterSecretKey
instanceKlass sun/security/internal/interfaces/TlsMasterSecret
instanceKlass sun/security/internal/spec/TlsMasterSecretParameterSpec
instanceKlass javax/crypto/spec/SecretKeySpec
instanceKlass javax/crypto/KeyAgreementSpi
instanceKlass java/security/KeyPair
instanceKlass java/security/interfaces/ECPrivateKey
instanceKlass sun/security/ssl/ECDHCrypt
instanceKlass java/security/spec/ECPublicKeySpec
instanceKlass sun/security/ssl/ClientHandshaker$2
instanceKlass sun/security/provider/certpath/PKIX
instanceKlass sun/security/ssl/SSLAlgorithmConstraints$SupportedSignatureAlgorithmConstraints
instanceKlass sun/security/ssl/ExtensionType
instanceKlass sun/security/ssl/RandomCookie
instanceKlass sun/security/ssl/HelloExtensions
instanceKlass sun/security/ssl/HandshakeMessage
instanceKlass sun/security/ssl/HandshakeHash
instanceKlass sun/security/ssl/HelloExtension
instanceKlass org/apache/hc/core5/http/ssl/TlsCiphers
instanceKlass javax/net/ssl/SSLParameters
instanceKlass sun/security/ssl/HandshakeStateManager
instanceKlass javax/crypto/KeyGeneratorSpi
instanceKlass javax/crypto/KeyGenerator
instanceKlass sun/security/ssl/Handshaker
instanceKlass sun/security/ssl/Record
instanceKlass sun/security/ssl/Authenticator
instanceKlass sun/security/ssl/CipherBox
instanceKlass sun/security/mscapi/SunMSCAPI$1
instanceKlass sun/security/smartcardio/SunPCSC$1
instanceKlass org/jcp/xml/dsig/internal/dom/XMLDSigRI$1
instanceKlass com/sun/security/sasl/Provider$1
instanceKlass sun/security/jgss/SunProvider$1
instanceKlass com/sun/crypto/provider/SunJCE$1
instanceKlass sun/security/ssl/SignatureAndHashAlgorithm
instanceKlass sun/security/ssl/SessionId
instanceKlass javax/net/ssl/ExtendedSSLSession
instanceKlass sun/text/normalizer/UnicodeSet
instanceKlass sun/text/normalizer/UnicodeMatcher
instanceKlass sun/text/normalizer/NormalizerImpl$AuxTrieImpl
instanceKlass sun/text/normalizer/NormalizerImpl$NormTrieImpl
instanceKlass sun/text/normalizer/NormalizerImpl$FCDTrieImpl
instanceKlass sun/text/normalizer/NormalizerDataReader
instanceKlass sun/text/normalizer/ICUData
instanceKlass sun/text/normalizer/NormalizerImpl
instanceKlass sun/text/normalizer/VersionInfo
instanceKlass sun/text/normalizer/CharTrie$FriendAgent
instanceKlass sun/text/normalizer/Trie
instanceKlass sun/net/idn/StringPrep$StringPrepTrieImpl
instanceKlass sun/text/normalizer/Trie$DataManipulate
instanceKlass sun/text/normalizer/ICUBinary
instanceKlass sun/net/idn/StringPrepDataReader
instanceKlass sun/text/normalizer/ICUBinary$Authenticate
instanceKlass sun/net/idn/StringPrep
instanceKlass java/net/IDN
instanceKlass javax/net/ssl/SNIServerName
instanceKlass sun/net/util/IPAddressUtil
instanceKlass sun/security/ssl/Utilities
instanceKlass org/apache/hc/client5/http/ssl/SSLConnectionSocketFactory$$Lambda$302
instanceKlass java/net/InetAddress$CacheEntry
instanceKlass sun/net/InetAddressCachePolicy$2
instanceKlass sun/net/InetAddressCachePolicy$1
instanceKlass sun/net/InetAddressCachePolicy
instanceKlass org/apache/hc/client5/http/config/TlsConfig$Builder
instanceKlass org/apache/hc/client5/http/config/TlsConfig
instanceKlass org/apache/hc/core5/http/io/SocketConfig$Builder
instanceKlass org/apache/hc/core5/http/io/SocketConfig
instanceKlass org/apache/hc/client5/http/RouteTracker
instanceKlass org/apache/hc/core5/http/impl/io/AbstractMessageParser
instanceKlass org/apache/hc/core5/http/impl/io/AbstractMessageWriter
instanceKlass org/apache/hc/core5/http/impl/BasicHttpConnectionMetrics
instanceKlass org/apache/hc/core5/http/impl/io/SessionOutputBufferImpl
instanceKlass org/apache/hc/core5/util/ByteArrayBuffer
instanceKlass org/apache/hc/core5/http/impl/io/SessionInputBufferImpl
instanceKlass org/apache/hc/core5/http/impl/BasicHttpTransportMetrics
instanceKlass org/apache/hc/core5/http/impl/io/SocketHolder
instanceKlass org/apache/hc/core5/http/io/SessionInputBuffer
instanceKlass org/apache/hc/core5/http/io/SessionOutputBuffer
instanceKlass org/apache/hc/core5/http/EndpointDetails
instanceKlass org/apache/hc/core5/http/HttpConnectionMetrics
instanceKlass org/apache/hc/core5/http/io/HttpTransportMetrics
instanceKlass org/apache/hc/core5/http/impl/io/BHttpConnectionBase
instanceKlass org/apache/hc/core5/util/Identifiable
instanceKlass org/apache/hc/client5/http/io/ConnectionEndpoint
instanceKlass org/apache/hc/client5/http/impl/io/PoolingHttpClientConnectionManager$3
instanceKlass org/apache/hc/core5/pool/PoolEntry
instanceKlass org/apache/hc/core5/pool/StrictConnPool$PerRoutePool
instanceKlass org/apache/hc/core5/pool/StrictConnPool$LeaseRequest
instanceKlass org/apache/hc/core5/util/Deadline
instanceKlass org/apache/hc/core5/util/Asserts
instanceKlass org/apache/hc/client5/http/impl/auth/HttpAuthenticator$1
instanceKlass org/apache/hc/client5/http/impl/classic/RequestEntityProxy
instanceKlass org/apache/hc/client5/http/auth/AuthExchange
instanceKlass org/apache/hc/core5/util/LangUtils
instanceKlass org/apache/hc/core5/net/PercentCodec
instanceKlass org/apache/hc/core5/net/URIBuilder
instanceKlass org/apache/hc/client5/http/impl/RequestSupport
instanceKlass org/apache/hc/client5/http/protocol/RedirectLocations
instanceKlass org/apache/hc/client5/http/impl/classic/ExecChainElement$$Lambda$301
instanceKlass org/apache/hc/client5/http/classic/ExecChain
instanceKlass java/lang/invoke/LambdaForm$DMH
instanceKlass org/apache/hc/core5/http/message/BasicListHeaderIterator
instanceKlass org/apache/hc/core5/http/support/AbstractMessageBuilder
instanceKlass org/apache/hc/client5/http/classic/ExecChain$Scope
instanceKlass org/apache/hc/client5/http/impl/classic/InternalExecRuntime
instanceKlass org/apache/hc/client5/http/impl/ExecSupport
instanceKlass org/apache/hc/client5/http/impl/routing/SystemDefaultRoutePlanner$1
instanceKlass org/apache/hc/core5/net/InetAddressUtils
instanceKlass org/apache/hc/core5/http/HttpHost
instanceKlass org/apache/hc/client5/http/routing/RoutingSupport
instanceKlass org/apache/hc/core5/http/protocol/BasicHttpContext
instanceKlass org/apache/hc/core5/http/protocol/HttpCoreContext
instanceKlass org/apache/hc/core5/http/message/BasicHeader
instanceKlass org/apache/hc/core5/net/Ports
instanceKlass org/apache/hc/core5/net/Host
instanceKlass org/apache/hc/core5/net/URIAuthority
instanceKlass org/apache/hc/core5/http/message/HeaderGroup
instanceKlass org/apache/hc/core5/concurrent/CancellableDependency
instanceKlass org/apache/hc/client5/http/classic/methods/HttpUriRequest
instanceKlass io/github/bonigarcia/wdm/config/DriverManagerType$1
instanceKlass io/github/bonigarcia/wdm/WebDriverManager$$Lambda$300
instanceKlass java/util/Collections$3
instanceKlass sun/util/locale/InternalLocaleBuilder$CaseInsensitiveChar
instanceKlass sun/util/locale/InternalLocaleBuilder
instanceKlass sun/util/locale/StringTokenIterator
instanceKlass sun/util/locale/ParseStatus
instanceKlass sun/util/locale/provider/TimeZoneNameUtility$TimeZoneNameGetter
instanceKlass java/util/Collections$UnmodifiableList$1
instanceKlass sun/util/locale/provider/TimeZoneNameUtility
instanceKlass java/text/CalendarBuilder
instanceKlass java/text/ParsePosition
instanceKlass io/github/bonigarcia/wdm/WebDriverManager$$Lambda$299
instanceKlass io/github/bonigarcia/wdm/cache/ResolutionCache
instanceKlass io/github/bonigarcia/wdm/WebDriverManager$$Lambda$298
instanceKlass io/github/bonigarcia/wdm/WebDriverManager$$Lambda$297
instanceKlass io/github/bonigarcia/wdm/online/Downloader
instanceKlass org/apache/hc/client5/http/config/RequestConfig$Builder
instanceKlass org/apache/hc/client5/http/config/RequestConfig
instanceKlass org/apache/hc/client5/http/classic/ExecRuntime
instanceKlass org/apache/hc/client5/http/impl/auth/BasicCredentialsProvider
instanceKlass org/apache/hc/client5/http/impl/auth/SystemDefaultCredentialsProvider
instanceKlass org/apache/hc/client5/http/auth/CredentialsStore
instanceKlass java/util/concurrent/locks/ReentrantReadWriteLock$WriteLock
instanceKlass java/util/concurrent/locks/ReentrantReadWriteLock$ReadLock
instanceKlass java/util/concurrent/locks/ReentrantReadWriteLock
instanceKlass org/apache/hc/client5/http/cookie/CookieIdentityComparator
instanceKlass java/util/concurrent/locks/ReadWriteLock
instanceKlass org/apache/hc/client5/http/cookie/BasicCookieStore
instanceKlass org/apache/hc/client5/http/impl/cookie/IgnoreCookieSpecFactory
instanceKlass org/apache/hc/client5/http/cookie/CookieSpec
instanceKlass org/apache/hc/client5/http/cookie/CommonCookieAttributeHandler
instanceKlass org/apache/hc/client5/http/cookie/CookieAttributeHandler
instanceKlass org/apache/hc/client5/http/impl/cookie/RFC6265CookieSpecFactory
instanceKlass org/apache/hc/client5/http/cookie/CookieSpecFactory
instanceKlass org/apache/hc/client5/http/psl/PublicSuffixMatcher
instanceKlass org/apache/hc/client5/http/psl/PublicSuffixList
instanceKlass org/apache/hc/client5/http/psl/PublicSuffixListParser
instanceKlass org/apache/hc/client5/http/psl/PublicSuffixMatcherLoader
instanceKlass org/apache/hc/client5/http/impl/CookieSpecSupport
instanceKlass org/apache/hc/client5/http/impl/auth/KerberosSchemeFactory
instanceKlass org/apache/hc/client5/http/auth/KerberosConfig$Builder
instanceKlass org/apache/hc/client5/http/auth/KerberosConfig
instanceKlass org/apache/hc/client5/http/impl/auth/SPNegoSchemeFactory
instanceKlass org/apache/hc/client5/http/impl/auth/NTLMSchemeFactory
instanceKlass org/apache/hc/client5/http/impl/auth/DigestSchemeFactory
instanceKlass org/apache/hc/client5/http/auth/AuthScheme
instanceKlass org/apache/hc/client5/http/impl/auth/BasicSchemeFactory
instanceKlass org/apache/hc/client5/http/auth/AuthSchemeFactory
instanceKlass org/apache/hc/client5/http/impl/classic/ExecChainElement
instanceKlass org/apache/hc/client5/http/impl/classic/RedirectExec
instanceKlass org/apache/hc/client5/http/impl/DefaultRedirectStrategy
instanceKlass org/apache/hc/core5/http/message/BufferedHeader
instanceKlass org/apache/hc/core5/http/FormattedHeader
instanceKlass org/apache/hc/core5/util/CharArrayBuffer
instanceKlass org/apache/hc/core5/http/message/MessageSupport
instanceKlass org/apache/hc/core5/http/io/entity/HttpEntityWrapper
instanceKlass org/apache/hc/core5/http/HttpEntity
instanceKlass org/apache/hc/client5/http/impl/classic/ContentCompressionExec
instanceKlass org/apache/hc/client5/http/impl/routing/DefaultRoutePlanner
instanceKlass org/apache/hc/client5/http/impl/classic/HttpRequestRetryExec
instanceKlass org/apache/hc/client5/http/impl/DefaultHttpRequestRetryStrategy
instanceKlass org/apache/hc/client5/http/impl/classic/ProtocolExec
instanceKlass org/apache/hc/client5/http/impl/routing/BasicRouteDirector
instanceKlass org/apache/hc/client5/http/auth/AuthCache
instanceKlass org/apache/hc/client5/http/impl/auth/AuthCacheKeeper
instanceKlass org/apache/hc/client5/http/impl/auth/AuthChallengeParser
instanceKlass org/apache/hc/client5/http/impl/auth/HttpAuthenticator
instanceKlass org/apache/hc/client5/http/routing/HttpRouteDirector
instanceKlass org/apache/hc/client5/http/impl/classic/ConnectExec
instanceKlass org/apache/hc/client5/http/impl/classic/MainClientExec
instanceKlass org/apache/hc/client5/http/classic/ExecChainHandler
instanceKlass org/apache/hc/core5/http/config/NamedElementChain$Node
instanceKlass org/apache/hc/core5/http/config/NamedElementChain
instanceKlass org/apache/hc/core5/http/protocol/DefaultHttpProcessor
instanceKlass org/apache/hc/client5/http/protocol/ResponseProcessCookies
instanceKlass org/apache/hc/client5/http/protocol/RequestAddCookies
instanceKlass org/apache/hc/core5/http/protocol/ChainBuilder
instanceKlass org/apache/hc/client5/http/protocol/RequestExpectContinue
instanceKlass org/apache/hc/core5/http/protocol/RequestUserAgent
instanceKlass org/apache/hc/client5/http/protocol/RequestClientConnControl
instanceKlass org/apache/hc/core5/http/protocol/RequestTargetHost
instanceKlass org/apache/hc/core5/http/protocol/RequestContent
instanceKlass org/apache/hc/client5/http/protocol/RequestDefaultHeaders
instanceKlass org/apache/hc/core5/http/protocol/HttpProcessorBuilder
instanceKlass org/apache/hc/core5/util/VersionInfo
instanceKlass org/apache/hc/client5/http/impl/DefaultUserTokenHandler
instanceKlass org/apache/hc/client5/http/impl/DefaultAuthenticationStrategy
instanceKlass org/apache/hc/client5/http/impl/DefaultConnectionKeepAliveStrategy
instanceKlass org/apache/hc/core5/http/impl/DefaultConnectionReuseStrategy
instanceKlass org/apache/hc/core5/http/EntityDetails
instanceKlass org/apache/hc/core5/http/impl/io/HttpRequestExecutor
instanceKlass org/apache/hc/client5/http/entity/DeflateInputStreamFactory
instanceKlass org/apache/hc/client5/http/entity/GZIPInputStreamFactory
instanceKlass io/github/bonigarcia/wdm/online/HttpClient$2
instanceKlass org/apache/hc/client5/http/entity/InputStreamFactory
instanceKlass org/apache/hc/client5/http/impl/io/PoolingHttpClientConnectionManager$$Lambda$296
instanceKlass org/apache/hc/core5/function/Resolver
instanceKlass org/apache/hc/client5/http/HttpRoute
instanceKlass org/apache/hc/client5/http/RouteInfo
instanceKlass org/apache/hc/client5/http/config/ConnectionConfig$Builder
instanceKlass org/apache/hc/client5/http/config/ConnectionConfig
instanceKlass org/apache/hc/core5/http/impl/io/NoResponseOutOfOrderStrategy
instanceKlass org/apache/hc/core5/http/impl/DefaultContentLengthStrategy
instanceKlass org/apache/hc/core5/http/impl/EnglishReasonPhraseCatalog
instanceKlass org/apache/hc/core5/http/ClassicHttpResponse
instanceKlass org/apache/hc/core5/http/HttpResponse
instanceKlass org/apache/hc/core5/http/ReasonPhraseCatalog
instanceKlass org/apache/hc/core5/http/impl/io/DefaultClassicHttpResponseFactory
instanceKlass org/apache/hc/core5/util/Tokenizer
instanceKlass org/apache/hc/core5/http/Header
instanceKlass org/apache/hc/core5/http/NameValuePair
instanceKlass org/apache/hc/core5/util/Tokenizer$Cursor
instanceKlass org/apache/hc/core5/http/ProtocolVersion
instanceKlass org/apache/hc/core5/http/message/BasicLineParser
instanceKlass org/apache/hc/core5/http/io/HttpMessageParser
instanceKlass org/apache/hc/core5/http/HttpResponseFactory
instanceKlass org/apache/hc/core5/http/message/LineParser
instanceKlass org/apache/hc/client5/http/impl/io/DefaultHttpResponseParserFactory
instanceKlass org/apache/hc/core5/http/message/BasicLineFormatter
instanceKlass org/apache/hc/core5/http/io/HttpMessageWriter
instanceKlass org/apache/hc/core5/http/message/LineFormatter
instanceKlass org/apache/hc/core5/http/impl/io/DefaultHttpRequestWriterFactory
instanceKlass org/apache/hc/core5/http/config/CharCodingConfig$Builder
instanceKlass org/apache/hc/core5/http/config/CharCodingConfig
instanceKlass org/apache/hc/core5/http/config/Http1Config$Builder
instanceKlass org/apache/hc/core5/http/config/Http1Config
instanceKlass org/apache/hc/client5/http/io/ManagedHttpClientConnection
instanceKlass org/apache/hc/core5/http/io/HttpClientConnection
instanceKlass org/apache/hc/core5/http/io/BHttpConnection
instanceKlass org/apache/hc/core5/http/HttpConnection
instanceKlass org/apache/hc/core5/http/SocketModalCloseable
instanceKlass org/apache/hc/core5/http/io/ResponseOutOfOrderStrategy
instanceKlass org/apache/hc/core5/http/ContentLengthStrategy
instanceKlass org/apache/hc/core5/http/io/HttpMessageParserFactory
instanceKlass org/apache/hc/core5/http/io/HttpMessageWriterFactory
instanceKlass org/apache/hc/client5/http/impl/io/ManagedHttpClientConnectionFactory
instanceKlass org/apache/hc/core5/concurrent/BasicFuture
instanceKlass java/util/concurrent/Future
instanceKlass org/apache/hc/core5/pool/StrictConnPool
instanceKlass org/apache/hc/client5/http/impl/io/PoolingHttpClientConnectionManager$4
instanceKlass org/apache/hc/client5/http/SystemDefaultDnsResolver
instanceKlass org/apache/hc/client5/http/impl/DefaultSchemePortResolver
instanceKlass org/apache/hc/core5/net/NamedEndpoint
instanceKlass org/apache/hc/client5/http/DnsResolver
instanceKlass org/apache/hc/client5/http/impl/io/DefaultHttpClientConnectionOperator
instanceKlass org/apache/hc/client5/http/impl/PrefixedIncrementingId
instanceKlass org/apache/hc/client5/http/io/LeaseRequest
instanceKlass org/apache/hc/core5/concurrent/Cancellable
instanceKlass org/apache/hc/core5/http/io/HttpConnectionFactory
instanceKlass org/apache/hc/core5/pool/ManagedConnPool
instanceKlass org/apache/hc/core5/pool/ConnPool
instanceKlass org/apache/hc/client5/http/io/HttpClientConnectionOperator
instanceKlass org/apache/hc/client5/http/impl/io/PoolingHttpClientConnectionManager
instanceKlass org/apache/hc/core5/pool/ConnPoolControl
instanceKlass org/apache/hc/core5/pool/ConnPoolStats
instanceKlass org/apache/hc/core5/http/config/Registry
instanceKlass org/apache/hc/client5/http/socket/PlainConnectionSocketFactory
instanceKlass org/apache/hc/core5/util/TextUtils
instanceKlass org/apache/hc/core5/http/config/RegistryBuilder
instanceKlass org/apache/hc/client5/http/ssl/TlsSessionValidator
instanceKlass javax/net/SocketFactory
instanceKlass org/apache/hc/core5/util/Args
instanceKlass org/apache/hc/core5/util/TimeValue
instanceKlass org/apache/hc/client5/http/ssl/SSLConnectionSocketFactory
instanceKlass org/apache/hc/client5/http/socket/LayeredConnectionSocketFactory
instanceKlass org/apache/hc/client5/http/socket/ConnectionSocketFactory
instanceKlass javax/net/ssl/X509ExtendedKeyManager
instanceKlass javax/net/ssl/X509KeyManager
instanceKlass sun/security/ssl/SSLSessionContextImpl$1
instanceKlass sun/security/ssl/SSLSessionContextImpl
instanceKlass javax/net/ssl/SSLSessionContext
instanceKlass sun/security/ssl/EphemeralKeyManager$EphemeralKeyPair
instanceKlass sun/security/ssl/EphemeralKeyManager
instanceKlass sun/security/ssl/SSLContextImpl$CustomizedSSLProtocols
instanceKlass sun/security/ssl/CipherSuiteList
instanceKlass java/security/spec/ECGenParameterSpec
instanceKlass sun/security/util/ECKeySizeParameterSpec
instanceKlass sun/security/util/SecurityProviderConstants
instanceKlass java/security/KeyPairGeneratorSpi
instanceKlass sun/security/util/AnchorCertificates$1
instanceKlass sun/security/util/AnchorCertificates
instanceKlass java/security/cert/TrustAnchor
instanceKlass sun/security/x509/X509CertImpl$$Lambda$295
instanceKlass sun/security/util/UntrustedCertificates$1
instanceKlass sun/security/util/UntrustedCertificates
instanceKlass java/security/cert/PKIXCertPathChecker
instanceKlass java/security/cert/CertPathChecker
instanceKlass javax/crypto/JarVerifier$JarHolder
instanceKlass javax/crypto/JarVerifier$2
instanceKlass javax/crypto/JceSecurity$2
instanceKlass javax/crypto/KeyAgreement
instanceKlass sun/security/ssl/JsseJce$EcAvailability
instanceKlass sun/security/ssl/SSLAlgorithmDecomposer$1
instanceKlass sun/security/ssl/CipherSuite$MacAlg
instanceKlass javax/crypto/JceSecurityManager$1
instanceKlass java/security/spec/DSAParameterSpec
instanceKlass java/security/interfaces/DSAParams
instanceKlass java/security/interfaces/DSAPrivateKey
instanceKlass sun/security/validator/EndEntityChecker
instanceKlass sun/security/validator/Validator
instanceKlass sun/security/util/Pem
instanceKlass javax/crypto/JarVerifier$1
instanceKlass javax/crypto/JarVerifier
instanceKlass java/util/Vector$1
instanceKlass javax/crypto/CryptoPolicyParser$CryptoPermissionEntry
instanceKlass javax/crypto/CryptoPolicyParser$GrantEntry
instanceKlass java/io/StreamTokenizer
instanceKlass javax/crypto/CryptoPolicyParser
instanceKlass java/util/zip/ZipFile$ZipEntryIterator
instanceKlass java/util/jar/JarFile$JarEntryIterator
instanceKlass javax/crypto/JceSecurity$1
instanceKlass javax/crypto/JceSecurity
instanceKlass javax/crypto/Cipher
instanceKlass sun/security/krb5/Realm
instanceKlass sun/security/krb5/PrincipalName
instanceKlass sun/security/ssl/JsseJce$1
instanceKlass sun/security/ssl/JsseJce
instanceKlass sun/security/ssl/CipherSuite$BulkCipher
instanceKlass sun/security/ssl/CipherSuite
instanceKlass sun/security/ssl/SSLAlgorithmConstraints
instanceKlass sun/security/ssl/ProtocolVersion
instanceKlass sun/security/ssl/ProtocolList
instanceKlass javax/net/ssl/SSLContextSpi
instanceKlass javax/net/ssl/SSLContext
instanceKlass org/apache/hc/core5/ssl/SSLContextBuilder$TrustManagerDelegate
instanceKlass sun/security/validator/KeyStores
instanceKlass javax/net/ssl/X509ExtendedTrustManager
instanceKlass javax/net/ssl/X509TrustManager
instanceKlass sun/security/x509/AccessDescription
instanceKlass sun/security/x509/CertificatePolicyMap
instanceKlass java/security/cert/PolicyQualifierInfo
instanceKlass sun/security/x509/CertificatePolicyId
instanceKlass sun/security/x509/PolicyInformation
instanceKlass sun/security/x509/DNSName
instanceKlass sun/security/x509/URIName
instanceKlass sun/security/x509/DistributionPoint
instanceKlass sun/security/util/ECUtil
instanceKlass java/security/interfaces/ECPublicKey
instanceKlass java/security/interfaces/ECKey
instanceKlass sun/security/provider/JavaKeyStore$TrustedCertEntry
instanceKlass sun/security/provider/KeyStoreDelegator$1
instanceKlass java/security/KeyStoreSpi
instanceKlass sun/security/ssl/TrustManagerFactoryImpl$1
instanceKlass sun/security/ssl/TrustManagerFactoryImpl$2
instanceKlass sun/security/ssl/Debug
instanceKlass sun/security/ssl/SunJSSE$1
instanceKlass java/security/spec/ECFieldF2m
instanceKlass java/security/spec/ECParameterSpec
instanceKlass java/security/spec/AlgorithmParameterSpec
instanceKlass java/security/spec/ECPoint
instanceKlass java/security/spec/EllipticCurve
instanceKlass java/security/spec/ECFieldFp
instanceKlass java/security/spec/ECField
instanceKlass sun/security/ec/CurveDB
instanceKlass sun/security/ec/SunECEntries
instanceKlass sun/security/ec/SunEC$1
instanceKlass sun/security/util/ManifestEntryVerifier$SunProviderHolder
instanceKlass sun/nio/cs/Surrogate
instanceKlass sun/nio/cs/Surrogate$Parser
instanceKlass java/util/Base64$Encoder
instanceKlass java/util/Base64$Decoder
instanceKlass java/util/Base64
instanceKlass java/security/cert/CertPath
instanceKlass java/math/MutableBigInteger
instanceKlass sun/security/rsa/RSAPadding
instanceKlass sun/security/rsa/RSACore
instanceKlass java/security/interfaces/RSAPrivateCrtKey
instanceKlass sun/security/pkcs/PKCS8Key
instanceKlass java/security/interfaces/RSAPrivateKey
instanceKlass java/security/PrivateKey
instanceKlass sun/security/jca/ServiceId
instanceKlass java/security/SignatureSpi
instanceKlass javax/crypto/SecretKey
instanceKlass javax/security/auth/Destroyable
instanceKlass sun/security/util/Length
instanceKlass sun/security/util/KeyUtil
instanceKlass sun/text/normalizer/NormalizerBase$1
instanceKlass sun/text/normalizer/NormalizerBase$QuickCheckResult
instanceKlass sun/text/normalizer/NormalizerBase$Mode
instanceKlass sun/text/normalizer/NormalizerBase
instanceKlass java/text/Normalizer
instanceKlass sun/security/pkcs/PKCS9Attribute
instanceKlass sun/security/x509/AVAKeyword
instanceKlass sun/security/util/ConstraintsParameters
instanceKlass sun/security/pkcs/SignerInfo
instanceKlass java/security/interfaces/DSAPublicKey
instanceKlass java/security/interfaces/DSAKey
instanceKlass java/security/spec/DSAPublicKeySpec
instanceKlass java/security/AlgorithmParametersSpi
instanceKlass java/security/AlgorithmParameters
instanceKlass sun/security/util/MemoryCache$CacheEntry
instanceKlass sun/security/x509/X509AttributeName
instanceKlass sun/security/x509/RFC822Name
instanceKlass sun/security/x509/GeneralName
instanceKlass sun/security/x509/GeneralNames
instanceKlass sun/security/x509/KeyIdentifier
instanceKlass sun/security/x509/NetscapeCertTypeExtension$MapEntry
instanceKlass sun/security/x509/OIDMap$OIDInfo
instanceKlass sun/security/x509/PKIXExtensions
instanceKlass sun/security/x509/OIDMap
instanceKlass sun/security/x509/Extension
instanceKlass java/security/cert/Extension
instanceKlass sun/security/x509/CertificateExtensions
instanceKlass java/security/interfaces/RSAPublicKey
instanceKlass java/security/interfaces/RSAKey
instanceKlass java/security/spec/RSAPrivateKeySpec
instanceKlass java/security/spec/RSAPublicKeySpec
instanceKlass java/security/KeyFactorySpi
instanceKlass sun/security/jca/ProviderList$ServiceList$1
instanceKlass java/security/KeyFactory
instanceKlass java/security/spec/EncodedKeySpec
instanceKlass java/security/spec/KeySpec
instanceKlass sun/security/util/BitArray
instanceKlass sun/security/x509/X509Key
instanceKlass java/security/PublicKey
instanceKlass java/security/Key
instanceKlass sun/security/x509/CertificateX509Key
instanceKlass sun/security/x509/CertificateValidity
instanceKlass sun/security/x509/AVA
instanceKlass sun/security/x509/RDN
instanceKlass javax/security/auth/x500/X500Principal
instanceKlass sun/security/x509/X500Name$1
instanceKlass sun/security/x509/X500Name
instanceKlass sun/security/x509/GeneralNameInterface
instanceKlass sun/security/x509/CertificateAlgorithmId
instanceKlass sun/security/x509/SerialNumber
instanceKlass sun/security/x509/CertificateSerialNumber
instanceKlass sun/security/x509/CertificateVersion
instanceKlass sun/security/x509/X509CertInfo
instanceKlass sun/security/x509/CertAttrSet
instanceKlass sun/security/util/Cache$EqualByteArray
instanceKlass java/security/cert/X509Extension
instanceKlass sun/security/util/Cache
instanceKlass java/security/cert/CertificateFactorySpi
instanceKlass java/security/cert/CertificateFactory
instanceKlass sun/security/x509/AlgorithmId
instanceKlass sun/security/util/ByteArrayTagOrder
instanceKlass sun/security/util/ByteArrayLexOrder
instanceKlass sun/security/util/DerEncoder
instanceKlass sun/security/util/DerValue
instanceKlass sun/security/util/ObjectIdentifier
instanceKlass sun/security/pkcs/ContentInfo
instanceKlass sun/security/util/DerIndefLenConverter
instanceKlass sun/security/util/DerInputStream
instanceKlass sun/security/pkcs/PKCS7
instanceKlass sun/security/util/ManifestDigester$Section
instanceKlass sun/security/util/ManifestDigester$Entry
instanceKlass sun/security/util/ManifestDigester$Position
instanceKlass sun/security/util/ManifestDigester
instanceKlass sun/security/util/DisabledAlgorithmConstraints$1
instanceKlass sun/security/util/DisabledAlgorithmConstraints$Constraint
instanceKlass sun/security/util/DisabledAlgorithmConstraints$Constraints
instanceKlass sun/security/util/AbstractAlgorithmConstraints$1
instanceKlass sun/security/util/AlgorithmDecomposer
instanceKlass sun/security/util/AbstractAlgorithmConstraints
instanceKlass java/security/AlgorithmConstraints
instanceKlass sun/security/util/SignatureFileVerifier
instanceKlass sun/security/util/ManifestEntryVerifier
instanceKlass java/util/jar/JarVerifier$3
instanceKlass java/security/CodeSigner
instanceKlass java/util/jar/JarVerifier
instanceKlass sun/security/rsa/SunRsaSignEntries
instanceKlass javax/net/ssl/TrustManagerFactorySpi
instanceKlass io/github/bonigarcia/wdm/online/HttpClient$1
instanceKlass javax/net/ssl/TrustManagerFactory$1
instanceKlass javax/net/ssl/TrustManagerFactory
instanceKlass java/security/KeyStore$1
instanceKlass java/security/KeyStore
instanceKlass javax/net/ssl/KeyManagerFactory$1
instanceKlass javax/net/ssl/KeyManagerFactory
instanceKlass javax/net/ssl/TrustManager
instanceKlass javax/net/ssl/KeyManager
instanceKlass org/apache/hc/core5/ssl/SSLContextBuilder
instanceKlass org/apache/hc/core5/ssl/SSLContexts
instanceKlass io/github/bonigarcia/wdm/online/HttpClient$$Lambda$294
instanceKlass javax/net/ssl/HostnameVerifier
instanceKlass sun/invoke/util/VerifyAccess$1
instanceKlass javax/net/ssl/SSLSession
instanceKlass org/apache/hc/client5/http/config/Configurable
instanceKlass org/apache/hc/client5/http/impl/classic/CloseableHttpClient
instanceKlass org/apache/hc/client5/http/classic/HttpClient
instanceKlass org/apache/hc/client5/http/auth/CredentialsProvider
instanceKlass org/apache/hc/client5/http/cookie/CookieStore
instanceKlass org/apache/hc/client5/http/protocol/RedirectStrategy
instanceKlass org/apache/hc/core5/http/config/Lookup
instanceKlass org/apache/hc/client5/http/routing/HttpRoutePlanner
instanceKlass org/apache/hc/client5/http/HttpRequestRetryStrategy
instanceKlass org/apache/hc/core5/http/protocol/HttpProcessor
instanceKlass org/apache/hc/client5/http/SchemePortResolver
instanceKlass org/apache/hc/core5/http/HttpResponseInterceptor
instanceKlass org/apache/hc/core5/http/HttpRequestInterceptor
instanceKlass org/apache/hc/client5/http/UserTokenHandler
instanceKlass org/apache/hc/client5/http/AuthenticationStrategy
instanceKlass org/apache/hc/client5/http/ConnectionKeepAliveStrategy
instanceKlass org/apache/hc/core5/http/ConnectionReuseStrategy
instanceKlass org/apache/hc/client5/http/impl/classic/HttpClientBuilder
instanceKlass org/apache/hc/client5/http/auth/Credentials
instanceKlass org/apache/hc/core5/http/protocol/HttpContext
instanceKlass org/apache/hc/client5/http/io/HttpClientConnectionManager
instanceKlass org/apache/hc/core5/io/ModalCloseable
instanceKlass org/apache/hc/core5/ssl/TrustStrategy
instanceKlass io/github/bonigarcia/wdm/online/HttpClient
instanceKlass io/github/bonigarcia/wdm/cache/CacheHandler
instanceKlass org/apache/commons/lang3/SystemUtils$$Lambda$293
instanceKlass org/apache/commons/lang3/math/NumberUtils
instanceKlass org/apache/commons/lang3/SystemProperties$$Lambda$292
instanceKlass java/lang/Character$Subset
instanceKlass org/apache/commons/lang3/StringUtils
instanceKlass org/apache/commons/lang3/function/Suppliers$$Lambda$291
instanceKlass org/apache/commons/lang3/function/Suppliers
instanceKlass org/apache/commons/lang3/SystemProperties
instanceKlass org/apache/commons/lang3/SystemUtils
instanceKlass io/github/bonigarcia/wdm/config/Architecture$$Lambda$290
instanceKlass io/github/bonigarcia/wdm/config/ConfigKey
instanceKlass io/github/bonigarcia/wdm/config/Config
instanceKlass sun/nio/fs/WindowsLinkSupport
instanceKlass java/nio/file/spi/FileSystemProvider$1
instanceKlass io/github/bonigarcia/wdm/versions/VersionDetector
instanceKlass io/github/bonigarcia/wdm/online/S3NamespaceContext
instanceKlass org/slf4j/spi/LoggingEventBuilder
instanceKlass org/slf4j/helpers/NamedLoggerBase
instanceKlass org/slf4j/helpers/Reporter
instanceKlass org/slf4j/helpers/Util
instanceKlass org/slf4j/helpers/NOPMDCAdapter
instanceKlass org/slf4j/helpers/NOPLoggerFactory
instanceKlass org/slf4j/helpers/NOP_FallbackServiceProvider
instanceKlass org/slf4j/helpers/ThreadLocalMapOfStacks
instanceKlass org/slf4j/helpers/BasicMDCAdapter
instanceKlass org/slf4j/Marker
instanceKlass org/slf4j/helpers/BasicMarkerFactory
instanceKlass java/util/concurrent/LinkedBlockingQueue$Node
instanceKlass java/util/concurrent/locks/AbstractQueuedSynchronizer$ConditionObject
instanceKlass java/util/concurrent/locks/Condition
instanceKlass java/util/concurrent/BlockingQueue
instanceKlass org/slf4j/Logger
instanceKlass org/slf4j/helpers/SubstituteLoggerFactory
instanceKlass org/slf4j/ILoggerFactory
instanceKlass org/slf4j/spi/MDCAdapter
instanceKlass org/slf4j/IMarkerFactory
instanceKlass org/slf4j/helpers/SubstituteServiceProvider
instanceKlass org/slf4j/event/LoggingEvent
instanceKlass org/slf4j/spi/SLF4JServiceProvider
instanceKlass org/slf4j/LoggerFactory
instanceKlass org/openqa/selenium/Capabilities
instanceKlass org/apache/hc/core5/http/ClassicHttpRequest
instanceKlass org/apache/hc/core5/http/HttpEntityContainer
instanceKlass org/apache/hc/core5/http/HttpRequest
instanceKlass org/apache/hc/core5/http/HttpMessage
instanceKlass org/apache/hc/core5/http/MessageHeaders
instanceKlass javax/xml/namespace/NamespaceContext
instanceKlass io/github/bonigarcia/wdm/WebDriverManager
instanceKlass io/cucumber/junit/JUnitReporter$NoTestNotifier
instanceKlass io/cucumber/core/runner/TestCaseState
instanceKlass io/cucumber/core/plugin/TestSourcesModel$$Lambda$289
instanceKlass io/cucumber/core/plugin/TestSourcesModel$$Lambda$288
instanceKlass io/cucumber/core/plugin/TestSourcesModel$$Lambda$287
instanceKlass java/time/LocalTime$1
instanceKlass java/time/format/DateTimeFormatterBuilder$3
instanceKlass java/time/LocalDate$1
instanceKlass java/time/ZonedDateTime$1
instanceKlass java/time/LocalDateTime
instanceKlass java/time/zone/ZoneOffsetTransitionRule
instanceKlass java/time/zone/ZoneRules
instanceKlass java/time/ZonedDateTime
instanceKlass java/time/temporal/TemporalQueries$$Lambda$286
instanceKlass java/time/LocalTime
instanceKlass java/time/temporal/TemporalQueries$$Lambda$285
instanceKlass java/time/LocalDate
instanceKlass java/time/temporal/TemporalQueries$$Lambda$284
instanceKlass java/time/temporal/TemporalQueries$$Lambda$283
instanceKlass java/time/temporal/TemporalQueries$$Lambda$282
instanceKlass java/time/temporal/TemporalQueries$$Lambda$281
instanceKlass java/time/temporal/TemporalQueries$$Lambda$280
instanceKlass java/time/temporal/TemporalQueries
instanceKlass java/time/format/DateTimePrintContext
instanceKlass java/time/format/DateTimeFormatter$$Lambda$279
instanceKlass java/time/format/DateTimeFormatter$$Lambda$278
instanceKlass java/time/Period
instanceKlass java/time/chrono/ChronoPeriod
instanceKlass java/time/format/DateTimeFormatterBuilder$TextPrinterParser
instanceKlass java/time/format/DateTimeTextProvider$1
instanceKlass java/time/format/DateTimeTextProvider
instanceKlass java/util/AbstractMap$SimpleImmutableEntry
instanceKlass java/time/format/DateTimeTextProvider$LocaleStore
instanceKlass java/time/format/DateTimeFormatterBuilder$InstantPrinterParser
instanceKlass java/time/format/DateTimeFormatterBuilder$StringLiteralPrinterParser
instanceKlass java/time/format/DateTimeFormatterBuilder$ZoneIdPrinterParser
instanceKlass java/time/format/DateTimeFormatterBuilder$FractionPrinterParser
instanceKlass java/time/format/DateTimeFormatterBuilder$OffsetIdPrinterParser
instanceKlass java/time/format/DecimalStyle
instanceKlass java/time/format/DateTimeFormatterBuilder$CompositePrinterParser
instanceKlass java/time/chrono/AbstractChronology$$Lambda$277
instanceKlass java/time/chrono/ChronoZonedDateTime
instanceKlass java/time/chrono/AbstractChronology$$Lambda$276
instanceKlass java/time/chrono/ChronoLocalDateTime
instanceKlass java/time/chrono/AbstractChronology$$Lambda$275
instanceKlass java/lang/invoke/LambdaForm$DMH
instanceKlass java/time/chrono/ChronoLocalDate
instanceKlass java/time/chrono/AbstractChronology
instanceKlass java/time/chrono/Chronology
instanceKlass java/time/format/DateTimeFormatterBuilder$CharLiteralPrinterParser
instanceKlass java/time/format/DateTimeFormatterBuilder$NumberPrinterParser
instanceKlass java/time/format/DateTimeFormatterBuilder$DateTimePrinterParser
instanceKlass java/time/format/DateTimeFormatterBuilder$2
instanceKlass java/time/temporal/IsoFields
instanceKlass java/time/temporal/ValueRange
instanceKlass java/time/Duration
instanceKlass java/time/temporal/TemporalAmount
instanceKlass java/time/temporal/TemporalUnit
instanceKlass java/time/temporal/TemporalField
instanceKlass java/time/format/DateTimeFormatterBuilder$$Lambda$274
instanceKlass java/time/temporal/TemporalQuery
instanceKlass java/time/format/DateTimeFormatterBuilder
instanceKlass java/time/format/DateTimeFormatter
instanceKlass io/cucumber/core/plugin/JsonFormatter$$Lambda$273
instanceKlass io/cucumber/core/plugin/TestSourcesModel$$Lambda$272
instanceKlass io/cucumber/core/plugin/TestSourcesModel$ExamplesRowWrapperNode
instanceKlass io/cucumber/core/plugin/TestSourcesModel$$Lambda$271
instanceKlass io/cucumber/core/plugin/TestSourcesModel$$Lambda$270
instanceKlass io/cucumber/core/plugin/TestSourcesModel$AstNode
instanceKlass io/cucumber/core/plugin/TestSourcesModel$$Lambda$269
instanceKlass io/cucumber/core/plugin/TestSourcesModel$$Lambda$268
instanceKlass io/cucumber/core/plugin/TestSourcesModel$$Lambda$267
instanceKlass io/cucumber/core/plugin/Formats$Monochrome$$Lambda$266
instanceKlass java/util/stream/ReduceOps$2ReducingSink
instanceKlass java/util/function/BinaryOperator$$Lambda$265
instanceKlass io/cucumber/core/plugin/PrettyFormatter$$Lambda$264
instanceKlass io/cucumber/core/plugin/PrettyFormatter$$Lambda$263
instanceKlass io/cucumber/core/plugin/PrettyFormatter$$Lambda$262
instanceKlass io/cucumber/core/plugin/PrettyFormatter$$Lambda$261
instanceKlass io/cucumber/core/runner/TestCase$$Lambda$260
instanceKlass io/cucumber/messages/types/Group
instanceKlass io/cucumber/core/runner/DefinitionArgument$Group$$Lambda$259
instanceKlass io/cucumber/core/runner/DefinitionArgument$Group
instanceKlass io/cucumber/core/runner/TestCase$$Lambda$258
instanceKlass io/cucumber/messages/types/StepMatchArgument
instanceKlass io/cucumber/plugin/event/Group
instanceKlass io/cucumber/core/runner/DefinitionArgument
instanceKlass io/cucumber/plugin/event/Argument
instanceKlass io/cucumber/messages/types/StepMatchArgumentsList
instanceKlass io/cucumber/core/runner/TestCase$$Lambda$257
instanceKlass io/cucumber/core/backend/TestCaseState
instanceKlass io/cucumber/core/runner/TestCase
instanceKlass io/cucumber/plugin/event/TestCase
instanceKlass io/cucumber/core/stepexpression/ExpressionArgument
instanceKlass io/cucumber/core/stepexpression/Argument
instanceKlass io/cucumber/cucumberexpressions/RegularExpression$$Lambda$256
instanceKlass io/cucumber/plugin/event/PickleStepTestStep
instanceKlass io/cucumber/core/runner/Runner$$Lambda$255
instanceKlass io/cucumber/core/runner/TestStep
instanceKlass io/cucumber/plugin/event/HookTestStep
instanceKlass io/cucumber/plugin/event/TestStep
instanceKlass io/cucumber/core/runner/Runner$$Lambda$254
instanceKlass io/cucumber/core/gherkin/messages/GherkinMessagesPickle$$Lambda$253
instanceKlass io/cucumber/cucumberexpressions/Argument
instanceKlass io/cucumber/cucumberexpressions/Group
instanceKlass java/util/stream/Streams$RangeIntSpliterator
instanceKlass java/util/TreeMap$PrivateEntryIterator
instanceKlass io/cucumber/core/runner/CachingGlue$$Lambda$252
instanceKlass io/cucumber/core/runner/CachingGlue$$Lambda$251
instanceKlass io/cucumber/cucumberexpressions/DefaultPatternCompiler
instanceKlass io/cucumber/cucumberexpressions/PatternCompiler
instanceKlass io/cucumber/cucumberexpressions/PatternCompilerProvider
instanceKlass io/cucumber/cucumberexpressions/RegexpUtils
instanceKlass io/cucumber/cucumberexpressions/CucumberExpression$$Lambda$250
instanceKlass io/cucumber/cucumberexpressions/CucumberExpression$1
instanceKlass io/cucumber/cucumberexpressions/CucumberExpressionParser$$Lambda$249
instanceKlass io/cucumber/cucumberexpressions/CucumberExpressionParser$1
instanceKlass io/cucumber/cucumberexpressions/Ast$Node
instanceKlass io/cucumber/cucumberexpressions/CucumberExpressionTokenizer$TokenIterator
instanceKlass io/cucumber/cucumberexpressions/CucumberExpressionTokenizer$$Lambda$248
instanceKlass io/cucumber/cucumberexpressions/Ast$Token
instanceKlass io/cucumber/cucumberexpressions/Ast$Located
instanceKlass io/cucumber/cucumberexpressions/CucumberExpressionTokenizer$$Lambda$247
instanceKlass io/cucumber/cucumberexpressions/CucumberExpressionTokenizer
instanceKlass io/cucumber/cucumberexpressions/CucumberExpressionParser$$Lambda$246
instanceKlass io/cucumber/cucumberexpressions/CucumberExpressionParser$$Lambda$245
instanceKlass io/cucumber/cucumberexpressions/CucumberExpressionParser$$Lambda$244
instanceKlass java/lang/invoke/LambdaForm$DMH
instanceKlass java/lang/invoke/LambdaForm$DMH
instanceKlass io/cucumber/cucumberexpressions/CucumberExpressionParser$$Lambda$243
instanceKlass io/cucumber/cucumberexpressions/CucumberExpressionParser$$Lambda$242
instanceKlass io/cucumber/cucumberexpressions/CucumberExpressionParser$Parser
instanceKlass java/lang/invoke/LambdaForm$DMH
instanceKlass io/cucumber/cucumberexpressions/CucumberExpressionParser$Result
instanceKlass io/cucumber/cucumberexpressions/CucumberExpressionParser
instanceKlass io/cucumber/cucumberexpressions/CucumberExpression
instanceKlass io/cucumber/core/stepexpression/StepExpressionFactory$$Lambda$241
instanceKlass io/cucumber/core/runner/CachingGlue$$Lambda$240
instanceKlass io/cucumber/core/runner/CachingGlue$$Lambda$239
instanceKlass io/cucumber/core/backend/JavaMethodReference
instanceKlass io/cucumber/core/backend/SourceReference
instanceKlass io/cucumber/java/MethodFormat
instanceKlass io/cucumber/plugin/event/StepDefinition
instanceKlass io/cucumber/core/stepexpression/ArgumentMatcher
instanceKlass io/cucumber/core/runner/CoreStepDefinition
instanceKlass io/cucumber/core/stepexpression/StepExpression
instanceKlass io/cucumber/core/stepexpression/StepExpressionFactory$$Lambda$238
instanceKlass io/cucumber/core/stepexpression/DocStringTransformer
instanceKlass java/lang/invoke/LambdaForm$MH
instanceKlass java/lang/invoke/LambdaForm$DMH
instanceKlass java/lang/invoke/LambdaForm$DMH
instanceKlass io/cucumber/core/stepexpression/StepExpressionFactory$$Lambda$237
instanceKlass io/cucumber/core/stepexpression/RawTableTransformer
instanceKlass io/cucumber/cucumberexpressions/GroupBuilder
instanceKlass io/cucumber/cucumberexpressions/TreeRegexp
instanceKlass io/cucumber/cucumberexpressions/RegularExpression
instanceKlass io/cucumber/core/stepexpression/StepExpressionFactory$$Lambda$236
instanceKlass io/cucumber/java/JavaParameterInfo$$Lambda$235
instanceKlass io/cucumber/core/backend/TypeResolver
instanceKlass io/cucumber/core/runner/CachingGlue$$Lambda$234
instanceKlass io/cucumber/core/runner/CachingGlue$$Lambda$233
instanceKlass io/cucumber/core/runner/CachingGlue$$Lambda$232
instanceKlass io/cucumber/core/runner/CachingGlue$$Lambda$231
instanceKlass io/cucumber/core/runner/CachingGlue$$Lambda$230
instanceKlass io/cucumber/core/runner/CachingGlue$$Lambda$229
instanceKlass io/cucumber/docstring/DocStringTypeRegistryDocStringConverter
instanceKlass io/cucumber/datatable/DataTableTypeRegistryTableConverter
instanceKlass io/cucumber/cucumberexpressions/Expression
instanceKlass io/cucumber/cucumberexpressions/ExpressionFactory
instanceKlass io/cucumber/docstring/DocString$DocStringConverter
instanceKlass io/cucumber/core/stepexpression/StepExpressionFactory
instanceKlass io/cucumber/cucumberexpressions/CucumberExpressionGenerator
instanceKlass io/cucumber/core/snippets/ArgumentPattern
instanceKlass io/cucumber/java/AbstractJavaSnippet
instanceKlass io/cucumber/core/runner/Runner$$Lambda$228
instanceKlass io/cucumber/core/snippets/SnippetGenerator
instanceKlass io/cucumber/core/runner/Runner$$Lambda$227
instanceKlass io/cucumber/core/runner/Runner$$Lambda$226
instanceKlass io/cucumber/docstring/DocStringTypeRegistry$$Lambda$225
instanceKlass io/cucumber/docstring/DocStringTypeRegistry$$Lambda$224
instanceKlass io/cucumber/docstring/DocStringType$Transformer
instanceKlass io/cucumber/docstring/DocStringType
instanceKlass io/cucumber/docstring/DocStringTypeRegistry
instanceKlass io/cucumber/datatable/DataTableTypeRegistry$$Lambda$223
instanceKlass io/cucumber/datatable/DataTableTypeRegistry$$Lambda$222
instanceKlass java/lang/invoke/LambdaForm$DMH
instanceKlass io/cucumber/datatable/DataTableTypeRegistry$$Lambda$221
instanceKlass java/lang/invoke/LambdaForm$DMH
instanceKlass io/cucumber/datatable/DataTableTypeRegistry$$Lambda$220
instanceKlass io/cucumber/datatable/DataTableTypeRegistry$$Lambda$219
instanceKlass io/cucumber/datatable/DataTableTypeRegistry$$Lambda$218
instanceKlass io/cucumber/datatable/DataTableTypeRegistry$$Lambda$217
instanceKlass io/cucumber/datatable/DataTableTypeRegistry$$Lambda$216
instanceKlass io/cucumber/datatable/DataTableTypeRegistry$$Lambda$215
instanceKlass java/lang/invoke/LambdaForm$DMH
instanceKlass io/cucumber/datatable/DataTableTypeRegistry$$Lambda$214
instanceKlass io/cucumber/datatable/TypeFactory$OtherType
instanceKlass io/cucumber/datatable/TypeFactory$ListType
instanceKlass io/cucumber/datatable/TypeFactory
instanceKlass io/cucumber/datatable/DataTableType$TableCellTransformerAdaptor
instanceKlass io/cucumber/datatable/ConversionRequired
instanceKlass io/cucumber/datatable/DataTable$TableConverter
instanceKlass io/cucumber/datatable/DataTableType$RawTableTransformer
instanceKlass io/cucumber/datatable/DataTableType
instanceKlass io/cucumber/datatable/DataTableTypeRegistry$$Lambda$213
instanceKlass io/cucumber/datatable/TableCellTransformer
instanceKlass io/cucumber/datatable/DataTableTypeRegistry$$Lambda$212
instanceKlass io/cucumber/datatable/NumberParser
instanceKlass io/cucumber/datatable/DataTableCellByTypeTransformer
instanceKlass io/cucumber/datatable/TypeFactory$JavaType
instanceKlass io/cucumber/datatable/TableCellByTypeTransformer
instanceKlass io/cucumber/datatable/DataTableTypeRegistry
instanceKlass io/cucumber/cucumberexpressions/ParameterType$1
instanceKlass io/cucumber/cucumberexpressions/ParameterTypeRegistry$10
instanceKlass io/cucumber/cucumberexpressions/ParameterTypeRegistry$9
instanceKlass io/cucumber/cucumberexpressions/ParameterTypeRegistry$8
instanceKlass io/cucumber/cucumberexpressions/ParameterTypeRegistry$7
instanceKlass io/cucumber/cucumberexpressions/ParameterTypeRegistry$6
instanceKlass io/cucumber/cucumberexpressions/ParameterTypeRegistry$5
instanceKlass io/cucumber/cucumberexpressions/ParameterTypeRegistry$4
instanceKlass io/cucumber/cucumberexpressions/ParameterTypeRegistry$3
instanceKlass io/cucumber/cucumberexpressions/ParameterTypeRegistry$2
instanceKlass io/cucumber/cucumberexpressions/ParameterType$TransformerAdaptor
instanceKlass io/cucumber/cucumberexpressions/ParameterTypeRegistry$1
instanceKlass io/cucumber/cucumberexpressions/ParameterType
instanceKlass io/cucumber/cucumberexpressions/NumberParser
instanceKlass io/cucumber/cucumberexpressions/BuiltInParameterTransformer
instanceKlass io/cucumber/cucumberexpressions/CaptureGroupTransformer
instanceKlass io/cucumber/cucumberexpressions/Transformer
instanceKlass io/cucumber/cucumberexpressions/ParameterByTypeTransformer
instanceKlass io/cucumber/cucumberexpressions/ParameterTypeRegistry
instanceKlass io/cucumber/core/stepexpression/StepTypeRegistry
instanceKlass io/cucumber/core/api/TypeRegistry
instanceKlass io/cucumber/junit/JUnitReporter$EachTestNotifier
instanceKlass io/cucumber/junit/JUnitReporter$$Lambda$211
instanceKlass io/cucumber/junit/JUnitReporter$$Lambda$210
instanceKlass io/cucumber/junit/JUnitReporter$$Lambda$209
instanceKlass io/cucumber/junit/JUnitReporter$$Lambda$208
instanceKlass io/cucumber/junit/JUnitReporter$$Lambda$207
instanceKlass io/cucumber/junit/JUnitReporter$TestNotifier
instanceKlass io/cucumber/junit/JUnitReporter
instanceKlass io/cucumber/core/runtime/CucumberExecutionContext$$Lambda$206
instanceKlass io/cucumber/junit/PickleRunners$NoStepDescriptions$$Lambda$205
instanceKlass io/cucumber/junitxmlformatter/XmlReportData$$Lambda$204
instanceKlass io/cucumber/core/internal/com/fasterxml/jackson/annotation/JacksonAnnotation
instanceKlass io/cucumber/core/internal/com/fasterxml/jackson/databind/annotation/JacksonStdImpl
instanceKlass io/cucumber/messages/types/PickleTableRow
instanceKlass io/cucumber/messages/types/PickleTable
instanceKlass io/cucumber/messages/types/PickleDocString
instanceKlass io/cucumber/junitxmlformatter/XmlReportData$$Lambda$203
instanceKlass io/cucumber/junitxmlformatter/XmlReportData$$Lambda$202
instanceKlass io/cucumber/junitxmlformatter/XmlReportData$$Lambda$201
instanceKlass io/cucumber/junitxmlformatter/XmlReportData$$Lambda$200
instanceKlass io/cucumber/junitxmlformatter/XmlReportData$$Lambda$199
instanceKlass io/cucumber/junitxmlformatter/XmlReportData$$Lambda$198
instanceKlass io/cucumber/messages/types/DataTable
instanceKlass io/cucumber/messages/types/DocString
instanceKlass io/cucumber/messages/types/RuleChild
instanceKlass io/cucumber/core/internal/com/fasterxml/jackson/databind/ser/impl/PropertySerializerMap$SerializerAndMapResult
instanceKlass java/util/Collections$SynchronizedMap
instanceKlass java/util/Collections$ReverseComparator2
instanceKlass java/util/Collections$ReverseComparator
instanceKlass java/util/Collections$EmptyEnumeration
instanceKlass java/util/Collections$CheckedMap
instanceKlass java/util/Collections$CheckedCollection
instanceKlass io/cucumber/core/runtime/CucumberExecutionContext$$Lambda$197
instanceKlass org/junit/runners/ParentRunner$4
instanceKlass io/cucumber/core/runner/TestAbortedExceptions$$Lambda$196
instanceKlass io/cucumber/core/runner/TestAbortedExceptions
instanceKlass io/cucumber/core/runner/ThrowableCollector
instanceKlass io/cucumber/core/runtime/CucumberExecutionContext$$Lambda$195
instanceKlass io/cucumber/java/en/Then$Thens
instanceKlass io/cucumber/java/en/Then
instanceKlass io/cucumber/java/en/Given$Givens
instanceKlass io/cucumber/java/en/Given
instanceKlass io/cucumber/java/en/And$Ands
instanceKlass io/cucumber/java/en/And
instanceKlass io/cucumber/java/JavaParameterInfo
instanceKlass io/cucumber/core/backend/ParameterInfo
instanceKlass io/cucumber/java/AbstractGlueDefinition
instanceKlass io/cucumber/java/Invoker
instanceKlass io/cucumber/java/en/When$Whens
instanceKlass io/cucumber/java/DocStringType
instanceKlass io/cucumber/java/DefaultDataTableCellTransformer
instanceKlass io/cucumber/java/DefaultDataTableEntryTransformer
instanceKlass io/cucumber/java/DefaultParameterTransformer
instanceKlass io/cucumber/java/DataTableType
instanceKlass io/cucumber/java/ParameterType
instanceKlass io/cucumber/java/AfterStep
instanceKlass io/cucumber/java/BeforeStep
instanceKlass io/cucumber/java/AfterAll
instanceKlass io/cucumber/java/After
instanceKlass io/cucumber/java/BeforeAll
instanceKlass io/cucumber/java/Before
instanceKlass java/lang/annotation/Repeatable
instanceKlass io/cucumber/java/StepDefinitionAnnotation
instanceKlass io/cucumber/java/en/When
instanceKlass org/openqa/selenium/WebDriver
instanceKlass org/openqa/selenium/SearchContext
instanceKlass io/cucumber/java/MethodScanner
instanceKlass io/cucumber/java/JavaBackend$$Lambda$194
instanceKlass StepsDefinitions/TestRunner_RunWithSingleTag
instanceKlass StepsDefinitions/TestRunnerForHooks
instanceKlass StepsDefinitions/TestRunnerAgenciaViaje
instanceKlass StepsDefinitions/TestRunner
instanceKlass StepsDefinitions/OrangeEmployeeSteps_PageFactory
instanceKlass StepsDefinitions/loginSteps
instanceKlass StepsDefinitions/LoginDemoSteps_PageFactory
instanceKlass StepsDefinitions/loginDemoStepsPOM
instanceKlass StepsDefinitions/loginDemoSteps
instanceKlass StepsDefinitions/GoogleSearchSteps
instanceKlass StepsDefinitions/AgenciaViajeSteps_PageFactory
instanceKlass io/cucumber/core/resource/ClasspathSupport$$Lambda$193
instanceKlass java/nio/file/FileTreeWalker$DirectoryNode
instanceKlass java/util/ArrayDeque$DeqIterator
instanceKlass io/cucumber/core/resource/ClasspathScanner$$Lambda$192
instanceKlass java/lang/invoke/LambdaForm$DMH
instanceKlass io/cucumber/core/resource/ClasspathScanner$$Lambda$191
instanceKlass io/cucumber/core/resource/ClasspathScanner$$Lambda$190
instanceKlass io/cucumber/core/resource/ClasspathScanner$$Lambda$189
instanceKlass io/cucumber/core/resource/ClasspathScanner$$Lambda$188
instanceKlass io/cucumber/core/resource/ClasspathScanner$$Lambda$187
instanceKlass io/cucumber/core/resource/ClasspathSupport$$Lambda$186
instanceKlass java/util/stream/ForEachOps$ForEachOp
instanceKlass java/util/stream/ForEachOps
instanceKlass io/cucumber/java/JavaBackend$$Lambda$185
instanceKlass java/lang/invoke/LambdaForm$DMH
instanceKlass io/cucumber/java/JavaBackend$$Lambda$184
instanceKlass io/cucumber/java/JavaBackend$$Lambda$183
instanceKlass io/cucumber/java/JavaBackend$$Lambda$182
instanceKlass io/cucumber/java/JavaBackend$$Lambda$181
instanceKlass io/cucumber/core/backend/DocStringTypeDefinition
instanceKlass io/cucumber/core/backend/DefaultDataTableCellTransformerDefinition
instanceKlass io/cucumber/core/backend/DefaultDataTableEntryTransformerDefinition
instanceKlass io/cucumber/core/backend/DefaultParameterTransformerDefinition
instanceKlass io/cucumber/core/backend/DataTableTypeDefinition
instanceKlass io/cucumber/core/backend/ParameterTypeDefinition
instanceKlass io/cucumber/core/backend/HookDefinition
instanceKlass io/cucumber/java/GlueAdaptor
instanceKlass io/cucumber/core/runner/Runner$$Lambda$180
instanceKlass io/cucumber/core/runner/Runner$$Lambda$179
instanceKlass io/cucumber/core/runner/CachingGlue$$Lambda$178
instanceKlass io/cucumber/core/backend/StaticHookDefinition
instanceKlass io/cucumber/core/runner/CachingGlue$$Lambda$177
instanceKlass java/util/Comparator$$Lambda$176
instanceKlass io/cucumber/core/runner/CachingGlue$$Lambda$175
instanceKlass java/util/function/ToIntFunction
instanceKlass java/lang/invoke/LambdaForm$DMH
instanceKlass io/cucumber/core/backend/ScenarioScoped
instanceKlass io/cucumber/core/runner/CoreHookDefinition
instanceKlass io/cucumber/core/backend/StepDefinition
instanceKlass io/cucumber/core/backend/Located
instanceKlass io/cucumber/core/runner/CachingGlue
instanceKlass io/cucumber/core/resource/ClasspathScanner$$Lambda$174
instanceKlass io/cucumber/core/resource/ClasspathScanner
instanceKlass io/cucumber/core/backend/Snippet
instanceKlass io/cucumber/java/JavaBackend
instanceKlass io/cucumber/core/backend/DefaultObjectFactory
instanceKlass io/cucumber/core/backend/Backend
instanceKlass io/cucumber/java/JavaBackendProviderService
instanceKlass io/cucumber/core/backend/BackendProviderService
instanceKlass io/cucumber/core/runner/Match
instanceKlass io/cucumber/core/runner/StepDefinitionMatch
instanceKlass io/cucumber/core/backend/Glue
instanceKlass io/cucumber/core/runtime/CucumberExecutionContext$$Lambda$173
instanceKlass io/cucumber/core/runtime/CucumberExecutionContext$$Lambda$172
instanceKlass io/cucumber/messages/TimeConversion
instanceKlass io/cucumber/core/internal/com/fasterxml/jackson/core/io/NumberOutput
instanceKlass java/util/AbstractMap$SimpleEntry
instanceKlass io/cucumber/messages/Convertor
instanceKlass java/time/Instant
instanceKlass io/cucumber/core/runtime/CucumberExecutionContext$$Lambda$171
instanceKlass io/cucumber/junitxmlformatter/XmlReportData$$Lambda$170
instanceKlass io/cucumber/junitxmlformatter/XmlReportData$$Lambda$169
instanceKlass io/cucumber/junitxmlformatter/XmlReportData$$Lambda$168
instanceKlass io/cucumber/junitxmlformatter/XmlReportData$$Lambda$167
instanceKlass io/cucumber/junitxmlformatter/XmlReportData$$Lambda$166
instanceKlass io/cucumber/junitxmlformatter/XmlReportData$$Lambda$165
instanceKlass io/cucumber/junitxmlformatter/XmlReportData$$Lambda$164
instanceKlass io/cucumber/junitxmlformatter/XmlReportData$$Lambda$163
instanceKlass io/cucumber/messages/types/Exception
instanceKlass io/cucumber/messages/types/Timestamp
instanceKlass io/cucumber/messages/types/TestStep
instanceKlass io/cucumber/messages/types/StepDefinitionPattern
instanceKlass io/cucumber/messages/types/PickleTag
instanceKlass io/cucumber/messages/types/Git
instanceKlass io/cucumber/messages/types/JavaStackTraceElement
instanceKlass io/cucumber/messages/types/JavaMethod
instanceKlass io/cucumber/messages/types/SourceReference
instanceKlass io/cucumber/core/internal/com/fasterxml/jackson/databind/ser/std/NumberSerializers$1
instanceKlass io/cucumber/messages/types/Tag
instanceKlass io/cucumber/messages/types/Comment
instanceKlass sun/reflect/generics/tree/VoidDescriptor
instanceKlass io/cucumber/core/internal/com/fasterxml/jackson/databind/ser/std/ReferenceTypeSerializer$1
instanceKlass io/cucumber/core/internal/com/fasterxml/jackson/databind/introspect/EnumNamingStrategyFactory
instanceKlass io/cucumber/core/internal/com/fasterxml/jackson/databind/annotation/EnumNaming
instanceKlass io/cucumber/core/internal/com/fasterxml/jackson/databind/util/EnumValues
instanceKlass io/cucumber/core/internal/com/fasterxml/jackson/annotation/JsonFilter
instanceKlass io/cucumber/core/internal/com/fasterxml/jackson/annotation/JsonIncludeProperties$Value
instanceKlass io/cucumber/core/internal/com/fasterxml/jackson/annotation/JsonIncludeProperties
instanceKlass io/cucumber/core/internal/com/fasterxml/jackson/annotation/JsonIgnoreProperties$Value
instanceKlass io/cucumber/core/internal/com/fasterxml/jackson/annotation/JsonIgnoreProperties
instanceKlass io/cucumber/core/internal/com/fasterxml/jackson/databind/annotation/JsonAppend
instanceKlass io/cucumber/core/internal/com/fasterxml/jackson/databind/ser/impl/PropertySerializerMap
instanceKlass io/cucumber/core/internal/com/fasterxml/jackson/databind/introspect/POJOPropertyBuilder$1
instanceKlass io/cucumber/core/internal/com/fasterxml/jackson/databind/ser/PropertyBuilder$1
instanceKlass io/cucumber/core/internal/com/fasterxml/jackson/databind/annotation/JsonTypeResolver
instanceKlass io/cucumber/core/internal/com/fasterxml/jackson/databind/BeanProperty$Std
instanceKlass io/cucumber/core/internal/com/fasterxml/jackson/databind/introspect/POJOPropertyBuilder$2
instanceKlass io/cucumber/core/internal/com/fasterxml/jackson/annotation/JsonTypeId
instanceKlass io/cucumber/core/internal/com/fasterxml/jackson/databind/introspect/POJOPropertyBuilder$3
instanceKlass io/cucumber/core/internal/com/fasterxml/jackson/annotation/JsonInclude
instanceKlass io/cucumber/core/internal/com/fasterxml/jackson/databind/ser/PropertyBuilder
instanceKlass io/cucumber/core/internal/com/fasterxml/jackson/annotation/JsonIgnoreType
instanceKlass io/cucumber/core/internal/com/fasterxml/jackson/databind/type/TypeBindings$AsKey
instanceKlass sun/reflect/generics/tree/TypeVariableSignature
instanceKlass io/cucumber/core/internal/com/fasterxml/jackson/databind/type/TypeBindings$TypeParamStash
instanceKlass sun/reflect/generics/reflectiveObjects/LazyReflectiveObjectGenerator
instanceKlass sun/reflect/generics/reflectiveObjects/ParameterizedTypeImpl
instanceKlass java/lang/reflect/ParameterizedType
instanceKlass sun/reflect/generics/tree/MethodTypeSignature
instanceKlass io/cucumber/core/internal/com/fasterxml/jackson/databind/ser/BeanSerializerBuilder
instanceKlass io/cucumber/core/internal/com/fasterxml/jackson/databind/ObjectWriter
instanceKlass io/cucumber/core/internal/com/fasterxml/jackson/databind/util/BeanUtil
instanceKlass io/cucumber/core/internal/com/fasterxml/jackson/databind/ext/Java7Handlers
instanceKlass org/w3c/dom/Document
instanceKlass org/w3c/dom/Node
instanceKlass io/cucumber/core/internal/com/fasterxml/jackson/databind/ext/OptionalHandlerFactory
instanceKlass java/util/LinkedList$ListItr
instanceKlass io/cucumber/core/internal/com/fasterxml/jackson/databind/PropertyMetadata
instanceKlass io/cucumber/core/internal/com/fasterxml/jackson/annotation/JsonPropertyDescription
instanceKlass io/cucumber/core/internal/com/fasterxml/jackson/annotation/JsonPropertyOrder
instanceKlass io/cucumber/core/internal/com/fasterxml/jackson/databind/annotation/JsonNaming
instanceKlass io/cucumber/core/internal/com/fasterxml/jackson/annotation/JacksonInject
instanceKlass io/cucumber/core/internal/com/fasterxml/jackson/databind/introspect/POJOPropertyBuilder$6
instanceKlass io/cucumber/core/internal/com/fasterxml/jackson/databind/introspect/POJOPropertyBuilder$5
instanceKlass java/lang/reflect/TypeVariable
instanceKlass io/cucumber/core/internal/com/fasterxml/jackson/databind/introspect/MethodGenericTypeResolver
instanceKlass io/cucumber/core/internal/com/fasterxml/jackson/annotation/JsonSetter
instanceKlass io/cucumber/core/internal/com/fasterxml/jackson/databind/introspect/AnnotatedMethodMap
instanceKlass io/cucumber/core/internal/com/fasterxml/jackson/databind/introspect/AnnotatedMethodCollector$MethodBuilder
instanceKlass io/cucumber/core/internal/com/fasterxml/jackson/databind/introspect/MemberKey
instanceKlass io/cucumber/core/internal/com/fasterxml/jackson/databind/introspect/POJOPropertyBuilder$Linked
instanceKlass io/cucumber/core/internal/com/fasterxml/jackson/databind/AnnotationIntrospector$ReferenceProperty
instanceKlass io/cucumber/core/internal/com/fasterxml/jackson/databind/introspect/POJOPropertyBuilder$WithMember
instanceKlass io/cucumber/core/internal/com/fasterxml/jackson/annotation/JsonIgnore
instanceKlass io/cucumber/core/internal/com/fasterxml/jackson/annotation/JsonAutoDetect$1
instanceKlass io/cucumber/core/internal/com/fasterxml/jackson/annotation/JsonProperty
instanceKlass io/cucumber/core/internal/com/fasterxml/jackson/annotation/JsonGetter
instanceKlass io/cucumber/core/internal/com/fasterxml/jackson/annotation/JsonAnySetter
instanceKlass io/cucumber/core/internal/com/fasterxml/jackson/annotation/JsonAnyGetter
instanceKlass io/cucumber/core/internal/com/fasterxml/jackson/annotation/JsonValue
instanceKlass io/cucumber/core/internal/com/fasterxml/jackson/annotation/JsonKey
instanceKlass io/cucumber/core/internal/com/fasterxml/jackson/databind/introspect/AnnotatedFieldCollector$FieldBuilder
instanceKlass io/cucumber/messages/types/UndefinedParameterType
instanceKlass io/cucumber/messages/types/TestStepStarted
instanceKlass io/cucumber/messages/types/TestStepFinished
instanceKlass io/cucumber/messages/types/TestRunStarted
instanceKlass io/cucumber/messages/types/TestRunFinished
instanceKlass io/cucumber/messages/types/TestCaseStarted
instanceKlass io/cucumber/messages/types/TestCaseFinished
instanceKlass io/cucumber/messages/types/TestCase
instanceKlass io/cucumber/messages/types/StepDefinition
instanceKlass io/cucumber/messages/types/ParameterType
instanceKlass io/cucumber/messages/types/Hook
instanceKlass io/cucumber/messages/types/Attachment
instanceKlass io/cucumber/core/internal/com/fasterxml/jackson/databind/introspect/TypeResolutionContext$Basic
instanceKlass io/cucumber/core/internal/com/fasterxml/jackson/databind/introspect/AnnotationMap
instanceKlass io/cucumber/core/internal/com/fasterxml/jackson/databind/introspect/CollectorBase
instanceKlass java/util/stream/DoubleStream
instanceKlass java/util/stream/LongStream
instanceKlass io/cucumber/core/internal/com/fasterxml/jackson/databind/util/ArrayIterator
instanceKlass io/cucumber/core/internal/com/fasterxml/jackson/annotation/JsonIdentityInfo
instanceKlass io/cucumber/core/internal/com/fasterxml/jackson/annotation/JsonAutoDetect
instanceKlass io/cucumber/core/internal/com/fasterxml/jackson/databind/introspect/POJOPropertiesCollector
instanceKlass io/cucumber/core/internal/com/fasterxml/jackson/databind/util/internal/PrivateMaxEntriesMap$AddTask
instanceKlass io/cucumber/core/internal/com/fasterxml/jackson/databind/util/internal/PrivateMaxEntriesMap$WeightedValue
instanceKlass java/util/OptionalDouble
instanceKlass java/util/OptionalLong
instanceKlass java/util/OptionalInt
instanceKlass sun/reflect/generics/tree/ClassSignature
instanceKlass sun/reflect/generics/tree/Signature
instanceKlass sun/reflect/generics/tree/FormalTypeParameter
instanceKlass io/cucumber/core/internal/com/fasterxml/jackson/databind/type/ClassStack
instanceKlass java/util/concurrent/ConcurrentHashMap$Traverser
instanceKlass io/cucumber/core/internal/com/fasterxml/jackson/databind/util/internal/PrivateMaxEntriesMap$EntryIterator
instanceKlass io/cucumber/core/internal/com/fasterxml/jackson/databind/ser/impl/ReadOnlyClassToSerializerMap$$Lambda$162
instanceKlass java/lang/invoke/LambdaForm$DMH
instanceKlass io/cucumber/core/internal/com/fasterxml/jackson/databind/util/TypeKey
instanceKlass io/cucumber/core/internal/com/fasterxml/jackson/databind/ser/impl/ReadOnlyClassToSerializerMap$Bucket
instanceKlass io/cucumber/core/internal/com/fasterxml/jackson/databind/ser/impl/ReadOnlyClassToSerializerMap
instanceKlass io/cucumber/core/internal/com/fasterxml/jackson/core/util/JacksonFeatureSet
instanceKlass io/cucumber/core/internal/com/fasterxml/jackson/core/JsonStreamContext
instanceKlass io/cucumber/core/internal/com/fasterxml/jackson/core/util/BufferRecycler
instanceKlass io/cucumber/core/internal/com/fasterxml/jackson/core/util/BufferRecyclers
instanceKlass io/cucumber/core/internal/com/fasterxml/jackson/core/util/TextBuffer
instanceKlass io/cucumber/core/internal/com/fasterxml/jackson/core/io/IOContext
instanceKlass io/cucumber/core/internal/com/fasterxml/jackson/core/io/ContentReference
instanceKlass io/cucumber/core/runtime/CucumberExecutionContext$$Lambda$161
instanceKlass io/cucumber/messages/types/Ci
instanceKlass io/cucumber/cienvironment/VariableExpression
instanceKlass io/cucumber/cienvironment/DetectCiEnvironment$$Lambda$160
instanceKlass io/cucumber/cienvironment/DetectCiEnvironment$$Lambda$159
instanceKlass io/cucumber/cienvironment/DetectCiEnvironment$$Lambda$158
instanceKlass io/cucumber/cienvironment/CiEnvironmentImpl$Git
instanceKlass io/cucumber/cienvironment/CiEnvironment$Git
instanceKlass io/cucumber/cienvironment/CiEnvironmentImpl
instanceKlass io/cucumber/cienvironment/CiEnvironment
instanceKlass io/cucumber/cienvironment/CiEnvironments
instanceKlass io/cucumber/cienvironment/DetectCiEnvironment
instanceKlass io/cucumber/messages/types/Product
instanceKlass io/cucumber/messages/ProtocolVersion
instanceKlass io/cucumber/messages/types/Meta
instanceKlass io/cucumber/junit/Cucumber$StartAndFinishTestRun$$Lambda$157
instanceKlass io/cucumber/core/runtime/CucumberExecutionContext$ThrowingRunnable
instanceKlass java/lang/invoke/LambdaForm$DMH
instanceKlass io/cucumber/core/plugin/JUnitFormatter$$Lambda$156
instanceKlass io/cucumber/core/plugin/JsonFormatter$$Lambda$155
instanceKlass io/cucumber/core/plugin/JsonFormatter$$Lambda$154
instanceKlass io/cucumber/core/plugin/JsonFormatter$$Lambda$153
instanceKlass io/cucumber/core/plugin/JsonFormatter$$Lambda$152
instanceKlass io/cucumber/core/plugin/JsonFormatter$$Lambda$151
instanceKlass io/cucumber/core/plugin/JsonFormatter$$Lambda$150
instanceKlass io/cucumber/core/plugin/JsonFormatter$$Lambda$149
instanceKlass io/cucumber/core/plugin/HtmlFormatter$$Lambda$148
instanceKlass io/cucumber/core/plugin/PrettyFormatter$$Lambda$147
instanceKlass io/cucumber/core/plugin/PrettyFormatter$$Lambda$146
instanceKlass io/cucumber/core/plugin/PrettyFormatter$$Lambda$145
instanceKlass io/cucumber/core/plugin/PrettyFormatter$$Lambda$144
instanceKlass io/cucumber/core/plugin/PrettyFormatter$$Lambda$143
instanceKlass org/junit/runners/RuleContainer$1
instanceKlass org/junit/runners/RuleContainer
instanceKlass org/junit/rules/TestRule
instanceKlass org/junit/runners/ParentRunner$ClassRuleCollector
instanceKlass org/junit/internal/runners/model/EachTestNotifier
instanceKlass java/util/concurrent/CopyOnWriteArrayList$COWIterator
instanceKlass org/junit/runner/notification/RunNotifier$SafeNotifier
instanceKlass java/io/ObjectStreamClass$FieldReflector
instanceKlass java/io/ObjectInput
instanceKlass java/io/ObjectStreamConstants
instanceKlass java/io/ObjectOutput
instanceKlass sun/reflect/ClassDefiner$1
instanceKlass sun/reflect/ClassDefiner
instanceKlass sun/reflect/MethodAccessorGenerator$1
instanceKlass sun/reflect/Label$PatchInfo
instanceKlass sun/reflect/Label
instanceKlass sun/reflect/UTF8
instanceKlass sun/reflect/ClassFileAssembler
instanceKlass sun/reflect/ByteVectorImpl
instanceKlass sun/reflect/ByteVector
instanceKlass sun/reflect/ByteVectorFactory
instanceKlass sun/reflect/AccessorGenerator
instanceKlass sun/reflect/ClassFileConstants
instanceKlass java/util/ComparableTimSort
instanceKlass java/io/ObjectStreamClass$3
instanceKlass java/io/Externalizable
instanceKlass java/io/ObjectStreamClass$EntryFuture
instanceKlass java/io/ObjectStreamClass$Caches
instanceKlass java/io/ObjectStreamClass$1
instanceKlass java/io/ObjectStreamClass
instanceKlass org/junit/runner/Result$SerializedForm
instanceKlass org/junit/runner/Result
instanceKlass org/eclipse/jdt/internal/junit4/runner/JUnit4TestReference$1
instanceKlass org/junit/runner/notification/RunListener$ThreadSafe
instanceKlass org/junit/runner/notification/RunNotifier
instanceKlass org/eclipse/jdt/internal/junit4/runner/JUnit4Identifier
instanceKlass org/eclipse/jdt/internal/junit/runner/IStopListener
instanceKlass org/junit/runner/notification/RunListener
instanceKlass org/eclipse/jdt/internal/junit4/runner/JUnit4TestReference
instanceKlass org/junit/runner/OrderWith
instanceKlass io/cucumber/junit/PickleRunners$PickleId
instanceKlass io/cucumber/junit/FeatureRunner$$Lambda$142
instanceKlass io/cucumber/junit/FeatureRunner$FeatureId
instanceKlass org/junit/runner/Description
instanceKlass io/cucumber/junit/PickleRunners$NoStepDescriptions
instanceKlass io/cucumber/junit/PickleRunners
instanceKlass io/cucumber/junit/FeatureRunner$$Lambda$141
instanceKlass io/cucumber/junit/FeatureRunner$$Lambda$140
instanceKlass io/cucumber/junit/PickleRunners$PickleRunner
instanceKlass io/cucumber/junit/FeatureRunner$$Lambda$139
instanceKlass io/cucumber/junit/FileNameCompatibleNames
instanceKlass io/cucumber/junit/Cucumber$$Lambda$138
instanceKlass io/cucumber/junit/Cucumber$$Lambda$137
instanceKlass java/lang/invoke/LambdaForm$MH
instanceKlass io/cucumber/junit/Cucumber$$Lambda$136
instanceKlass java/util/stream/Collectors$$Lambda$135
instanceKlass java/util/stream/Collectors$$Lambda$134
instanceKlass java/util/stream/Collectors$$Lambda$133
instanceKlass java/lang/invoke/LambdaForm$DMH
instanceKlass java/util/stream/Collectors$$Lambda$132
instanceKlass io/cucumber/junit/Cucumber$$Lambda$131
instanceKlass io/cucumber/core/options/RuntimeOptions$$Lambda$130
instanceKlass java/lang/invoke/LambdaForm$BMH
instanceKlass io/cucumber/core/filter/Filters$$Lambda$129
instanceKlass io/cucumber/core/filter/Filters
instanceKlass io/cucumber/core/runtime/RethrowingThrowableCollector
instanceKlass java/util/ResourceBundle$Control$1
instanceKlass io/cucumber/core/runtime/CucumberExecutionContext
instanceKlass io/cucumber/core/runtime/ThreadLocalRunnerSupplier$$Lambda$128
instanceKlass io/cucumber/core/runner/Runner
instanceKlass io/cucumber/core/runtime/ThreadLocalRunnerSupplier
instanceKlass io/cucumber/junit/Cucumber$$Lambda$127
instanceKlass java/lang/invoke/LambdaForm$BMH
instanceKlass java/lang/invoke/LambdaForm$BMH
instanceKlass java/lang/invoke/LambdaForm$MH
instanceKlass java/lang/invoke/LambdaForm$MH
instanceKlass java/lang/invoke/LambdaForm$BMH
instanceKlass java/lang/invoke/LambdaForm$BMH
instanceKlass java/lang/invoke/LambdaForm$BMH
instanceKlass java/lang/invoke/LambdaForm$BMH
instanceKlass java/lang/invoke/LambdaForm$BMH
instanceKlass java/lang/invoke/LambdaForm$DMH
instanceKlass java/lang/invoke/LambdaForm$DMH
instanceKlass sun/invoke/util/ValueConversions$WrapperCache
instanceKlass java/lang/invoke/LambdaForm$MH
instanceKlass java/lang/invoke/LambdaForm$DMH
instanceKlass java/lang/invoke/MethodHandleImpl$BindCaller$T
instanceKlass java/lang/invoke/LambdaForm$BMH
instanceKlass java/lang/invoke/LambdaForm$MH
instanceKlass java/lang/invoke/LambdaForm$DMH
instanceKlass java/lang/invoke/LambdaForm$DMH
instanceKlass java/lang/invoke/LambdaForm$MH
instanceKlass java/lang/invoke/LambdaForm$DMH
instanceKlass java/lang/invoke/LambdaForm$DMH
instanceKlass java/lang/invoke/MethodHandleImpl$ArrayAccessor
instanceKlass java/lang/invoke/LambdaForm$BMH
instanceKlass java/lang/invoke/MethodHandleImpl$BindCaller$T
instanceKlass java/lang/invoke/MethodHandleImpl$BindCaller$2
instanceKlass java/lang/invoke/LambdaForm$DMH
instanceKlass java/lang/invoke/MethodHandleImpl$BindCaller
instanceKlass io/cucumber/core/runtime/BackendServiceLoader
instanceKlass io/cucumber/core/runtime/ThreadLocalObjectFactorySupplier$$Lambda$126
instanceKlass io/cucumber/core/runtime/ThreadLocalObjectFactorySupplier
instanceKlass io/cucumber/core/runtime/ObjectFactoryServiceLoader
instanceKlass io/cucumber/core/runtime/ExitStatus$$Lambda$125
instanceKlass io/cucumber/plugin/event/EventHandler
instanceKlass io/cucumber/plugin/event/TimeStampedEvent
instanceKlass io/cucumber/plugin/event/Event
instanceKlass io/cucumber/core/runtime/ExitStatus
instanceKlass java/util/Comparators$NullComparator
instanceKlass io/cucumber/junitxmlformatter/XmlReportData$$Lambda$124
instanceKlass io/cucumber/messages/types/TestStepResult
instanceKlass io/cucumber/messages/types/Duration
instanceKlass java/time/temporal/Temporal
instanceKlass io/cucumber/junitxmlformatter/XmlReportData
instanceKlass io/cucumber/junitxmlformatter/MessagesToJunitXmlWriter
instanceKlass io/cucumber/core/plugin/TestSourcesModel
instanceKlass io/cucumber/core/plugin/HtmlFormatter$$Lambda$123
instanceKlass io/cucumber/htmlformatter/MessagesToHtmlWriter$Serializer
instanceKlass java/lang/invoke/LambdaForm$DMH
instanceKlass io/cucumber/core/internal/com/fasterxml/jackson/databind/cfg/ConstructorDetector
instanceKlass io/cucumber/core/internal/com/fasterxml/jackson/databind/deser/Deserializers$Base
instanceKlass io/cucumber/core/internal/com/fasterxml/jackson/databind/util/ArrayBuilders
instanceKlass io/cucumber/core/internal/com/fasterxml/jackson/databind/ser/Serializers$Base
instanceKlass io/cucumber/core/internal/com/fasterxml/jackson/databind/ObjectMapper$1
instanceKlass io/cucumber/core/internal/com/fasterxml/jackson/core/Version
instanceKlass io/cucumber/core/internal/com/fasterxml/jackson/core/util/VersionUtil
instanceKlass io/cucumber/core/internal/com/fasterxml/jackson/datatype/jdk8/PackageVersion
instanceKlass io/cucumber/core/internal/com/fasterxml/jackson/databind/type/TypeModifier
instanceKlass io/cucumber/core/internal/com/fasterxml/jackson/databind/ser/BeanSerializerModifier
instanceKlass io/cucumber/core/internal/com/fasterxml/jackson/databind/ser/Serializers
instanceKlass io/cucumber/core/internal/com/fasterxml/jackson/databind/cfg/SerializerFactoryConfig
instanceKlass io/cucumber/core/internal/com/fasterxml/jackson/databind/ser/std/StdJdkSerializers
instanceKlass io/cucumber/core/internal/com/fasterxml/jackson/databind/ser/std/NumberSerializers
instanceKlass io/cucumber/core/internal/com/fasterxml/jackson/databind/deser/DeserializerCache
instanceKlass io/cucumber/core/internal/com/fasterxml/jackson/databind/KeyDeserializer
instanceKlass io/cucumber/core/internal/com/fasterxml/jackson/databind/deser/std/StdKeyDeserializers
instanceKlass io/cucumber/core/internal/com/fasterxml/jackson/databind/deser/KeyDeserializers
instanceKlass io/cucumber/core/internal/com/fasterxml/jackson/databind/deser/ValueInstantiators
instanceKlass io/cucumber/core/internal/com/fasterxml/jackson/databind/AbstractTypeResolver
instanceKlass io/cucumber/core/internal/com/fasterxml/jackson/databind/deser/BeanDeserializerModifier
instanceKlass io/cucumber/core/internal/com/fasterxml/jackson/databind/cfg/DeserializerFactoryConfig
instanceKlass io/cucumber/core/internal/com/fasterxml/jackson/databind/PropertyName
instanceKlass io/cucumber/core/internal/com/fasterxml/jackson/databind/deser/Deserializers
instanceKlass io/cucumber/core/internal/com/fasterxml/jackson/annotation/ObjectIdGenerator
instanceKlass io/cucumber/core/internal/com/fasterxml/jackson/databind/deser/ResolvableDeserializer
instanceKlass io/cucumber/core/internal/com/fasterxml/jackson/databind/deser/ValueInstantiator$Gettable
instanceKlass io/cucumber/core/internal/com/fasterxml/jackson/databind/deser/ContextualDeserializer
instanceKlass io/cucumber/core/internal/com/fasterxml/jackson/databind/JsonDeserializer
instanceKlass io/cucumber/core/internal/com/fasterxml/jackson/databind/deser/NullValueProvider
instanceKlass io/cucumber/core/internal/com/fasterxml/jackson/databind/ser/SerializerCache
instanceKlass io/cucumber/core/internal/com/fasterxml/jackson/databind/ser/ResolvableSerializer
instanceKlass io/cucumber/core/internal/com/fasterxml/jackson/databind/ser/ContextualSerializer
instanceKlass io/cucumber/core/internal/com/fasterxml/jackson/databind/jsonschema/SchemaAware
instanceKlass io/cucumber/core/internal/com/fasterxml/jackson/databind/JsonSerializer
instanceKlass io/cucumber/core/internal/com/fasterxml/jackson/databind/jsonFormatVisitors/JsonFormatVisitable
instanceKlass io/cucumber/core/internal/com/fasterxml/jackson/databind/node/JsonNodeFactory
instanceKlass io/cucumber/core/internal/com/fasterxml/jackson/databind/node/JsonNodeCreator
instanceKlass io/cucumber/core/internal/com/fasterxml/jackson/databind/cfg/ContextAttributes
instanceKlass io/cucumber/core/internal/com/fasterxml/jackson/databind/cfg/DatatypeFeature
instanceKlass io/cucumber/core/internal/com/fasterxml/jackson/databind/cfg/DatatypeFeatures$DefaultHolder
instanceKlass io/cucumber/core/internal/com/fasterxml/jackson/databind/cfg/DatatypeFeatures
instanceKlass io/cucumber/core/internal/com/fasterxml/jackson/core/util/Separators
instanceKlass io/cucumber/core/internal/com/fasterxml/jackson/core/util/DefaultPrettyPrinter$NopIndenter
instanceKlass io/cucumber/core/internal/com/fasterxml/jackson/databind/cfg/ConfigFeature
instanceKlass io/cucumber/core/internal/com/fasterxml/jackson/databind/cfg/ConfigOverride
instanceKlass io/cucumber/core/internal/com/fasterxml/jackson/annotation/JsonFormat$Features
instanceKlass io/cucumber/core/internal/com/fasterxml/jackson/annotation/JsonFormat$Value
instanceKlass io/cucumber/core/internal/com/fasterxml/jackson/databind/cfg/CoercionConfig
instanceKlass io/cucumber/core/internal/com/fasterxml/jackson/databind/cfg/CoercionConfigs
instanceKlass io/cucumber/core/internal/com/fasterxml/jackson/databind/introspect/VisibilityChecker$Std
instanceKlass io/cucumber/core/internal/com/fasterxml/jackson/annotation/JsonSetter$Value
instanceKlass io/cucumber/core/internal/com/fasterxml/jackson/annotation/JsonInclude$Value
instanceKlass io/cucumber/core/internal/com/fasterxml/jackson/annotation/JacksonAnnotationValue
instanceKlass io/cucumber/core/internal/com/fasterxml/jackson/databind/cfg/ConfigOverrides
instanceKlass io/cucumber/core/internal/com/fasterxml/jackson/databind/introspect/AnnotatedClass$Creators
instanceKlass io/cucumber/core/internal/com/fasterxml/jackson/databind/introspect/AnnotationCollector$NoAnnotations
instanceKlass io/cucumber/core/internal/com/fasterxml/jackson/databind/util/Annotations
instanceKlass io/cucumber/core/internal/com/fasterxml/jackson/databind/introspect/AnnotationCollector
instanceKlass io/cucumber/core/internal/com/fasterxml/jackson/databind/introspect/AnnotatedClassResolver
instanceKlass io/cucumber/core/internal/com/fasterxml/jackson/databind/BeanDescription
instanceKlass io/cucumber/core/internal/com/fasterxml/jackson/databind/cfg/MapperConfig
instanceKlass io/cucumber/core/internal/com/fasterxml/jackson/databind/introspect/SimpleMixInResolver
instanceKlass io/cucumber/core/internal/com/fasterxml/jackson/databind/introspect/ClassIntrospector$MixInResolver
instanceKlass io/cucumber/core/internal/com/fasterxml/jackson/databind/util/RootNameLookup
instanceKlass io/cucumber/core/internal/com/fasterxml/jackson/core/StreamReadConstraints
instanceKlass io/cucumber/core/internal/com/fasterxml/jackson/core/sym/ByteQuadsCanonicalizer$TableInfo
instanceKlass io/cucumber/core/internal/com/fasterxml/jackson/core/sym/ByteQuadsCanonicalizer
instanceKlass io/cucumber/core/internal/com/fasterxml/jackson/core/sym/CharsToNameCanonicalizer$Bucket
instanceKlass io/cucumber/core/internal/com/fasterxml/jackson/core/sym/CharsToNameCanonicalizer$TableInfo
instanceKlass io/cucumber/core/internal/com/fasterxml/jackson/core/sym/CharsToNameCanonicalizer
instanceKlass io/cucumber/core/internal/com/fasterxml/jackson/core/io/CharTypes
instanceKlass io/cucumber/core/internal/com/fasterxml/jackson/core/io/JsonStringEncoder
instanceKlass io/cucumber/core/internal/com/fasterxml/jackson/core/io/SerializedString
instanceKlass io/cucumber/core/internal/com/fasterxml/jackson/core/util/DefaultPrettyPrinter$Indenter
instanceKlass io/cucumber/core/internal/com/fasterxml/jackson/core/util/DefaultPrettyPrinter
instanceKlass io/cucumber/core/internal/com/fasterxml/jackson/core/util/Instantiatable
instanceKlass io/cucumber/core/internal/com/fasterxml/jackson/core/PrettyPrinter
instanceKlass io/cucumber/core/internal/com/fasterxml/jackson/core/util/JacksonFeature
instanceKlass io/cucumber/core/internal/com/fasterxml/jackson/core/async/ByteArrayFeeder
instanceKlass io/cucumber/core/internal/com/fasterxml/jackson/core/async/ByteBufferFeeder
instanceKlass io/cucumber/core/internal/com/fasterxml/jackson/core/async/NonBlockingInputFeeder
instanceKlass io/cucumber/core/internal/com/fasterxml/jackson/core/TSFBuilder
instanceKlass io/cucumber/core/internal/com/fasterxml/jackson/core/SerializableString
instanceKlass io/cucumber/core/internal/com/fasterxml/jackson/databind/cfg/MapperBuilder
instanceKlass io/cucumber/core/internal/com/fasterxml/jackson/databind/introspect/AccessorNamingStrategy
instanceKlass io/cucumber/core/internal/com/fasterxml/jackson/core/Base64Variant
instanceKlass io/cucumber/core/internal/com/fasterxml/jackson/core/Base64Variants
instanceKlass java/util/Date
instanceKlass java/text/DigitList
instanceKlass java/text/FieldPosition
instanceKlass java/text/DateFormatSymbols
instanceKlass sun/util/calendar/CalendarUtils
instanceKlass sun/util/calendar/CalendarDate
instanceKlass sun/util/locale/provider/CalendarDataUtility$CalendarWeekParameterGetter
instanceKlass sun/util/locale/provider/CalendarDataUtility
instanceKlass java/util/Calendar$Builder
instanceKlass java/util/TimeZone$1
instanceKlass java/util/zip/CRC32
instanceKlass java/util/zip/Checksum
instanceKlass java/text/AttributedCharacterIterator$Attribute
instanceKlass java/util/Calendar
instanceKlass io/cucumber/core/internal/com/fasterxml/jackson/databind/type/TypeBindings
instanceKlass io/cucumber/core/internal/com/fasterxml/jackson/databind/type/TypeParser
instanceKlass io/cucumber/core/internal/com/fasterxml/jackson/databind/type/TypeFactory
instanceKlass sun/util/calendar/ZoneInfoFile$ZoneOffsetTransitionRule
instanceKlass sun/util/calendar/ZoneInfoFile$1
instanceKlass sun/util/calendar/ZoneInfoFile
instanceKlass sun/util/calendar/CalendarSystem
instanceKlass java/util/TimeZone
instanceKlass io/cucumber/core/internal/com/fasterxml/jackson/databind/cfg/BaseSettings
instanceKlass java/util/concurrent/atomic/AtomicReferenceArray
instanceKlass java/util/concurrent/atomic/AtomicLongArray
instanceKlass java/util/concurrent/atomic/AtomicReference
instanceKlass java/util/concurrent/ConcurrentLinkedQueue$Node
instanceKlass io/cucumber/core/internal/com/fasterxml/jackson/databind/util/internal/Linked
instanceKlass io/cucumber/core/internal/com/fasterxml/jackson/databind/util/internal/PrivateMaxEntriesMap$Builder
instanceKlass io/cucumber/core/internal/com/fasterxml/jackson/databind/util/LRUMap
instanceKlass io/cucumber/core/internal/com/fasterxml/jackson/databind/util/LookupCache
instanceKlass java/beans/ConstructorProperties
instanceKlass java/beans/Transient
instanceKlass io/cucumber/core/internal/com/fasterxml/jackson/databind/util/ClassUtil$Ctor
instanceKlass io/cucumber/core/internal/com/fasterxml/jackson/databind/util/ClassUtil
instanceKlass io/cucumber/core/internal/com/fasterxml/jackson/databind/ext/Java7Support
instanceKlass io/cucumber/core/internal/com/fasterxml/jackson/annotation/JsonMerge
instanceKlass io/cucumber/core/internal/com/fasterxml/jackson/databind/annotation/JsonDeserialize
instanceKlass io/cucumber/core/internal/com/fasterxml/jackson/annotation/JsonManagedReference
instanceKlass io/cucumber/core/internal/com/fasterxml/jackson/annotation/JsonBackReference
instanceKlass io/cucumber/core/internal/com/fasterxml/jackson/annotation/JsonUnwrapped
instanceKlass io/cucumber/core/internal/com/fasterxml/jackson/annotation/JsonRawValue
instanceKlass io/cucumber/core/internal/com/fasterxml/jackson/annotation/JsonTypeInfo
instanceKlass io/cucumber/core/internal/com/fasterxml/jackson/annotation/JsonFormat
instanceKlass io/cucumber/core/internal/com/fasterxml/jackson/annotation/JsonView
instanceKlass io/cucumber/core/internal/com/fasterxml/jackson/databind/annotation/JsonSerialize
instanceKlass io/cucumber/core/internal/com/fasterxml/jackson/databind/introspect/ConcreteBeanPropertyBase
instanceKlass io/cucumber/core/internal/com/fasterxml/jackson/databind/BeanProperty
instanceKlass io/cucumber/core/internal/com/fasterxml/jackson/databind/introspect/BeanPropertyDefinition
instanceKlass io/cucumber/core/internal/com/fasterxml/jackson/databind/util/Named
instanceKlass io/cucumber/core/internal/com/fasterxml/jackson/databind/introspect/TypeResolutionContext
instanceKlass io/cucumber/core/internal/com/fasterxml/jackson/databind/introspect/Annotated
instanceKlass io/cucumber/core/internal/com/fasterxml/jackson/databind/introspect/ClassIntrospector
instanceKlass io/cucumber/core/internal/com/fasterxml/jackson/databind/introspect/VisibilityChecker
instanceKlass io/cucumber/core/internal/com/fasterxml/jackson/core/type/ResolvedType
instanceKlass io/cucumber/core/internal/com/fasterxml/jackson/core/JsonGenerator
instanceKlass io/cucumber/core/internal/com/fasterxml/jackson/core/JsonParser
instanceKlass io/cucumber/core/internal/com/fasterxml/jackson/databind/JsonSerializable$Base
instanceKlass io/cucumber/core/internal/com/fasterxml/jackson/databind/JsonSerializable
instanceKlass io/cucumber/core/internal/com/fasterxml/jackson/core/TreeNode
instanceKlass io/cucumber/core/internal/com/fasterxml/jackson/databind/Module$SetupContext
instanceKlass io/cucumber/core/internal/com/fasterxml/jackson/databind/jsontype/TypeResolverBuilder
instanceKlass java/text/Format
instanceKlass io/cucumber/core/internal/com/fasterxml/jackson/databind/jsontype/PolymorphicTypeValidator
instanceKlass io/cucumber/core/internal/com/fasterxml/jackson/databind/introspect/AccessorNamingStrategy$Provider
instanceKlass io/cucumber/core/internal/com/fasterxml/jackson/databind/AnnotationIntrospector
instanceKlass io/cucumber/core/internal/com/fasterxml/jackson/databind/ser/SerializerFactory
instanceKlass io/cucumber/core/internal/com/fasterxml/jackson/databind/deser/DeserializerFactory
instanceKlass io/cucumber/core/internal/com/fasterxml/jackson/databind/DatabindContext
instanceKlass io/cucumber/core/internal/com/fasterxml/jackson/databind/jsontype/SubtypeResolver
instanceKlass io/cucumber/core/internal/com/fasterxml/jackson/core/TokenStreamFactory
instanceKlass io/cucumber/core/internal/com/fasterxml/jackson/core/TreeCodec
instanceKlass io/cucumber/core/internal/com/fasterxml/jackson/databind/Module
instanceKlass io/cucumber/core/internal/com/fasterxml/jackson/core/Versioned
instanceKlass io/cucumber/core/plugin/Jackson
instanceKlass io/cucumber/htmlformatter/MessagesToHtmlWriter
instanceKlass io/cucumber/plugin/StrictAware
instanceKlass io/cucumber/core/plugin/Formats$Monochrome
instanceKlass io/cucumber/core/plugin/UTF8PrintWriter
instanceKlass io/cucumber/core/plugin/Format$Color
instanceKlass io/cucumber/core/plugin/Format
instanceKlass io/cucumber/core/plugin/AnsiEscapes
instanceKlass io/cucumber/core/plugin/Formats$Ansi
instanceKlass io/cucumber/core/plugin/Formats
instanceKlass io/cucumber/core/plugin/PluginFactory
instanceKlass io/cucumber/core/plugin/Plugins
instanceKlass io/cucumber/core/runtime/FeaturePathFeatureSupplier$FeatureBuilder$$Lambda$122
instanceKlass io/cucumber/core/runtime/FeaturePathFeatureSupplier$$Lambda$121
instanceKlass java/lang/invoke/LambdaForm$MH
instanceKlass java/lang/invoke/LambdaForm$DMH
instanceKlass java/lang/invoke/LambdaForm$DMH
instanceKlass io/cucumber/core/gherkin/messages/GherkinMessagesExamples$$Lambda$120
instanceKlass io/cucumber/core/gherkin/messages/GherkinMessagesExample
instanceKlass io/cucumber/plugin/event/Node$Example
instanceKlass io/cucumber/core/gherkin/messages/GherkinMessagesScenarioOutline$$Lambda$119
instanceKlass io/cucumber/core/gherkin/messages/GherkinMessagesExamples
instanceKlass io/cucumber/plugin/event/Node$Examples
instanceKlass io/cucumber/core/gherkin/messages/GherkinMessagesScenarioOutline
instanceKlass io/cucumber/plugin/event/Node$ScenarioOutline
instanceKlass io/cucumber/core/gherkin/messages/GherkinMessagesFeature$$Lambda$118
instanceKlass io/cucumber/core/gherkin/messages/GherkinMessagesFeature$$Lambda$117
instanceKlass java/lang/invoke/LambdaForm$DMH
instanceKlass io/cucumber/core/gherkin/messages/GherkinMessagesFeature
instanceKlass io/cucumber/core/gherkin/messages/GherkinMessagesFeatureParser$$Lambda$116
instanceKlass io/cucumber/core/gherkin/messages/GherkinMessagesFeatureParser$$Lambda$115
instanceKlass io/cucumber/core/gherkin/messages/GherkinMessagesFeatureParser$$Lambda$114
instanceKlass io/cucumber/core/gherkin/messages/GherkinMessagesFeatureParser$$Lambda$113
instanceKlass io/cucumber/core/gherkin/messages/GherkinMessagesStep$$Lambda$112
instanceKlass io/cucumber/messages/types/PickleStepArgument
instanceKlass io/cucumber/core/gherkin/Argument
instanceKlass io/cucumber/plugin/event/StepArgument
instanceKlass io/cucumber/core/gherkin/messages/GherkinMessagesStep
instanceKlass io/cucumber/plugin/event/Location
instanceKlass io/cucumber/core/gherkin/messages/GherkinMessagesLocation
instanceKlass io/cucumber/core/gherkin/messages/GherkinMessagesPickle$$Lambda$111
instanceKlass io/cucumber/core/gherkin/messages/GherkinMessagesPickle$$Lambda$110
instanceKlass io/cucumber/core/gherkin/Step
instanceKlass io/cucumber/plugin/event/Step
instanceKlass io/cucumber/core/gherkin/messages/GherkinMessagesFeatureParser$$Lambda$109
instanceKlass io/cucumber/core/gherkin/messages/GherkinMessagesPickle
instanceKlass io/cucumber/core/gherkin/messages/GherkinMessagesFeatureParser$$Lambda$108
instanceKlass io/cucumber/core/gherkin/messages/GherkinMessagesFeatureParser$$Lambda$107
instanceKlass io/cucumber/core/gherkin/messages/GherkinMessagesFeatureParser$$Lambda$106
instanceKlass io/cucumber/core/gherkin/messages/GherkinMessagesFeatureParser$$Lambda$105
instanceKlass io/cucumber/core/gherkin/messages/CucumberQuery$$Lambda$104
instanceKlass io/cucumber/messages/types/Rule
instanceKlass io/cucumber/core/gherkin/messages/CucumberQuery$$Lambda$103
instanceKlass io/cucumber/core/gherkin/messages/CucumberQuery$$Lambda$102
instanceKlass io/cucumber/messages/types/Background
instanceKlass io/cucumber/core/gherkin/messages/CucumberQuery$$Lambda$101
instanceKlass java/lang/invoke/LambdaForm$DMH
instanceKlass io/cucumber/core/gherkin/messages/CucumberQuery
instanceKlass io/cucumber/core/gherkin/messages/GherkinMessagesFeatureParser$$Lambda$100
instanceKlass io/cucumber/core/gherkin/messages/GherkinMessagesFeatureParser$$Lambda$99
instanceKlass io/cucumber/core/gherkin/messages/GherkinMessagesFeatureParser$$Lambda$98
instanceKlass io/cucumber/core/gherkin/messages/GherkinMessagesFeatureParser$$Lambda$97
instanceKlass java/util/stream/FindOps$$Lambda$96
instanceKlass java/util/stream/FindOps$FindSink
instanceKlass java/util/stream/FindOps$$Lambda$95
instanceKlass java/util/stream/FindOps$FindOp
instanceKlass java/util/stream/FindOps
instanceKlass io/cucumber/core/gherkin/messages/GherkinMessagesFeatureParser$$Lambda$94
instanceKlass io/cucumber/core/gherkin/messages/GherkinMessagesFeatureParser$$Lambda$93
instanceKlass io/cucumber/core/gherkin/messages/GherkinMessagesFeatureParser$$Lambda$92
instanceKlass io/cucumber/core/gherkin/messages/GherkinMessagesFeatureParser$$Lambda$91
instanceKlass io/cucumber/core/gherkin/messages/GherkinMessagesFeatureParser$$Lambda$90
instanceKlass io/cucumber/messages/types/ParseError
instanceKlass io/cucumber/core/gherkin/messages/GherkinMessagesFeatureParser$$Lambda$89
instanceKlass java/lang/invoke/LambdaForm$DMH
instanceKlass io/cucumber/core/gherkin/messages/GherkinMessagesFeatureParser$$Lambda$88
instanceKlass io/cucumber/gherkin/GherkinParser$$Lambda$87
instanceKlass java/util/stream/Collectors$$Lambda$86
instanceKlass java/util/stream/Collectors$$Lambda$85
instanceKlass io/cucumber/gherkin/GherkinParser$$Lambda$84
instanceKlass io/cucumber/gherkin/GherkinParser$$Lambda$83
instanceKlass io/cucumber/messages/types/Pickle
instanceKlass io/cucumber/messages/types/PickleStep
instanceKlass java/util/Collections$2
instanceKlass io/cucumber/gherkin/PickleCompiler$$Lambda$82
instanceKlass io/cucumber/messages/types/GherkinDocument
instanceKlass io/cucumber/messages/types/Feature
instanceKlass io/cucumber/messages/types/FeatureChild
instanceKlass io/cucumber/messages/types/Scenario
instanceKlass io/cucumber/messages/types/Examples
instanceKlass io/cucumber/messages/types/TableCell
instanceKlass io/cucumber/messages/types/TableRow
instanceKlass io/cucumber/gherkin/GherkinLineSpan
instanceKlass java/util/Tripwire$$Lambda$81
instanceKlass java/util/Tripwire
instanceKlass java/util/Spliterators$IntIteratorSpliterator
instanceKlass java/lang/CharSequence$1CodePointIterator
instanceKlass java/util/Spliterators$2Adapter
instanceKlass java/util/function/IntConsumer
instanceKlass java/util/PrimitiveIterator$OfInt
instanceKlass java/util/PrimitiveIterator
instanceKlass java/util/stream/StreamSpliterators$DelegatingSpliterator
instanceKlass java/util/stream/IntStream
instanceKlass java/lang/CharSequence$$Lambda$80
instanceKlass sun/nio/fs/BasicFileAttributesHolder
instanceKlass sun/nio/fs/WindowsDirectoryStream$WindowsDirectoryIterator
instanceKlass sun/nio/fs/WindowsDirectoryStream
instanceKlass java/nio/file/DirectoryStream
instanceKlass java/nio/file/Files$AcceptAllFilter
instanceKlass java/nio/file/DirectoryStream$Filter
instanceKlass java/net/NetworkInterface$2
instanceKlass java/net/DefaultInterface
instanceKlass java/net/InterfaceAddress
instanceKlass java/net/NetworkInterface$1
instanceKlass java/net/NetworkInterface
instanceKlass sun/security/provider/ByteArrayAccess
instanceKlass sun/security/provider/SeedGenerator$1
instanceKlass sun/security/provider/SeedGenerator
instanceKlass sun/security/provider/SecureRandom$SeederHolder
instanceKlass sun/security/jca/GetInstance$Instance
instanceKlass java/security/MessageDigestSpi
instanceKlass sun/security/jca/GetInstance
instanceKlass java/security/SecureRandomSpi
instanceKlass java/security/Provider$UString
instanceKlass java/security/Provider$Service
instanceKlass sun/security/provider/NativePRNG$NonBlocking
instanceKlass sun/security/provider/NativePRNG$Blocking
instanceKlass sun/security/provider/NativePRNG
instanceKlass sun/security/provider/SunEntries$1
instanceKlass sun/security/provider/SunEntries
instanceKlass sun/security/jca/ProviderConfig$2
instanceKlass java/security/Security$1
instanceKlass java/security/Security
instanceKlass sun/security/jca/ProviderList$2
instanceKlass sun/misc/FDBigInteger
instanceKlass java/security/Provider$EngineDescription
instanceKlass java/security/Provider$ServiceKey
instanceKlass sun/security/jca/ProviderConfig
instanceKlass sun/security/jca/ProviderList
instanceKlass sun/security/jca/Providers
instanceKlass java/util/Random
instanceKlass java/util/UUID$Holder
instanceKlass io/cucumber/messages/types/Location
instanceKlass io/cucumber/messages/types/Step
instanceKlass io/cucumber/gherkin/Parser$14
instanceKlass io/cucumber/gherkin/Parser$15
instanceKlass io/cucumber/gherkin/GherkinDocumentBuilder$$Lambda$79
instanceKlass io/cucumber/gherkin/Parser$17
instanceKlass io/cucumber/gherkin/Parser$9
instanceKlass io/cucumber/gherkin/Parser$12
instanceKlass io/cucumber/gherkin/Parser$13
instanceKlass io/cucumber/gherkin/GherkinDocumentBuilder$1
instanceKlass io/cucumber/gherkin/Parser$3
instanceKlass io/cucumber/gherkin/Parser$11
instanceKlass io/cucumber/gherkin/Parser$10
instanceKlass io/cucumber/gherkin/Parser$6
instanceKlass io/cucumber/gherkin/Parser$5
instanceKlass io/cucumber/gherkin/AstNode$$Lambda$78
instanceKlass io/cucumber/gherkin/Parser$1
instanceKlass io/cucumber/gherkin/Parser$8
instanceKlass io/cucumber/gherkin/Parser$7
instanceKlass io/cucumber/gherkin/Parser$16
instanceKlass io/cucumber/gherkin/Parser$4
instanceKlass io/cucumber/gherkin/StringUtils
instanceKlass io/cucumber/gherkin/GherkinLine
instanceKlass io/cucumber/gherkin/Token
instanceKlass io/cucumber/gherkin/Location
instanceKlass io/cucumber/gherkin/Parser$2
instanceKlass io/cucumber/gherkin/Parser$ParserContext
instanceKlass io/cucumber/gherkin/GherkinDialectProvider$$Lambda$77
instanceKlass io/cucumber/gherkin/GherkinDialect
instanceKlass io/cucumber/gherkin/GherkinDialects
instanceKlass io/cucumber/gherkin/GherkinDialectProvider
instanceKlass io/cucumber/gherkin/TokenMatcher
instanceKlass io/cucumber/gherkin/IGherkinLine
instanceKlass io/cucumber/gherkin/TokenScanner
instanceKlass io/cucumber/gherkin/Func
instanceKlass io/cucumber/gherkin/Parser$ITokenMatcher
instanceKlass io/cucumber/gherkin/Parser$ITokenScanner
instanceKlass io/cucumber/gherkin/Parser
instanceKlass io/cucumber/gherkin/AstNode
instanceKlass io/cucumber/gherkin/GherkinDocumentBuilder
instanceKlass io/cucumber/gherkin/GherkinParser$$Lambda$76
instanceKlass io/cucumber/messages/types/Envelope
instanceKlass io/cucumber/messages/types/Source
instanceKlass io/cucumber/gherkin/EncodingParser$$Lambda$75
instanceKlass java/util/ArrayList$SubList$1
instanceKlass io/cucumber/gherkin/EncodingParser
instanceKlass sun/nio/ch/IOStatus
instanceKlass java/nio/DirectByteBuffer$Deallocator
instanceKlass sun/nio/ch/Util$BufferCache
instanceKlass sun/nio/ch/Util$2
instanceKlass sun/nio/ch/Util
instanceKlass sun/nio/ch/NativeThread
instanceKlass java/nio/channels/spi/AbstractInterruptibleChannel$1
instanceKlass sun/nio/ch/Interruptible
instanceKlass io/cucumber/gherkin/InputStreams
instanceKlass io/cucumber/gherkin/PickleCompiler
instanceKlass io/cucumber/core/gherkin/messages/GherkinMessagesFeatureParser$$Lambda$74
instanceKlass io/cucumber/gherkin/GherkinParser$Builder$$Lambda$73
instanceKlass io/cucumber/messages/IdGenerator
instanceKlass io/cucumber/gherkin/GherkinParser$Builder
instanceKlass io/cucumber/gherkin/Parser$Builder
instanceKlass io/cucumber/gherkin/GherkinParser
instanceKlass java/nio/channels/Channels
instanceKlass sun/nio/fs/WindowsSecurityDescriptor
instanceKlass io/cucumber/core/feature/FeatureParser$$Lambda$72
instanceKlass io/cucumber/core/gherkin/Feature
instanceKlass io/cucumber/plugin/event/Node$Feature
instanceKlass io/cucumber/plugin/event/Node$Container
instanceKlass io/cucumber/plugin/event/Node
instanceKlass io/cucumber/core/gherkin/messages/GherkinMessagesFeatureParser
instanceKlass sun/net/www/protocol/jar/JarFileFactory
instanceKlass sun/net/www/protocol/jar/URLJarFile$URLJarFileCloseController
instanceKlass io/cucumber/core/gherkin/FeatureParser
instanceKlass io/cucumber/core/resource/Resources$UriResource
instanceKlass java/util/function/BiFunction$$Lambda$71
instanceKlass java/util/stream/Collectors$$Lambda$70
instanceKlass java/util/stream/Collectors$$Lambda$69
instanceKlass java/util/stream/Collectors$$Lambda$68
instanceKlass java/lang/invoke/LambdaForm$MH
instanceKlass java/util/stream/Collectors$$Lambda$67
instanceKlass java/util/StringJoiner
instanceKlass io/cucumber/core/resource/ClasspathSupport$$Lambda$66
instanceKlass java/util/Spliterators$ArraySpliterator
instanceKlass java/util/Spliterator$OfDouble
instanceKlass java/util/Spliterator$OfLong
instanceKlass java/util/Spliterator$OfInt
instanceKlass java/util/Spliterator$OfPrimitive
instanceKlass java/util/Spliterators$EmptySpliterator
instanceKlass java/util/Spliterators
instanceKlass java/nio/file/Files$3
instanceKlass java/nio/file/FileTreeWalker$Event
instanceKlass sun/nio/fs/WindowsFileAttributes
instanceKlass java/nio/file/attribute/DosFileAttributes
instanceKlass sun/nio/fs/AbstractBasicFileAttributeView
instanceKlass sun/nio/fs/DynamicFileAttributeView
instanceKlass sun/nio/fs/WindowsFileAttributeViews
instanceKlass java/nio/file/attribute/BasicFileAttributeView
instanceKlass java/nio/file/attribute/FileAttributeView
instanceKlass java/nio/file/attribute/AttributeView
instanceKlass java/nio/file/attribute/BasicFileAttributes
instanceKlass java/nio/file/FileTreeWalker$1
instanceKlass java/util/RegularEnumSet$EnumSetIterator
instanceKlass java/nio/file/FileTreeWalker
instanceKlass java/lang/invoke/LambdaForm$MH
instanceKlass io/cucumber/core/resource/ResourceScanner$$Lambda$65
instanceKlass java/lang/invoke/LambdaForm$DMH
instanceKlass java/nio/file/SimpleFileVisitor
instanceKlass sun/nio/ch/FileDispatcherImpl$1
instanceKlass sun/nio/ch/NativeDispatcher
instanceKlass sun/nio/ch/NativeThreadSet
instanceKlass sun/nio/ch/IOUtil$1
instanceKlass sun/nio/ch/IOUtil
instanceKlass java/nio/file/attribute/FileAttribute
instanceKlass java/nio/channels/spi/AbstractInterruptibleChannel
instanceKlass java/nio/channels/InterruptibleChannel
instanceKlass java/nio/channels/ScatteringByteChannel
instanceKlass java/nio/channels/GatheringByteChannel
instanceKlass java/nio/channels/SeekableByteChannel
instanceKlass java/nio/channels/ByteChannel
instanceKlass java/nio/channels/WritableByteChannel
instanceKlass java/nio/channels/ReadableByteChannel
instanceKlass java/nio/channels/Channel
instanceKlass sun/nio/fs/NativeBuffer$Deallocator
instanceKlass sun/nio/fs/NativeBuffer
instanceKlass sun/nio/fs/NativeBuffers
instanceKlass sun/nio/fs/WindowsNativeDispatcher$BackupResult
instanceKlass sun/nio/fs/WindowsNativeDispatcher$CompletionStatus
instanceKlass sun/nio/fs/WindowsNativeDispatcher$AclInformation
instanceKlass sun/nio/fs/WindowsNativeDispatcher$Account
instanceKlass sun/nio/fs/WindowsNativeDispatcher$DiskFreeSpace
instanceKlass sun/nio/fs/WindowsNativeDispatcher$VolumeInformation
instanceKlass sun/nio/fs/WindowsNativeDispatcher$FirstStream
instanceKlass sun/nio/fs/WindowsNativeDispatcher$FirstFile
instanceKlass sun/nio/fs/WindowsNativeDispatcher$1
instanceKlass sun/nio/fs/WindowsNativeDispatcher
instanceKlass sun/nio/fs/WindowsChannelFactory$Flags
instanceKlass sun/nio/fs/WindowsChannelFactory$1
instanceKlass sun/nio/fs/WindowsChannelFactory
instanceKlass java/nio/file/Files
instanceKlass java/nio/file/CopyOption
instanceKlass java/nio/file/OpenOption
instanceKlass sun/nio/fs/AbstractPath
instanceKlass sun/nio/fs/WindowsUriSupport
instanceKlass sun/nio/fs/Util
instanceKlass sun/nio/fs/WindowsPathParser$Result
instanceKlass sun/nio/fs/WindowsPathParser
instanceKlass java/nio/file/FileSystem
instanceKlass java/nio/file/spi/FileSystemProvider
instanceKlass sun/nio/fs/DefaultFileSystemProvider
instanceKlass java/nio/file/FileSystems$DefaultFileSystemHolder$1
instanceKlass java/nio/file/FileSystems$DefaultFileSystemHolder
instanceKlass java/nio/file/FileSystems
instanceKlass java/nio/file/Paths
instanceKlass io/cucumber/core/resource/CloseablePath$$Lambda$64
instanceKlass java/lang/invoke/LambdaForm$DMH
instanceKlass java/lang/invoke/LambdaForm$DMH
instanceKlass io/cucumber/core/resource/CloseablePath
instanceKlass io/cucumber/core/resource/JarUriFileSystemService
instanceKlass java/lang/invoke/LambdaForm$MH
instanceKlass io/cucumber/core/resource/ResourceScanner$$Lambda$63
instanceKlass io/cucumber/core/resource/ResourceScanner$$Lambda$62
instanceKlass io/cucumber/core/resource/Resources$$Lambda$61
instanceKlass io/cucumber/core/resource/Resources
instanceKlass io/cucumber/core/runtime/FeaturePathFeatureSupplier$FeatureBuilder
instanceKlass io/cucumber/core/runtime/FeaturePathFeatureSupplier$$Lambda$60
instanceKlass java/util/stream/ReduceOps$Box
instanceKlass java/util/stream/ReduceOps$AccumulatingSink
instanceKlass java/util/stream/TerminalSink
instanceKlass java/util/stream/ReduceOps$ReduceOp
instanceKlass java/util/stream/ReduceOps
instanceKlass java/util/stream/Collectors$$Lambda$59
instanceKlass java/util/stream/Collectors$$Lambda$58
instanceKlass java/util/function/BinaryOperator
instanceKlass java/util/stream/Collectors$$Lambda$57
instanceKlass java/util/function/BiConsumer
instanceKlass java/lang/invoke/LambdaForm$DMH
instanceKlass java/util/stream/Collectors$$Lambda$56
instanceKlass java/lang/invoke/LambdaForm$DMH
instanceKlass java/util/stream/Collectors$CollectorImpl
instanceKlass java/util/stream/Collector
instanceKlass java/util/stream/Collectors
instanceKlass java/util/stream/DistinctOps
instanceKlass java/util/stream/SortedOps
instanceKlass io/cucumber/core/options/RuntimeOptions$$Lambda$55
instanceKlass java/nio/file/FileVisitor
instanceKlass io/cucumber/core/resource/PathScanner
instanceKlass io/cucumber/core/runtime/FeaturePathFeatureSupplier$$Lambda$54
instanceKlass io/cucumber/core/resource/Resource
instanceKlass io/cucumber/core/runtime/FeaturePathFeatureSupplier$$Lambda$53
instanceKlass io/cucumber/core/feature/FeatureIdentifier
instanceKlass io/cucumber/core/resource/ResourceScanner$$Lambda$52
instanceKlass io/cucumber/core/resource/ResourceScanner
instanceKlass io/cucumber/core/runtime/FeaturePathFeatureSupplier
instanceKlass io/cucumber/core/runtime/FeatureSupplier
instanceKlass io/cucumber/junit/Cucumber$$Lambda$51
instanceKlass io/cucumber/core/resource/ClassLoaders
instanceKlass io/cucumber/junit/Cucumber$$Lambda$50
instanceKlass io/cucumber/core/feature/FeatureParser
instanceKlass io/cucumber/core/runtime/SynchronizedEventBus
instanceKlass io/cucumber/junit/Cucumber$$Lambda$49
instanceKlass java/lang/invoke/LambdaForm$DMH
instanceKlass java/util/UUID
instanceKlass java/time/ZoneId
instanceKlass java/time/temporal/TemporalAdjuster
instanceKlass java/time/temporal/TemporalAccessor
instanceKlass java/time/Clock
instanceKlass io/cucumber/core/eventbus/AbstractEventPublisher
instanceKlass io/cucumber/junit/JUnitOptions
instanceKlass io/cucumber/junit/JUnitOptionsBuilder
instanceKlass io/cucumber/junit/JUnitOptionsParser
instanceKlass io/cucumber/core/options/CucumberProperties$CucumberPropertiesMap$$Lambda$48
instanceKlass java/lang/invoke/LambdaForm$DMH
instanceKlass java/util/Collections$UnmodifiableMap$UnmodifiableEntrySet$UnmodifiableEntry
instanceKlass java/util/Collections$UnmodifiableMap$UnmodifiableEntrySet$1
instanceKlass java/util/TreeMap$Entry
instanceKlass java/lang/ProcessEnvironment$CheckedEntry
instanceKlass java/lang/ProcessEnvironment$CheckedEntrySet$1
instanceKlass java/lang/ProcessEnvironment$EntryComparator
instanceKlass java/lang/ProcessEnvironment$NameComparator
instanceKlass io/cucumber/core/options/CucumberOptionsAnnotationParser$$Lambda$47
instanceKlass io/cucumber/core/options/CucumberOptionsAnnotationParser$$Lambda$46
instanceKlass java/util/Optional
instanceKlass java/util/NavigableMap
instanceKlass java/util/SortedMap
instanceKlass java/util/NavigableSet
instanceKlass io/cucumber/core/feature/FeaturePath
instanceKlass io/cucumber/core/resource/ClasspathSupport
instanceKlass io/cucumber/junit/JUnitCucumberOptionsProvider$1
instanceKlass io/cucumber/core/plugin/TeamCityPlugin
instanceKlass io/cucumber/core/plugin/UsageFormatter
instanceKlass io/cucumber/core/plugin/UnusedStepsSummaryPrinter
instanceKlass io/cucumber/core/plugin/TimelineFormatter
instanceKlass io/cucumber/core/plugin/TestNGFormatter
instanceKlass io/cucumber/core/plugin/DefaultSummaryPrinter
instanceKlass io/cucumber/core/plugin/RerunFormatter
instanceKlass io/cucumber/core/plugin/MessageFormatter
instanceKlass io/cucumber/core/plugin/ProgressFormatter
instanceKlass io/cucumber/core/plugin/PrettyFormatter
instanceKlass io/cucumber/plugin/ColorAware
instanceKlass io/cucumber/core/plugin/JUnitFormatter
instanceKlass io/cucumber/core/plugin/JsonFormatter
instanceKlass io/cucumber/plugin/EventListener
instanceKlass io/cucumber/core/plugin/HtmlFormatter
instanceKlass io/cucumber/plugin/ConcurrentEventListener
instanceKlass io/cucumber/core/options/PluginOption
instanceKlass io/cucumber/core/plugin/Options$Plugin
instanceKlass io/cucumber/junit/JUnitCucumberOptionsProvider$JunitCucumberOptions
instanceKlass io/cucumber/core/options/CucumberOptionsAnnotationParser$CucumberOptions
instanceKlass io/cucumber/junit/JUnitCucumberOptionsProvider
instanceKlass io/cucumber/core/options/CucumberOptionsAnnotationParser
instanceKlass java/util/stream/Sink$ChainedReference
instanceKlass java/util/stream/MatchOps$$Lambda$45
instanceKlass java/util/stream/MatchOps$BooleanTerminalSink
instanceKlass java/util/stream/Sink
instanceKlass java/util/stream/MatchOps$MatchOp
instanceKlass java/util/stream/TerminalOp
instanceKlass java/util/stream/MatchOps
instanceKlass io/cucumber/core/options/RuntimeOptionsBuilder$$Lambda$44
instanceKlass java/lang/invoke/LambdaForm$DMH
instanceKlass io/cucumber/core/options/RuntimeOptionsBuilder$$Lambda$43
instanceKlass java/util/SortedSet
instanceKlass io/cucumber/core/feature/FeatureWithLines
instanceKlass java/util/EnumMap$1
instanceKlass java/util/stream/StreamOpFlag$MaskBuilder
instanceKlass java/util/stream/PipelineHelper
instanceKlass java/util/stream/Stream
instanceKlass java/util/stream/BaseStream
instanceKlass java/util/stream/StreamSupport
instanceKlass java/util/ArrayList$ArrayListSpliterator
instanceKlass java/util/Spliterator
instanceKlass io/cucumber/core/order/StandardPickleOrders$$Lambda$42
instanceKlass java/util/Comparator$$Lambda$41
instanceKlass java/lang/invoke/LambdaForm$DMH
instanceKlass io/cucumber/core/order/StandardPickleOrders$$Lambda$40
instanceKlass java/util/Comparator$$Lambda$39
instanceKlass java/lang/invoke/LambdaForm$BMH
instanceKlass java/lang/invoke/LambdaForm$MH
instanceKlass java/lang/invoke/LambdaForm$DMH
instanceKlass java/lang/invoke/LambdaForm$BMH
instanceKlass java/lang/invoke/LambdaForm$BMH
instanceKlass io/cucumber/core/order/StandardPickleOrders$$Lambda$38
instanceKlass java/lang/invoke/LambdaForm$DMH
instanceKlass io/cucumber/core/gherkin/Pickle
instanceKlass io/cucumber/core/order/StandardPickleOrders
instanceKlass io/cucumber/core/snippets/CamelCaseJoiner
instanceKlass io/cucumber/core/snippets/SnakeCaseJoiner
instanceKlass io/cucumber/core/snippets/Joiner
instanceKlass io/cucumber/core/options/RuntimeOptions
instanceKlass io/cucumber/core/eventbus/Options
instanceKlass io/cucumber/core/options/CucumberPropertiesParser$$Lambda$37
instanceKlass io/cucumber/core/options/CucumberPropertiesParser$$Lambda$36
instanceKlass io/cucumber/core/options/CucumberPropertiesParser$$Lambda$35
instanceKlass io/cucumber/core/options/CucumberPropertiesParser$$Lambda$34
instanceKlass io/cucumber/core/options/SnippetTypeParser
instanceKlass io/cucumber/core/options/CucumberPropertiesParser$$Lambda$33
instanceKlass io/cucumber/core/options/CucumberPropertiesParser$$Lambda$32
instanceKlass io/cucumber/core/options/CucumberPropertiesParser$$Lambda$31
instanceKlass io/cucumber/core/options/CucumberPropertiesParser$$Lambda$30
instanceKlass io/cucumber/core/options/CucumberPropertiesParser$$Lambda$29
instanceKlass io/cucumber/core/options/CucumberPropertiesParser$$Lambda$28
instanceKlass io/cucumber/core/options/CucumberPropertiesParser$$Lambda$27
instanceKlass java/util/function/Function$$Lambda$26
instanceKlass io/cucumber/core/options/CucumberPropertiesParser$$Lambda$25
instanceKlass io/cucumber/core/options/CucumberPropertiesParser$$Lambda$24
instanceKlass io/cucumber/core/options/UuidGeneratorParser
instanceKlass io/cucumber/core/options/CucumberPropertiesParser$$Lambda$23
instanceKlass io/cucumber/core/options/CucumberPropertiesParser$$Lambda$22
instanceKlass io/cucumber/core/options/ObjectFactoryParser
instanceKlass io/cucumber/core/options/CucumberPropertiesParser$$Lambda$21
instanceKlass io/cucumber/core/options/CucumberPropertiesParser$$Lambda$20
instanceKlass io/cucumber/core/feature/GluePath
instanceKlass io/cucumber/core/options/CucumberPropertiesParser$$Lambda$19
instanceKlass io/cucumber/core/options/CucumberPropertiesParser$$Lambda$18
instanceKlass io/cucumber/tagexpressions/Expression
instanceKlass io/cucumber/tagexpressions/TagExpressionParser
instanceKlass io/cucumber/core/options/CucumberPropertiesParser$$Lambda$17
instanceKlass io/cucumber/core/options/CucumberPropertiesParser$$Lambda$16
instanceKlass io/cucumber/core/options/CucumberPropertiesParser$$Lambda$15
instanceKlass io/cucumber/core/options/CucumberPropertiesParser$$Lambda$14
instanceKlass io/cucumber/core/options/CucumberPropertiesParser$$Lambda$13
instanceKlass io/cucumber/core/options/FeatureWithLinesOrRerunPath
instanceKlass io/cucumber/core/options/CucumberPropertiesParser$$Lambda$12
instanceKlass io/cucumber/core/options/CucumberPropertiesParser$$Lambda$11
instanceKlass java/lang/invoke/LambdaForm$DMH
instanceKlass io/cucumber/core/order/PickleOrder
instanceKlass io/cucumber/core/options/PickleOrderParser
instanceKlass io/cucumber/core/options/CucumberPropertiesParser$$Lambda$10
instanceKlass io/cucumber/core/options/CucumberPropertiesParser$$Lambda$9
instanceKlass io/cucumber/core/options/CucumberPropertiesParser$$Lambda$8
instanceKlass io/cucumber/core/options/CucumberPropertiesParser$$Lambda$7
instanceKlass java/lang/invoke/LambdaForm$MH
instanceKlass java/util/function/Function$$Lambda$6
instanceKlass io/cucumber/core/options/CucumberPropertiesParser$$Lambda$5
instanceKlass io/cucumber/core/options/CucumberPropertiesParser$$Lambda$4
instanceKlass java/util/function/Consumer
instanceKlass java/lang/invoke/LambdaForm$DMH
instanceKlass io/cucumber/core/options/CucumberPropertiesParser$$Lambda$3
instanceKlass java/util/Formattable
instanceKlass java/util/Formatter$Conversion
instanceKlass java/util/Formatter$Flags
instanceKlass java/util/Formatter$FormatSpecifier
instanceKlass java/util/Formatter$FixedString
instanceKlass java/util/Formatter$FormatString
instanceKlass java/util/regex/ASCII
instanceKlass java/util/regex/Matcher
instanceKlass java/util/regex/MatchResult
instanceKlass java/util/Currency$CurrencyNameGetter
instanceKlass sun/util/locale/provider/LocaleServiceProviderPool$LocalizedObjectGetter
instanceKlass sun/util/locale/provider/SPILocaleProviderAdapter$1
instanceKlass sun/util/locale/provider/LocaleServiceProviderPool
instanceKlass java/io/DataInput
instanceKlass java/util/Currency$1
instanceKlass java/util/Currency
instanceKlass java/util/concurrent/atomic/AtomicMarkableReference$Pair
instanceKlass java/util/concurrent/atomic/AtomicMarkableReference
instanceKlass java/util/ResourceBundle$CacheKeyReference
instanceKlass java/util/ResourceBundle$CacheKey
instanceKlass java/util/ResourceBundle$RBClassLoader$1
instanceKlass java/net/URLClassLoader$3$1
instanceKlass sun/misc/CompoundEnumeration
instanceKlass java/net/URLClassLoader$3
instanceKlass sun/misc/URLClassPath$1
instanceKlass java/lang/ClassLoader$2
instanceKlass sun/misc/URLClassPath$2
instanceKlass java/util/ServiceLoader$1
instanceKlass java/util/ServiceLoader$LazyIterator
instanceKlass java/util/ServiceLoader
instanceKlass java/util/spi/ResourceBundleControlProvider
instanceKlass java/util/ResourceBundle
instanceKlass java/util/ResourceBundle$Control
instanceKlass sun/util/resources/LocaleData$1
instanceKlass sun/util/resources/LocaleData
instanceKlass sun/util/locale/provider/LocaleResources
instanceKlass sun/util/locale/LanguageTag
instanceKlass sun/util/locale/provider/JRELocaleProviderAdapter$1
instanceKlass sun/util/locale/provider/LocaleDataMetaInfo
instanceKlass sun/util/locale/provider/AvailableLanguageTags
instanceKlass sun/util/locale/provider/LocaleProviderAdapter$1
instanceKlass sun/util/locale/provider/ResourceBundleBasedAdapter
instanceKlass sun/util/locale/provider/LocaleProviderAdapter
instanceKlass java/util/spi/LocaleServiceProvider
instanceKlass java/text/DecimalFormatSymbols
instanceKlass java/util/Locale$1
instanceKlass java/util/regex/Pattern$TreeInfo
instanceKlass java/util/regex/Pattern$Node
instanceKlass java/util/regex/Pattern
instanceKlass java/util/Formatter
instanceKlass java/lang/invoke/LambdaForm$DMH
instanceKlass java/lang/invoke/LambdaForm$DMH
instanceKlass io/cucumber/core/options/BooleanString
instanceKlass io/cucumber/core/options/RuntimeOptionsBuilder
instanceKlass java/lang/invoke/LambdaForm$MH
instanceKlass io/cucumber/core/options/CucumberPropertiesParser$$Lambda$2
instanceKlass io/cucumber/core/options/CucumberPropertiesProvider
instanceKlass java/lang/invoke/LambdaForm$DMH
instanceKlass java/lang/invoke/LambdaForm$MH
instanceKlass java/lang/invoke/LambdaForm$MH
instanceKlass java/lang/invoke/InnerClassLambdaMetafactory$1
instanceKlass io/cucumber/core/options/CucumberProperties$$Lambda$1
instanceKlass java/lang/invoke/InfoFromMemberName
instanceKlass java/lang/invoke/MethodHandleInfo
instanceKlass sun/security/util/SecurityConstants
instanceKlass java/security/AccessController$1
instanceKlass java/lang/invoke/AbstractValidatingLambdaMetafactory
instanceKlass java/lang/invoke/LambdaForm$BMH
instanceKlass java/lang/invoke/LambdaForm$BMH
instanceKlass java/lang/invoke/LambdaForm$BMH
instanceKlass java/lang/invoke/LambdaForm$BMH
instanceKlass jdk/internal/org/objectweb/asm/FieldVisitor
instanceKlass java/lang/invoke/BoundMethodHandle$Factory$1
instanceKlass java/lang/invoke/BoundMethodHandle$SpeciesData$1
instanceKlass java/lang/invoke/LambdaForm$BMH
instanceKlass java/lang/invoke/LambdaForm$MH
instanceKlass java/lang/invoke/LambdaForm$BMH
instanceKlass java/lang/invoke/LambdaForm$MH
instanceKlass java/lang/invoke/LambdaForm$DMH
instanceKlass java/lang/invoke/LambdaForm$DMH
instanceKlass java/lang/invoke/LambdaForm$BMH
instanceKlass java/lang/invoke/LambdaForm$BMH
instanceKlass java/lang/invoke/LambdaForm$MH
instanceKlass java/lang/invoke/LambdaFormBuffer
instanceKlass java/lang/invoke/LambdaFormEditor
instanceKlass java/lang/invoke/LambdaForm$BMH
instanceKlass java/lang/invoke/LambdaForm$DMH
instanceKlass java/lang/invoke/LambdaForm$DMH
instanceKlass java/lang/invoke/LambdaForm$DMH
instanceKlass java/lang/invoke/LambdaForm$DMH
instanceKlass java/lang/invoke/LambdaForm$MH
instanceKlass java/lang/invoke/LambdaForm$DMH
instanceKlass java/lang/invoke/LambdaForm$DMH
instanceKlass java/lang/invoke/LambdaForm$MH
instanceKlass java/lang/invoke/LambdaForm$DMH
instanceKlass java/lang/invoke/LambdaForm$DMH
instanceKlass java/lang/invoke/LambdaForm$MH
instanceKlass java/lang/invoke/LambdaForm$DMH
instanceKlass java/lang/invoke/LambdaForm$DMH
instanceKlass java/lang/invoke/LambdaForm$MH
instanceKlass java/lang/invoke/LambdaForm$DMH
instanceKlass java/lang/invoke/LambdaForm$DMH
instanceKlass java/lang/invoke/LambdaForm$MH
instanceKlass java/lang/invoke/LambdaForm$DMH
instanceKlass java/lang/invoke/LambdaForm$MH
instanceKlass java/lang/invoke/LambdaForm$DMH
instanceKlass java/lang/invoke/LambdaForm$DMH
instanceKlass java/lang/invoke/LambdaForm$MH
instanceKlass java/lang/invoke/LambdaForm$DMH
instanceKlass java/lang/invoke/LambdaForm$DMH
instanceKlass java/lang/invoke/LambdaForm$MH
instanceKlass java/lang/invoke/LambdaForm$DMH
instanceKlass java/lang/invoke/LambdaForm$MH
instanceKlass java/lang/invoke/LambdaForm$DMH
instanceKlass java/lang/invoke/LambdaForm$MH
instanceKlass java/lang/invoke/LambdaForm$DMH
instanceKlass java/lang/invoke/MethodHandleImpl$Lazy
instanceKlass java/lang/invoke/LambdaForm$BMH
instanceKlass java/lang/invoke/LambdaForm$MH
instanceKlass java/lang/invoke/LambdaForm$DMH
instanceKlass java/lang/invoke/LambdaForm$DMH
instanceKlass java/lang/invoke/LambdaForm$DMH
instanceKlass java/lang/invoke/LambdaForm$DMH
instanceKlass java/lang/invoke/LambdaForm$DMH
instanceKlass java/util/SubList$1
instanceKlass java/util/ListIterator
instanceKlass java/lang/invoke/LambdaForm$MH
instanceKlass java/lang/invoke/LambdaForm$MH
instanceKlass java/lang/invoke/LambdaForm$MH
instanceKlass java/lang/invoke/LambdaForm$MH
instanceKlass java/lang/invoke/LambdaForm$MH
instanceKlass java/lang/invoke/LambdaForm$MH
instanceKlass java/lang/invoke/LambdaForm$MH
instanceKlass java/lang/invoke/LambdaForm$MH
instanceKlass java/lang/invoke/LambdaForm$MH
instanceKlass java/lang/invoke/LambdaForm$MH
instanceKlass java/lang/invoke/LambdaForm$MH
instanceKlass java/lang/invoke/LambdaForm$MH
instanceKlass java/lang/invoke/InvokerBytecodeGenerator$CpPatch
instanceKlass java/lang/invoke/LambdaForm$DMH
instanceKlass java/lang/invoke/LambdaForm$DMH
instanceKlass java/lang/invoke/LambdaForm$DMH
instanceKlass java/lang/invoke/LambdaForm$DMH
instanceKlass java/lang/invoke/LambdaForm$DMH
instanceKlass java/lang/invoke/LambdaForm$DMH
instanceKlass sun/invoke/empty/Empty
instanceKlass sun/invoke/util/VerifyType
instanceKlass java/lang/invoke/InvokerBytecodeGenerator$2
instanceKlass jdk/internal/org/objectweb/asm/AnnotationVisitor
instanceKlass jdk/internal/org/objectweb/asm/Frame
instanceKlass jdk/internal/org/objectweb/asm/Label
instanceKlass jdk/internal/org/objectweb/asm/Type
instanceKlass jdk/internal/org/objectweb/asm/MethodVisitor
instanceKlass jdk/internal/org/objectweb/asm/Item
instanceKlass jdk/internal/org/objectweb/asm/ByteVector
instanceKlass jdk/internal/org/objectweb/asm/ClassVisitor
instanceKlass java/lang/invoke/InvokerBytecodeGenerator
instanceKlass java/lang/invoke/DirectMethodHandle$Lazy
instanceKlass sun/invoke/util/BytecodeDescriptor
instanceKlass java/lang/invoke/BoundMethodHandle$Factory
instanceKlass java/lang/invoke/BoundMethodHandle$SpeciesData
instanceKlass java/lang/invoke/LambdaForm$NamedFunction
instanceKlass java/lang/invoke/LambdaForm$Name
instanceKlass sun/invoke/util/ValueConversions
instanceKlass sun/invoke/util/VerifyAccess
instanceKlass java/lang/Long$LongCache
instanceKlass java/lang/Character$CharacterCache
instanceKlass java/lang/Short$ShortCache
instanceKlass java/lang/Byte$ByteCache
instanceKlass sun/invoke/util/Wrapper$Format
instanceKlass java/lang/invoke/MethodHandles
instanceKlass java/lang/invoke/Invokers
instanceKlass java/lang/invoke/MethodTypeForm
instanceKlass java/lang/invoke/MethodType$ConcurrentWeakInternSet
instanceKlass java/lang/invoke/MethodHandles$Lookup
instanceKlass java/lang/invoke/LambdaMetafactory
instanceKlass java/net/URLClassLoader$2
instanceKlass sun/misc/Launcher$BootClassPathHolder$1
instanceKlass sun/misc/Launcher$BootClassPathHolder
instanceKlass io/cucumber/core/options/CucumberProperties
instanceKlass java/util/logging/LogManager$5
instanceKlass sun/reflect/UnsafeFieldAccessorFactory
instanceKlass java/util/logging/LoggingProxyImpl
instanceKlass sun/util/logging/LoggingProxy
instanceKlass sun/util/logging/LoggingSupport$1
instanceKlass sun/util/logging/LoggingSupport
instanceKlass sun/util/logging/PlatformLogger$LoggerProxy
instanceKlass sun/util/logging/PlatformLogger$1
instanceKlass sun/util/logging/PlatformLogger
instanceKlass java/util/logging/LogManager$LoggerContext$1
instanceKlass java/util/logging/LogManager$3
instanceKlass java/util/logging/LogManager$2
instanceKlass java/lang/Shutdown$Lock
instanceKlass java/lang/Shutdown
instanceKlass java/lang/ApplicationShutdownHooks$1
instanceKlass java/lang/ApplicationShutdownHooks
instanceKlass java/util/logging/LogManager$LogNode
instanceKlass java/util/logging/LogManager$LoggerContext
instanceKlass java/util/logging/LogManager$1
instanceKlass java/util/logging/LogManager
instanceKlass java/util/concurrent/CopyOnWriteArrayList
instanceKlass java/util/logging/Logger$LoggerBundle
instanceKlass java/util/logging/Level$KnownLevel
instanceKlass java/util/logging/Level
instanceKlass java/util/logging/Handler
instanceKlass java/util/logging/Logger
instanceKlass io/cucumber/core/logging/LoggerFactory$DelegatingLogger
instanceKlass java/util/concurrent/ConcurrentLinkedDeque$Node
instanceKlass io/cucumber/core/logging/Logger
instanceKlass io/cucumber/core/logging/LoggerFactory
instanceKlass io/cucumber/core/options/CucumberPropertiesParser
instanceKlass io/cucumber/junit/Assertions
instanceKlass java/lang/annotation/Documented
instanceKlass org/junit/validator/ValidateWith
instanceKlass java/util/Collections$1
instanceKlass org/junit/internal/runners/rules/RuleMemberValidator$MethodMustBeARule
instanceKlass org/junit/internal/runners/rules/RuleMemberValidator$MethodMustBeATestRule
instanceKlass org/junit/internal/runners/rules/RuleMemberValidator$FieldMustBeARule
instanceKlass org/junit/internal/runners/rules/RuleMemberValidator$MemberMustBeNonStaticOrAlsoClassRule
instanceKlass org/junit/Rule
instanceKlass org/junit/internal/runners/rules/RuleMemberValidator$FieldMustBeATestRule
instanceKlass org/junit/internal/runners/rules/RuleMemberValidator$MemberMustBePublic
instanceKlass org/junit/internal/runners/rules/RuleMemberValidator$MemberMustBeStatic
instanceKlass org/junit/internal/runners/rules/RuleMemberValidator$DeclaringClassMustBePublic
instanceKlass org/junit/ClassRule
instanceKlass org/junit/internal/runners/rules/RuleMemberValidator$Builder
instanceKlass org/junit/internal/runners/rules/RuleMemberValidator$RuleValidator
instanceKlass org/junit/internal/runners/rules/RuleMemberValidator
instanceKlass org/junit/AfterClass
instanceKlass java/util/Collections$UnmodifiableCollection$1
instanceKlass org/junit/BeforeClass
instanceKlass java/util/Collections$UnmodifiableMap
instanceKlass java/util/LinkedHashMap$LinkedHashIterator
instanceKlass java/util/TimSort
instanceKlass java/util/Arrays$LegacyMergeSort
instanceKlass org/junit/FixMethodOrder
instanceKlass org/junit/internal/MethodSorter$2
instanceKlass org/junit/internal/MethodSorter$1
instanceKlass org/junit/internal/MethodSorter
instanceKlass org/junit/runners/model/TestClass$MethodComparator
instanceKlass org/junit/runners/model/TestClass$FieldComparator
instanceKlass org/junit/runners/model/FrameworkMember
instanceKlass org/junit/runners/model/TestClass
instanceKlass org/junit/runners/model/Annotatable
instanceKlass org/junit/runners/ParentRunner$1
instanceKlass org/junit/validator/AnnotationValidatorFactory
instanceKlass org/junit/validator/AnnotationsValidator$AnnotatableValidator
instanceKlass org/junit/validator/AnnotationsValidator
instanceKlass org/junit/validator/TestClassValidator
instanceKlass java/util/function/Predicate
instanceKlass io/cucumber/core/filter/Options
instanceKlass io/cucumber/core/runtime/RunnerSupplier
instanceKlass io/cucumber/core/runner/Options
instanceKlass io/cucumber/core/runtime/BackendSupplier
instanceKlass io/cucumber/core/runtime/ObjectFactorySupplier
instanceKlass io/cucumber/core/backend/Options
instanceKlass io/cucumber/plugin/Plugin
instanceKlass io/cucumber/core/plugin/Options
instanceKlass io/cucumber/core/feature/Options
instanceKlass io/cucumber/core/eventbus/EventBus
instanceKlass io/cucumber/plugin/event/EventPublisher
instanceKlass io/cucumber/core/options/CucumberOptionsAnnotationParser$OptionsProvider
instanceKlass org/junit/runners/model/RunnerScheduler
instanceKlass org/junit/runners/model/MemberValueConsumer
instanceKlass org/hamcrest/SelfDescribing
instanceKlass org/junit/runners/model/Statement
instanceKlass java/util/Collections$EmptyIterator
instanceKlass org/apiguardian/api/API
instanceKlass io/cucumber/junit/NoUuidGenerator
instanceKlass io/cucumber/core/eventbus/UuidGenerator
instanceKlass io/cucumber/junit/NoObjectFactory
instanceKlass io/cucumber/core/backend/ObjectFactory
instanceKlass io/cucumber/core/backend/Lookup
instanceKlass io/cucumber/core/backend/Container
instanceKlass io/cucumber/junit/CucumberOptions
instanceKlass java/lang/annotation/Target
instanceKlass java/lang/reflect/WeakCache$Value
instanceKlass sun/misc/ProxyGenerator$ExceptionTableEntry
instanceKlass sun/misc/ProxyGenerator$PrimitiveTypeInfo
instanceKlass sun/misc/ProxyGenerator$FieldInfo
instanceKlass java/io/DataOutput
instanceKlass sun/misc/ProxyGenerator$ConstantPool$Entry
instanceKlass sun/misc/ProxyGenerator$MethodInfo
instanceKlass sun/misc/ProxyGenerator$ProxyMethod
instanceKlass sun/misc/ProxyGenerator$ConstantPool
instanceKlass sun/misc/ProxyGenerator
instanceKlass java/lang/reflect/WeakCache$Factory
instanceKlass java/util/function/Supplier
instanceKlass java/lang/reflect/Proxy$ProxyClassFactory
instanceKlass java/lang/reflect/Proxy$KeyFactory
instanceKlass java/util/function/BiFunction
instanceKlass java/lang/reflect/WeakCache
instanceKlass java/lang/reflect/Proxy
instanceKlass sun/reflect/annotation/AnnotationInvocationHandler
instanceKlass java/lang/reflect/InvocationHandler
instanceKlass sun/reflect/annotation/AnnotationParser$1
instanceKlass sun/reflect/annotation/ExceptionProxy
instanceKlass java/lang/Class$4
instanceKlass java/lang/annotation/Inherited
instanceKlass java/lang/annotation/Retention
instanceKlass sun/reflect/annotation/AnnotationType$1
instanceKlass java/lang/reflect/GenericArrayType
instanceKlass org/junit/runner/RunWith
instanceKlass sun/reflect/generics/visitor/Reifier
instanceKlass sun/reflect/generics/visitor/TypeTreeVisitor
instanceKlass sun/reflect/generics/factory/CoreReflectionFactory
instanceKlass sun/reflect/generics/factory/GenericsFactory
instanceKlass sun/reflect/generics/scope/AbstractScope
instanceKlass sun/reflect/generics/scope/Scope
instanceKlass sun/reflect/generics/tree/ClassTypeSignature
instanceKlass sun/reflect/generics/tree/SimpleClassTypeSignature
instanceKlass sun/reflect/generics/tree/FieldTypeSignature
instanceKlass sun/reflect/generics/tree/BaseType
instanceKlass sun/reflect/generics/tree/TypeSignature
instanceKlass sun/reflect/generics/tree/ReturnType
instanceKlass sun/reflect/generics/tree/TypeArgument
instanceKlass sun/reflect/generics/tree/TypeTree
instanceKlass sun/reflect/generics/tree/Tree
instanceKlass sun/reflect/generics/parser/SignatureParser
instanceKlass sun/reflect/annotation/AnnotationParser
instanceKlass java/util/HashMap$HashIterator
instanceKlass org/junit/Ignore
instanceKlass java/util/AbstractList$Itr
instanceKlass org/junit/runner/manipulation/Orderable
instanceKlass org/junit/runner/manipulation/Sortable
instanceKlass org/junit/runner/manipulation/Filterable
instanceKlass java/util/concurrent/locks/AbstractQueuedSynchronizer$Node
instanceKlass java/util/concurrent/locks/AbstractOwnableSynchronizer
instanceKlass org/junit/runners/model/RunnerBuilder
instanceKlass org/junit/runner/Runner
instanceKlass org/junit/runner/Describable
instanceKlass org/junit/runner/Request
instanceKlass StepsDefinitions/TestRunnerOrange
instanceKlass org/eclipse/jdt/internal/junit/runner/DefaultClassifier
instanceKlass org/eclipse/jdt/internal/junit/runner/TestExecution
instanceKlass java/net/Socket$2
instanceKlass java/net/Socket$3
instanceKlass sun/net/NetHooks
instanceKlass java/util/ArrayList$Itr
instanceKlass java/net/Proxy
instanceKlass sun/net/spi/DefaultProxySelector$3
instanceKlass sun/net/spi/DefaultProxySelector$NonProxyInfo
instanceKlass java/net/URI$Parser
instanceKlass java/net/URI
instanceKlass java/util/Properties$LineReader
instanceKlass sun/net/NetProperties$1
instanceKlass sun/net/NetProperties
instanceKlass sun/net/spi/DefaultProxySelector$1
instanceKlass java/net/ProxySelector
instanceKlass java/net/SocksSocketImpl$3
instanceKlass java/net/Inet6Address$Inet6AddressHolder
instanceKlass sun/misc/FloatingDecimal$ASCIIToBinaryBuffer
instanceKlass sun/misc/FloatingDecimal$PreparedASCIIToBinaryBuffer
instanceKlass sun/misc/FloatingDecimal$ASCIIToBinaryConverter
instanceKlass sun/misc/FloatingDecimal$BinaryToASCIIBuffer
instanceKlass sun/misc/FloatingDecimal$ExceptionalBinaryToASCIIBuffer
instanceKlass sun/misc/FloatingDecimal$BinaryToASCIIConverter
instanceKlass sun/misc/FloatingDecimal
instanceKlass java/net/PlainSocketImpl$1
instanceKlass java/net/AbstractPlainSocketImpl$1
instanceKlass java/net/SocketImpl
instanceKlass java/net/SocketOptions
instanceKlass java/net/SocksConsts
instanceKlass java/net/Inet4AddressImpl
instanceKlass java/net/InetAddress$2
instanceKlass sun/net/spi/nameservice/NameService
instanceKlass java/net/Inet6AddressImpl
instanceKlass java/net/InetAddressImpl
instanceKlass java/net/InetAddressImplFactory
instanceKlass java/net/InetAddress$Cache
instanceKlass java/net/InetAddress$InetAddressHolder
instanceKlass java/net/InetAddress$1
instanceKlass sun/security/action/GetBooleanAction
instanceKlass java/net/InetSocketAddress$InetSocketAddressHolder
instanceKlass java/net/InetAddress
instanceKlass java/net/SocketAddress
instanceKlass java/net/Socket
instanceKlass org/junit/runner/manipulation/Filter
instanceKlass sun/misc/ASCIICaseInsensitiveComparator
instanceKlass java/util/jar/Attributes$Name
instanceKlass java/util/jar/Attributes
instanceKlass org/eclipse/jdt/internal/junit/runner/ITestReference
instanceKlass org/eclipse/jdt/internal/junit4/runner/JUnit4TestLoader
instanceKlass org/eclipse/jdt/internal/junit/runner/TestIdMap
instanceKlass java/lang/Void
instanceKlass org/eclipse/jdt/internal/junit/runner/FirstRunExecutionListener
instanceKlass org/eclipse/jdt/internal/junit/runner/ITestLoader
instanceKlass org/eclipse/jdt/internal/junit/runner/RemoteTestRunner$RerunRequest
instanceKlass org/eclipse/jdt/internal/junit/runner/ITestIdentifier
instanceKlass org/eclipse/jdt/internal/junit/runner/IClassifiesThrowables
instanceKlass org/eclipse/jdt/internal/junit/runner/IListensToTestExecutions
instanceKlass java/lang/Class$MethodArray
instanceKlass sun/launcher/LauncherHelper$FXHelper
instanceKlass org/eclipse/jdt/internal/junit/runner/RemoteTestRunner
instanceKlass org/eclipse/jdt/internal/junit/runner/IVisitsTestTrees
instanceKlass org/eclipse/jdt/internal/junit/runner/MessageSender
instanceKlass java/io/FilePermission$1
instanceKlass sun/net/www/MessageHeader
instanceKlass java/net/URLConnection
instanceKlass java/security/PermissionCollection
instanceKlass sun/nio/ByteBuffered
instanceKlass java/lang/Package
instanceKlass sun/misc/Resource
instanceKlass java/util/LinkedList$Node
instanceKlass java/nio/file/attribute/FileTime
instanceKlass java/util/zip/ZipUtils
instanceKlass sun/misc/IOUtils
instanceKlass java/util/zip/ZStreamRef
instanceKlass java/util/zip/Inflater
instanceKlass java/util/zip/ZipEntry
instanceKlass sun/misc/ExtensionDependency
instanceKlass sun/misc/JarIndex
instanceKlass sun/nio/ch/DirectBuffer
instanceKlass sun/misc/PerfCounter$CoreCounters
instanceKlass sun/misc/Perf
instanceKlass sun/misc/Perf$GetPerfAction
instanceKlass sun/misc/PerfCounter
instanceKlass java/util/zip/ZipCoder
instanceKlass java/util/Deque
instanceKlass java/util/Queue
instanceKlass java/nio/charset/StandardCharsets
instanceKlass java/util/jar/JavaUtilJarAccessImpl
instanceKlass sun/misc/JavaUtilJarAccess
instanceKlass sun/misc/FileURLMapper
instanceKlass sun/misc/URLClassPath$JarLoader$1
instanceKlass sun/nio/cs/ThreadLocalCoders$Cache
instanceKlass sun/nio/cs/ThreadLocalCoders
instanceKlass java/util/zip/ZipFile$1
instanceKlass sun/misc/JavaUtilZipFileAccess
instanceKlass java/util/zip/ZipFile
instanceKlass java/util/zip/ZipConstants
instanceKlass sun/misc/URLClassPath$Loader
instanceKlass sun/misc/URLClassPath$3
instanceKlass sun/net/util/URLUtil
instanceKlass java/net/URLClassLoader$1
instanceKlass java/lang/StringCoding$StringDecoder
instanceKlass sun/nio/cs/SingleByte
instanceKlass java/io/FileOutputStream$1
instanceKlass java/lang/StringCoding$StringEncoder
instanceKlass java/lang/ThreadLocal$ThreadLocalMap
instanceKlass java/lang/StringCoding
instanceKlass sun/usagetracker/UsageTrackerClient$3
instanceKlass sun/usagetracker/UsageTrackerClient$2
instanceKlass sun/usagetracker/UsageTrackerClient$4
instanceKlass sun/usagetracker/UsageTrackerClient$1
instanceKlass java/util/concurrent/atomic/AtomicBoolean
instanceKlass sun/usagetracker/UsageTrackerClient
instanceKlass sun/misc/PostVMInitHook$1
instanceKlass jdk/internal/util/EnvUtils
instanceKlass sun/misc/PostVMInitHook$2
instanceKlass sun/misc/PostVMInitHook
instanceKlass java/lang/invoke/MethodHandleStatics$1
instanceKlass java/lang/invoke/MethodHandleStatics
instanceKlass java/lang/invoke/MemberName$Factory
instanceKlass java/lang/ClassValue$Version
instanceKlass java/lang/ClassValue$Identity
instanceKlass java/lang/ClassValue
instanceKlass java/lang/invoke/MethodHandleImpl$3
instanceKlass java/lang/invoke/MethodHandleImpl$2
instanceKlass java/util/function/Function
instanceKlass java/lang/invoke/MethodHandleImpl$1
instanceKlass java/lang/invoke/MethodHandleImpl
instanceKlass java/lang/SystemClassLoaderAction
instanceKlass sun/misc/Launcher$AppClassLoader$1
instanceKlass sun/misc/URLClassPath
instanceKlass java/security/Principal
instanceKlass java/security/ProtectionDomain$Key
instanceKlass java/security/ProtectionDomain$2
instanceKlass sun/misc/JavaSecurityProtectionDomainAccess
instanceKlass java/security/ProtectionDomain$JavaSecurityAccessImpl
instanceKlass sun/misc/JavaSecurityAccess
instanceKlass java/net/URLStreamHandler
instanceKlass java/net/Parts
instanceKlass java/util/BitSet
instanceKlass sun/net/www/ParseUtil
instanceKlass java/io/FileInputStream$1
instanceKlass java/lang/CharacterData
instanceKlass sun/util/locale/LocaleUtils
instanceKlass java/util/Locale$LocaleKey
instanceKlass sun/util/locale/BaseLocale$Key
instanceKlass sun/util/locale/BaseLocale
instanceKlass java/util/concurrent/ConcurrentHashMap$CollectionView
instanceKlass java/util/concurrent/ConcurrentHashMap$CounterCell
instanceKlass java/util/concurrent/ConcurrentHashMap$Node
instanceKlass java/util/concurrent/locks/ReentrantLock
instanceKlass java/util/concurrent/locks/Lock
instanceKlass java/util/concurrent/ConcurrentMap
instanceKlass sun/util/locale/LocaleObjectCache
instanceKlass java/util/Locale
instanceKlass java/lang/reflect/Array
instanceKlass java/nio/charset/CoderResult$Cache
instanceKlass java/nio/charset/CoderResult
instanceKlass java/nio/charset/CharsetDecoder
instanceKlass sun/nio/cs/ArrayDecoder
instanceKlass java/io/Reader
instanceKlass java/lang/Readable
instanceKlass sun/misc/MetaIndex
instanceKlass java/util/StringTokenizer
instanceKlass sun/misc/Launcher$ExtClassLoader$1
instanceKlass java/net/URLClassLoader$7
instanceKlass sun/misc/JavaNetAccess
instanceKlass java/lang/ClassLoader$ParallelLoaders
instanceKlass sun/security/util/Debug
instanceKlass sun/misc/Launcher$Factory
instanceKlass java/net/URLStreamHandlerFactory
instanceKlass java/lang/Compiler$1
instanceKlass java/lang/Compiler
instanceKlass java/lang/System$2
instanceKlass sun/misc/JavaLangAccess
instanceKlass sun/io/Win32ErrorMode
instanceKlass sun/misc/OSEnvironment
instanceKlass java/lang/Integer$IntegerCache
instanceKlass sun/misc/NativeSignalHandler
instanceKlass sun/misc/Signal
instanceKlass java/lang/Terminator$1
instanceKlass sun/misc/SignalHandler
instanceKlass java/lang/Terminator
instanceKlass java/lang/ClassLoader$NativeLibrary
instanceKlass java/io/ExpiringCache$Entry
instanceKlass java/lang/ClassLoader$3
instanceKlass java/nio/file/Path
instanceKlass java/nio/file/Watchable
instanceKlass java/lang/Enum
instanceKlass java/io/ExpiringCache
instanceKlass java/io/FileSystem
instanceKlass java/io/DefaultFileSystem
instanceKlass java/nio/Bits$1
instanceKlass sun/misc/JavaNioAccess
instanceKlass java/nio/ByteOrder
instanceKlass java/nio/Bits
instanceKlass java/nio/charset/CodingErrorAction
instanceKlass java/nio/charset/CharsetEncoder
instanceKlass sun/nio/cs/ArrayEncoder
instanceKlass sun/reflect/ReflectionFactory$1
instanceKlass java/lang/Class$1
instanceKlass sun/nio/cs/HistoricallyNamedCharset
instanceKlass sun/security/action/GetPropertyAction
instanceKlass java/lang/ThreadLocal
instanceKlass java/nio/charset/spi/CharsetProvider
instanceKlass java/nio/charset/Charset
instanceKlass java/io/Writer
instanceKlass java/util/Arrays
instanceKlass sun/reflect/misc/ReflectUtil
instanceKlass java/lang/reflect/ReflectAccess
instanceKlass sun/reflect/LangReflectAccess
instanceKlass java/lang/reflect/Modifier
instanceKlass sun/reflect/annotation/AnnotationType
instanceKlass java/lang/Class$AnnotationData
instanceKlass sun/reflect/generics/repository/AbstractRepository
instanceKlass java/lang/Class$Atomic
instanceKlass java/lang/Class$ReflectionData
instanceKlass java/lang/Class$3
instanceKlass java/util/concurrent/atomic/AtomicReferenceFieldUpdater$AtomicReferenceFieldUpdaterImpl$1
instanceKlass java/security/PrivilegedExceptionAction
instanceKlass java/util/concurrent/atomic/AtomicReferenceFieldUpdater
instanceKlass java/io/OutputStream
instanceKlass java/io/Flushable
instanceKlass java/io/FileDescriptor$1
instanceKlass sun/misc/JavaIOFileDescriptorAccess
instanceKlass java/io/FileDescriptor
instanceKlass sun/misc/Version
instanceKlass java/lang/Runtime
instanceKlass java/util/Hashtable$Enumerator
instanceKlass java/util/Iterator
instanceKlass java/util/Enumeration
instanceKlass java/util/Objects
instanceKlass java/util/Collections$SynchronizedCollection
instanceKlass java/lang/Math
instanceKlass java/util/Hashtable$Entry
instanceKlass sun/misc/VM
instanceKlass java/util/HashMap$Node
instanceKlass java/util/Map$Entry
instanceKlass sun/reflect/Reflection
instanceKlass sun/misc/SharedSecrets
instanceKlass java/lang/ref/Reference$1
instanceKlass sun/misc/JavaLangRefAccess
instanceKlass java/lang/ref/ReferenceQueue$Lock
instanceKlass java/util/Collections$UnmodifiableCollection
instanceKlass java/util/AbstractMap
instanceKlass java/util/Set
instanceKlass java/util/Collections
instanceKlass java/lang/ref/Reference$Lock
instanceKlass sun/reflect/ReflectionFactory
instanceKlass java/util/AbstractCollection
instanceKlass java/util/RandomAccess
instanceKlass java/util/List
instanceKlass java/util/Collection
instanceKlass java/lang/Iterable
instanceKlass java/security/cert/Certificate
instanceKlass sun/reflect/ReflectionFactory$GetReflectionFactoryAction
instanceKlass java/security/PrivilegedAction
instanceKlass java/security/AccessController
instanceKlass java/security/Permission
instanceKlass java/security/Guard
instanceKlass java/lang/String$CaseInsensitiveComparator
instanceKlass java/util/Comparator
instanceKlass java/io/ObjectStreamField
instanceKlass java/lang/Number
instanceKlass java/lang/Character
instanceKlass java/lang/Boolean
instanceKlass java/nio/Buffer
instanceKlass java/lang/StackTraceElement
instanceKlass java/security/CodeSource
instanceKlass sun/misc/Launcher
instanceKlass java/util/jar/Manifest
instanceKlass java/net/URL
instanceKlass java/io/File
instanceKlass java/io/InputStream
instanceKlass java/io/Closeable
instanceKlass java/lang/AutoCloseable
instanceKlass sun/misc/Unsafe
instanceKlass java/lang/AbstractStringBuilder
instanceKlass java/lang/Appendable
instanceKlass java/lang/invoke/CallSite
instanceKlass java/lang/invoke/MethodType
instanceKlass java/lang/invoke/LambdaForm
instanceKlass java/lang/invoke/MethodHandleNatives
instanceKlass java/lang/invoke/MemberName
instanceKlass java/lang/invoke/MethodHandle
instanceKlass sun/reflect/CallerSensitive
instanceKlass java/lang/annotation/Annotation
instanceKlass sun/reflect/FieldAccessor
instanceKlass sun/reflect/ConstantPool
instanceKlass sun/reflect/ConstructorAccessor
instanceKlass sun/reflect/MethodAccessor
instanceKlass sun/reflect/MagicAccessorImpl
instanceKlass java/lang/reflect/Parameter
instanceKlass java/lang/reflect/Member
instanceKlass java/lang/reflect/AccessibleObject
instanceKlass java/util/Dictionary
instanceKlass java/util/Map
instanceKlass java/lang/ThreadGroup
instanceKlass java/lang/Thread$UncaughtExceptionHandler
instanceKlass java/lang/Thread
instanceKlass java/lang/Runnable
instanceKlass java/lang/ref/ReferenceQueue
instanceKlass java/lang/ref/Reference
instanceKlass java/security/AccessControlContext
instanceKlass java/security/ProtectionDomain
instanceKlass java/lang/SecurityManager
instanceKlass java/lang/Throwable
instanceKlass java/lang/System
instanceKlass java/lang/ClassLoader
instanceKlass java/lang/Cloneable
instanceKlass java/lang/Class
instanceKlass java/lang/reflect/Type
instanceKlass java/lang/reflect/GenericDeclaration
instanceKlass java/lang/reflect/AnnotatedElement
instanceKlass java/lang/String
instanceKlass java/lang/CharSequence
instanceKlass java/lang/Comparable
instanceKlass java/io/Serializable
ciInstanceKlass java/lang/Object 1 1 75 3 8 8 8 1 1 1 1 1 1 1 1 1 1 1 1 1 1 1 1 1 1 1 1 1 1 1 1 1 1 1 1 1 1 1 1 1 1 1 1 1 1 1 7 7 100 7 7 7 7 7 1 1 1 12 12 12 12 12 12 12 12 12 12 10 10 10 10 10 10 10 10 10 10
ciInstanceKlass java/io/Serializable 1 0 5 1 1 100 100
ciInstanceKlass java/lang/String 1 1 537 3 3 3 3 8 8 8 8 8 8 8 8 8 8 1 1 1 1 1 1 1 1 1 1 1 1 1 1 1 1 1 1 1 1 1 1 1 1 1 1 1 1 1 1 1 1 1 1 1 1 1 1 1 1 1 1 1 1 1 1 1 1 1 1 1 1 1 1 1 1 1 1 1 1 1 1 1 1 1 1 1 1 1 1 1 1 1 1 1 1 1 1 1 1 1 1 1 1 1 1 1 1 1 1 1 1 1 1 1 1 1 1 1 1 1 1 1 1 1 1 1 1 1 1 1 1 1 1 1 1 1 1 1 1 1 1 1 1 1 1 1 1 1 1 1 1 1 1 1 1 1 1 1 1 1 1 1 1 1 1 1 1 1 1 1 1 1 1 1 1 1 1 1 1 1 1 1 1 1 1 1 1 1 1 1 1 1 1 1 1 1 1 1 1 1 1 1 1 1 1 1 1 1 1 1 1 1 1 1 1 1 5 0 100 100 100 100 7 7 100 100 7 7 7 100 100 7 100 100 100 7 100 7 7 100 7 7 100 7 100 100 7 100 7 100 100 7 7 7 7 100 7 7 100 100 7 7 1 1 1 1 1 1 1 1 1 1 1 1 1 1 1 1 1 1 1 1 1 1 1 1 1 1 1 1 1 1 1 1 1 1 1 1 1 1 1 1 1 1 1 1 1 1 1 1 1 1 1 1 1 1 1 1 1 1 1 1 1 12 12 12 12 12 12 12 12 12 12 12 12 12 12 12 12 12 12 12 12 12 12 12 12 12 12 12 12 12 12 12 12 12 12 12 12 12 12 12 12 12 12 12 12 12 12 12 12 12 12 12 12 12 12 12 12 12 12 12 12 12 12 12 12 12 12 12 12 12 12 12 12 12 12 12 12 12 12 12 12 12 12 12 12 12 12 12 12 12 12 12 12 12 12 12 12 12 12 12 12 12 9 9 9 9 10 10 10 10 10 10 10 10 10 10 10 10 10 10 10 10 10 10 10 10 10 10 10 10 10 10 10 10 10 10 10 10 10 10 10 10 10 10 10 10 10 10 10 10 10 10 10 10 10 10 10 10 10 10 10 10 10 10 10 10 10 10 10 10 10 10 10 10 10 10 10 10 10 10 10 10 10 10 10 10 10 10 10 10 10 10 10 10 10 10 10 10 10 10 10 10 10 10 10 10 10 10 10 10 11 11 11 11 11 11 11 11 1
staticfield java/lang/String serialPersistentFields [Ljava/io/ObjectStreamField; 0 [Ljava/io/ObjectStreamField;
staticfield java/lang/String CASE_INSENSITIVE_ORDER Ljava/util/Comparator; java/lang/String$CaseInsensitiveComparator
ciInstanceKlass java/lang/Class 1 1 1187 8 8 8 8 8 8 8 8 8 8 8 8 8 8 8 8 8 8 7 1 1 1 1 1 1 1 1 1 1 1 1 1 1 1 1 1 1 1 1 1 1 1 1 1 1 1 1 1 1 1 1 1 1 1 1 1 1 1 1 1 1 1 1 1 1 1 1 1 1 1 1 1 1 1 1 1 1 1 1 1 1 1 1 1 1 1 1 1 1 1 1 1 1 1 1 1 1 1 1 1 1 1 1 1 1 1 1 1 1 1 1 1 1 1 1 1 1 1 1 1 1 1 1 1 1 1 1 1 1 1 1 1 1 1 1 1 1 1 1 1 1 1 1 1 1 1 1 1 1 1 1 1 1 1 1 1 1 1 1 1 1 1 1 1 1 1 1 1 1 1 1 1 1 1 1 1 1 1 1 1 1 1 1 1 1 1 1 1 1 1 1 1 1 1 1 1 1 1 1 1 1 1 1 1 1 1 1 1 1 1 1 1 1 1 1 1 1 1 1 1 1 1 1 1 1 1 1 1 1 1 1 1 1 1 1 1 1 1 1 1 1 1 1 1 1 1 1 1 1 1 1 1 1 1 1 1 1 1 1 1 1 1 1 1 1 1 1 1 1 1 1 1 1 1 1 1 1 1 1 1 1 1 1 1 1 1 1 1 1 1 1 1 1 1 1 1 1 1 1 1 1 1 1 1 1 1 1 1 1 1 1 1 1 1 1 1 1 1 1 1 1 1 1 1 1 1 1 1 1 1 1 1 1 1 1 1 1 1 1 1 1 1 1 1 1 1 1 1 1 1 1 1 1 1 1 1 1 1 1 1 1 1 1 1 1 1 1 1 1 1 1 1 1 1 1 1 1 1 1 1 1 1 1 1 1 1 1 1 1 1 1 1 1 1 1 1 1 1 1 1 1 1 1 1 1 1 1 1 1 1 1 1 1 1 1 1 1 1 1 3 3 3 5 0 8 8 8 8 8 7 7 7 100 100 100 7 7 100 7 100 7 7 7 7 100 7 7 100 7 7 100 100 7 7 100 100 7 100 7 7 7 7 100 100 7 100 7 7 7 100 100 7 7 100 100 7 7 100 7 100 7 7 100 100 100 7 7 7 100 100 7 100 7 7 100 7 7 7 7 100 100 7 7 7 7 100 7 100 7 7 100 100 7 100 7 1 1 1 1 1 1 1 1 1 1 1 1 1 1 1 1 1 1 1 1 1 1 1 1 1 1 1 1 1 1 1 1 1 1 1 1 1 1 1 1 1 1 1 1 1 1 1 1 1 1 1 1 1 1 1 1 1 1 1 1 1 1 1 1 1 1 1 1 1 1 1 1 1 1 1 1 1 1 1 1 1 1 1 1 1 1 1 1 1 1 1 1 1 1 1 1 1 1 1 1 1 1 1 1 1 1 1 1 1 1 1 1 1 1 1 1 1 1 1 1 1 1 1 1 1 1 1 1 1 1 1 1 1 1 1 1 1 1 1 1 1 1 1 1 1 1 1 1 1 1 1 1 1 1 1 1 1 1 1 1 1 1 1 1 1 1 1 12 12 12 12 12 12 12 12 12 12 12 12 12 12 12 12 12 12 12 12 12 12 12 12 12 12 12 12 12 12 12 12 12 12 12 12 12 12 12 12 12 12 12 12 12 12 12 12 12 12 12 12 12 12 12 12 12 12 12 12 12 12 12 12 12 12 12 12 12 12 12 12 12 12 12 12 12 12 12 12 12 12 12 12 12 12 12 12 12 12 12 12 12 12 12 12 12 12 12 12 12 12 12 12 12 12 12 12 12 12 12 12 12 12 12 12 12 12 12 12 12 12 12 12 12 12 12 12 12 12 12 12 12 12 12 12 12 12 12 12 12 12 12 12 12 12 12 12 12 12 12 12 12 12 12 12 12 12 12 12 12 12 12 12 12 12 12 12 12 12 12 12 12 12 12 12 12 12 12 12 12 12 12 12 12 12 12 12 12 12 12 12 12 12 12 12 12 12 12 12 12 12 12 12 12 12 12 12 12 12 12 12 12 12 12 12 12 12 12 12 12 12 12 12 12 12 12 12 12 12 12 12 9 9 9 9 9 9 9 9 9 9 9 9 9 9 9 9 9 9 9 9 9 9 9 9 9 9 9 9 9 9 9 9 9 9 9 9 9 10 10 10 10 10 10 10 10 10 10 10 10 10 10 10 10 10 10 10 10 10 10 10 10 10 10 10 10 10 10 10 10 10 10 10 10 10 10 10 10 10 10 10 10 10 10 10 10 10 10 10 10 10 10 10 10 10 10 10 10 10 10 10 10 10 10 10 10 10 10 10 10 10 10 10 10 10 10 10 10 10 10 10 10 10 10 10 10 10 10 10 10 10 10 10 10 10 10 10 10 10 10 10 10 10 10 10 10 10 10 10 10 10 10 10 10 10 10 10 10 10 10 10 10 10 10 10 10 10 10 10 10 10 10 10 10 10 10 10 10 10 10 10 10 10 10 10 10 10 10 10 10 10 10 10 10 10 10 10 10 10 10 10 10 10 10 10 10 10 10 10 10 10 10 10 10 10 10 10 10 10 10 10 10 10 10 10 10 10 10 10 10 10 10 10 10 10 10 10 10 10 10 10 10 10 10 10 10 10 10 11 11 11 11 11 11 11 11 11 11 11 11 11 11 11 11 11 11 1 1 1 1 1 1 1
staticfield java/lang/Class serialPersistentFields [Ljava/io/ObjectStreamField; 0 [Ljava/io/ObjectStreamField;
ciInstanceKlass java/lang/Cloneable 1 0 5 1 1 100 100
instanceKlass java/util/ResourceBundle$RBClassLoader
instanceKlass sun/reflect/DelegatingClassLoader
instanceKlass java/security/SecureClassLoader
ciInstanceKlass java/lang/ClassLoader 1 1 839 8 8 8 8 8 8 8 8 8 8 8 8 8 8 8 8 8 8 7 1 1 1 1 1 1 1 1 1 1 1 1 1 1 1 1 1 1 1 1 1 1 1 1 1 1 1 1 1 1 1 1 1 1 1 1 1 1 1 1 1 1 1 1 1 1 1 1 1 1 1 1 1 1 1 1 1 1 1 1 1 1 1 1 1 1 1 1 1 1 1 1 1 1 1 1 1 1 1 1 1 1 1 1 1 1 1 1 1 1 1 1 1 1 1 1 1 1 1 1 1 1 1 1 1 1 1 1 1 1 1 1 1 1 1 1 1 1 1 1 1 1 1 1 1 1 1 1 1 1 1 1 1 1 1 1 1 1 1 1 1 1 1 1 1 1 1 1 1 1 1 1 1 1 1 1 1 1 1 1 1 1 1 1 1 1 1 1 1 1 1 1 1 1 1 1 1 1 1 1 1 1 1 1 1 1 1 1 1 1 1 1 1 1 1 1 1 1 1 1 1 1 1 1 1 1 1 1 1 1 1 1 1 1 1 1 1 1 1 1 1 1 1 1 1 1 1 1 1 1 1 1 1 1 1 1 1 1 1 1 1 1 1 1 1 1 1 1 1 1 1 1 1 1 1 1 1 1 1 1 1 1 1 1 1 1 1 1 1 1 1 1 1 1 1 1 100 100 100 7 7 7 100 100 100 100 7 100 100 7 7 7 7 100 7 100 100 100 100 7 7 100 100 7 100 7 7 100 100 100 100 7 100 100 7 7 100 7 7 100 7 7 7 7 7 100 7 7 7 7 7 7 7 7 7 7 7 100 100 1 1 1 1 1 1 1 1 1 1 1 1 1 1 1 1 1 1 1 1 1 1 1 1 1 1 1 1 1 1 1 1 1 1 1 1 1 1 1 1 1 1 1 1 1 1 1 1 1 1 1 1 1 1 1 1 1 1 1 1 1 1 1 1 1 1 1 1 1 1 1 1 1 1 1 1 1 1 1 1 1 1 1 1 1 1 1 1 1 1 1 1 1 1 1 1 1 1 1 1 1 1 1 1 1 1 1 1 1 1 1 1 1 1 12 12 12 12 12 12 12 12 12 12 12 12 12 12 12 12 12 12 12 12 12 12 12 12 12 12 12 12 12 12 12 12 12 12 12 12 12 12 12 12 12 12 12 12 12 12 12 12 12 12 12 12 12 12 12 12 12 12 12 12 12 12 12 12 12 12 12 12 12 12 12 12 12 12 12 12 12 12 12 12 12 12 12 12 12 12 12 12 12 12 12 12 12 12 12 12 12 12 12 12 12 12 12 12 12 12 12 12 12 12 12 12 12 12 12 12 12 12 12 12 12 12 12 12 12 12 12 12 12 12 12 12 12 12 12 12 12 12 12 12 12 12 12 12 12 12 12 12 12 12 12 12 12 12 12 12 12 12 12 12 12 12 12 12 12 12 12 12 12 9 9 9 9 9 9 9 9 9 9 9 9 9 9 9 9 9 9 9 9 9 9 9 9 9 9 9 9 9 10 10 10 10 10 10 10 10 10 10 10 10 10 10 10 10 10 10 10 10 10 10 10 10 10 10 10 10 10 10 10 10 10 10 10 10 10 10 10 10 10 10 10 10 10 10 10 10 10 10 10 10 10 10 10 10 10 10 10 10 10 10 10 10 10 10 10 10 10 10 10 10 10 10 10 10 10 10 10 10 10 10 10 10 10 10 10 10 10 10 10 10 10 10 10 10 10 10 10 10 10 10 10 10 10 10 10 10 10 10 10 10 10 10 10 10 10 10 10 10 10 10 10 10 10 10 10 10 10 10 10 10 10 10 10 10 10 10 10 10 10 10 10 10 10 10 10 10 10 10 10 10 10 10 10 10 10 10 10 10 11 11 11 11 11 11 1 1
staticfield java/lang/ClassLoader nocerts [Ljava/security/cert/Certificate; 0 [Ljava/security/cert/Certificate;
ciInstanceKlass java/lang/System 1 1 366 8 8 8 8 8 8 8 8 8 8 8 8 8 7 1 1 1 1 1 1 1 1 1 1 1 1 1 1 1 1 1 1 1 1 1 1 1 1 1 1 1 1 1 1 1 1 1 1 1 1 1 1 1 1 1 1 1 1 1 1 1 1 1 1 1 1 1 1 1 1 1 1 1 1 1 1 1 1 1 1 1 1 1 1 1 1 1 1 1 1 1 1 1 1 1 1 1 1 1 1 1 1 1 1 1 1 1 1 1 1 1 1 1 1 1 1 1 1 1 1 1 1 1 1 1 1 1 1 1 1 1 1 1 1 1 1 1 1 1 1 1 1 1 1 1 1 1 1 1 7 7 7 7 7 100 7 100 100 100 100 100 100 7 7 100 100 7 100 100 7 7 7 7 100 100 100 7 100 100 7 7 7 7 1 1 1 1 1 1 1 1 1 1 1 1 1 1 1 1 1 1 1 1 1 1 1 1 1 1 1 1 1 1 1 1 1 1 1 1 1 1 1 1 12 12 12 12 12 12 12 12 12 12 12 12 12 12 12 12 12 12 12 12 12 12 12 12 12 12 12 12 12 12 12 12 12 12 12 12 12 12 12 12 12 12 12 12 12 12 12 12 12 12 12 12 12 12 12 12 12 12 12 12 12 12 12 12 12 12 12 12 9 9 9 9 9 9 9 9 9 9 10 10 10 10 10 10 10 10 10 10 10 10 10 10 10 10 10 10 10 10 10 10 10 10 10 10 10 10 10 10 10 10 10 10 10 10 10 10 10 10 10 10 10 10 10 10 10 10 10 10 10 10 10 10 10 10 10 10 10 10 10 10 10 11
staticfield java/lang/System in Ljava/io/InputStream; java/io/BufferedInputStream
staticfield java/lang/System out Ljava/io/PrintStream; java/io/PrintStream
staticfield java/lang/System err Ljava/io/PrintStream; java/io/PrintStream
instanceKlass io/netty/util/ResourceLeakDetector$TraceRecord
instanceKlass io/cucumber/junit/SkippedThrowable
instanceKlass java/lang/Exception
instanceKlass java/lang/Error
ciInstanceKlass java/lang/Throwable 1 1 324 8 8 8 8 8 8 8 8 8 8 8 8 8 8 8 8 8 7 1 1 1 1 1 1 1 1 1 1 1 1 1 1 1 1 1 1 1 1 1 1 1 1 1 1 1 1 1 1 1 1 1 1 1 1 1 1 1 1 1 1 1 1 1 1 1 1 1 1 1 1 1 1 1 1 1 1 1 1 1 1 1 1 1 1 1 1 1 1 1 1 1 1 1 1 1 1 1 1 1 1 1 1 1 1 1 1 1 1 1 1 1 1 1 1 1 1 1 1 1 1 1 1 1 1 1 1 1 1 1 1 1 1 1 1 1 1 1 1 1 1 1 1 1 1 5 0 7 100 100 100 100 100 100 7 100 100 100 100 7 7 100 100 100 100 100 100 100 100 100 7 7 100 100 100 100 100 1 1 1 1 1 1 1 1 1 1 1 1 1 1 1 1 1 1 1 1 1 1 1 1 1 1 1 1 12 12 12 12 12 12 12 12 12 12 12 12 12 12 12 12 12 12 12 12 12 12 12 12 12 12 12 12 12 12 12 12 12 12 12 12 12 12 12 12 12 12 12 12 12 12 12 12 12 12 12 12 12 12 9 9 9 9 9 9 9 9 9 9 9 9 10 10 10 10 10 10 10 10 10 10 10 10 10 10 10 10 10 10 10 10 10 10 10 10 10 10 10 10 10 10 10 10 10 10 10 10 10 10 10 10 10 11 11 11 11 11 11 11 11 1 1 1 1
staticfield java/lang/Throwable UNASSIGNED_STACK [Ljava/lang/StackTraceElement; 0 [Ljava/lang/StackTraceElement;
staticfield java/lang/Throwable SUPPRESSED_SENTINEL Ljava/util/List; java/util/Collections$UnmodifiableRandomAccessList
staticfield java/lang/Throwable EMPTY_THROWABLE_ARRAY [Ljava/lang/Throwable; 0 [Ljava/lang/Throwable;
staticfield java/lang/Throwable $assertionsDisabled Z 1
instanceKlass io/netty/util/Signal
instanceKlass java/util/ServiceConfigurationError
instanceKlass java/lang/AssertionError
instanceKlass java/lang/VirtualMachineError
instanceKlass java/lang/LinkageError
instanceKlass java/lang/ThreadDeath
ciInstanceKlass java/lang/Error 1 1 27 1 1 1 1 1 1 1 1 1 1 5 0 100 7 1 1 12 12 12 12 12 10 10 10 10 10
ciInstanceKlass java/lang/ThreadDeath 0 0 15 1 1 1 1 1 1 1 1 5 0 100 100 12 10
instanceKlass org/asynchttpclient/handler/MaxRedirectException
instanceKlass org/asynchttpclient/spnego/SpnegoEngineException
instanceKlass org/asynchttpclient/filter/FilterException
instanceKlass com/google/common/collect/RegularImmutableMap$BucketOverflowException
instanceKlass org/openqa/selenium/net/UrlChecker$TimeoutException
instanceKlass java/util/concurrent/ExecutionException
instanceKlass org/apache/hc/core5/http/HttpException
instanceKlass java/util/concurrent/TimeoutException
instanceKlass java/security/GeneralSecurityException
instanceKlass io/cucumber/core/runner/AmbiguousStepDefinitionsException
instanceKlass javax/xml/stream/XMLStreamException
instanceKlass java/text/ParseException
instanceKlass sun/nio/fs/WindowsException
instanceKlass java/net/URISyntaxException
instanceKlass java/security/PrivilegedActionException
instanceKlass java/lang/CloneNotSupportedException
instanceKlass org/junit/runner/manipulation/NoTestsRemainException
instanceKlass org/junit/runners/model/InitializationError
instanceKlass java/io/IOException
instanceKlass java/lang/InterruptedException
instanceKlass java/lang/ReflectiveOperationException
instanceKlass java/lang/RuntimeException
ciInstanceKlass java/lang/Exception 1 1 27 1 1 1 1 1 1 1 1 1 1 5 0 100 7 1 1 12 12 12 12 12 10 10 10 10 10
instanceKlass io/netty/handler/codec/CodecException
instanceKlass io/netty/channel/ChannelException
instanceKlass java/util/concurrent/RejectedExecutionException
instanceKlass dev/failsafe/FailsafeException
instanceKlass java/io/UncheckedIOException
instanceKlass com/google/gson/JsonParseException
instanceKlass java/time/DateTimeException
instanceKlass org/brotli/dec/BrotliRuntimeException
instanceKlass java/security/ProviderException
instanceKlass java/nio/file/FileSystemAlreadyExistsException
instanceKlass org/openqa/selenium/WebDriverException
instanceKlass io/github/bonigarcia/wdm/config/WebDriverManagerException
instanceKlass io/cucumber/docstring/CucumberDocStringException
instanceKlass io/cucumber/datatable/CucumberDataTableException
instanceKlass io/cucumber/cucumberexpressions/CucumberExpressionException
instanceKlass io/cucumber/junit/UndefinedStepException
instanceKlass io/cucumber/core/backend/CucumberInvocationTargetException
instanceKlass io/cucumber/core/backend/CucumberBackendException
instanceKlass io/cucumber/core/internal/com/fasterxml/jackson/databind/RuntimeJsonMappingException
instanceKlass java/lang/IndexOutOfBoundsException
instanceKlass io/cucumber/core/runtime/TestCaseFailed
instanceKlass java/lang/UnsupportedOperationException
instanceKlass java/util/NoSuchElementException
instanceKlass java/lang/IllegalStateException
instanceKlass io/cucumber/gherkin/ParserException
instanceKlass java/nio/file/FileSystemNotFoundException
instanceKlass io/cucumber/core/gherkin/FeatureParserException
instanceKlass io/cucumber/tagexpressions/TagExpressionException
instanceKlass java/lang/invoke/WrongMethodTypeException
instanceKlass io/cucumber/core/exception/CucumberException
instanceKlass org/junit/runner/notification/StoppedByUserException
instanceKlass org/junit/internal/AssumptionViolatedException
instanceKlass java/lang/reflect/UndeclaredThrowableException
instanceKlass java/lang/SecurityException
instanceKlass java/lang/IllegalArgumentException
instanceKlass java/lang/ArithmeticException
instanceKlass java/lang/NullPointerException
instanceKlass java/lang/IllegalMonitorStateException
instanceKlass java/lang/ArrayStoreException
instanceKlass java/lang/ClassCastException
ciInstanceKlass java/lang/RuntimeException 1 1 27 1 1 1 1 1 1 1 1 1 1 5 0 7 100 1 1 12 12 12 12 12 10 10 10 10 10
instanceKlass javax/crypto/JceSecurityManager
ciInstanceKlass java/lang/SecurityManager 1 1 372 8 8 8 8 8 8 8 8 8 8 8 8 8 8 8 8 8 8 8 8 8 8 8 8 8 8 8 8 8 8 8 8 8 8 8 8 7 1 1 1 1 1 1 1 1 1 1 1 1 1 1 1 1 1 1 1 1 1 1 1 1 1 1 1 1 1 1 1 1 1 1 1 1 1 1 1 1 1 1 1 1 1 1 1 1 1 1 1 1 1 1 1 1 1 1 1 1 1 1 1 1 1 1 1 1 1 1 1 1 1 1 1 1 1 1 1 1 1 1 1 1 1 1 1 1 1 1 1 1 1 1 1 1 1 1 1 1 1 1 1 1 1 1 1 1 1 1 1 1 1 1 1 1 1 1 1 1 1 1 1 1 1 1 1 1 1 1 1 1 1 1 1 1 1 1 1 1 1 1 1 1 1 1 1 1 1 1 1 1 1 1 1 1 1 1 1 1 1 1 100 100 100 100 100 100 100 7 100 100 100 100 100 100 7 7 7 100 100 100 100 100 100 100 100 100 100 100 1 1 1 1 1 1 1 1 1 1 1 1 1 1 1 1 1 1 1 1 1 1 1 1 1 1 1 1 1 1 1 12 12 12 12 12 12 12 12 12 12 12 12 12 12 12 12 12 12 12 12 12 12 12 12 12 12 12 12 12 12 12 12 12 12 12 12 12 12 12 12 12 12 12 12 12 12 12 12 12 12 12 9 9 9 9 9 9 9 9 9 9 9 9 9 9 9 9 9 10 10 10 10 10 10 10 10 10 10 10 10 10 10 10 10 10 10 10 10 10 10 10 10 10 10 10 10 10 10 10 10 10 10 10 10 10 10 10 10 10 10 10 10 10
staticfield java/lang/SecurityManager packageAccessLock Ljava/lang/Object; java/lang/Object
staticfield java/lang/SecurityManager packageDefinitionLock Ljava/lang/Object; java/lang/Object
ciInstanceKlass java/security/ProtectionDomain 1 1 269 8 8 8 8 8 8 8 8 8 8 1 1 1 1 1 1 1 1 1 1 1 1 1 1 1 1 1 1 1 1 1 1 1 1 1 1 1 1 1 1 1 1 1 1 1 1 1 1 1 1 1 1 1 1 1 1 1 1 1 1 1 1 1 1 1 1 1 1 1 1 1 1 1 1 1 1 1 1 1 1 1 1 1 1 1 1 1 1 1 1 1 1 1 1 1 1 1 1 1 1 1 1 1 1 1 1 1 100 100 100 7 100 100 100 100 100 100 100 100 100 7 7 100 7 7 100 7 7 7 100 100 100 7 7 100 1 1 1 1 1 1 1 1 1 1 1 1 1 1 1 1 1 1 1 1 1 1 1 1 1 1 1 1 1 12 12 12 12 12 12 12 12 12 12 12 12 12 12 12 12 12 12 12 12 12 12 12 12 12 12 12 12 12 12 12 12 12 12 12 12 12 12 12 12 12 12 12 12 12 12 12 12 9 9 9 9 9 9 9 9 9 9 9 10 10 10 10 10 10 10 10 10 10 10 10 10 10 10 10 10 10 10 10 10 10 10 10 10 10 10 10 10 10 10 10 10 10 10 10 10 11 11 11 11 11 11 11 1
staticfield java/security/ProtectionDomain debug Lsun/security/util/Debug; null
ciInstanceKlass java/security/AccessControlContext 1 1 302 8 8 8 8 8 8 8 8 8 8 8 8 8 7 1 1 1 1 1 1 1 1 1 1 1 1 1 1 1 1 1 1 1 1 1 1 1 1 1 1 1 1 1 1 1 1 1 1 1 1 1 1 1 1 1 1 1 1 1 1 1 1 1 1 1 1 1 1 1 1 1 1 1 1 1 1 1 1 1 1 1 1 1 1 1 1 1 1 1 1 1 1 1 1 1 1 1 1 1 1 1 1 1 1 1 1 1 1 1 1 1 1 1 1 1 1 1 1 1 1 1 100 100 100 100 7 100 100 7 100 100 7 100 100 7 100 100 7 100 7 100 100 100 100 1 1 1 1 1 1 1 1 1 1 1 1 1 1 1 1 1 1 1 1 1 1 1 1 1 1 1 1 1 1 1 1 1 1 12 12 12 12 12 12 12 12 12 12 12 12 12 12 12 12 12 12 12 12 12 12 12 12 12 12 12 12 12 12 12 12 12 12 12 12 12 12 12 12 12 12 12 12 12 12 12 12 12 12 12 12 12 12 12 12 12 12 9 9 9 9 9 9 9 9 9 9 9 9 9 9 10 10 10 10 10 10 10 10 10 10 10 10 10 10 10 10 10 10 10 10 10 10 10 10 10 10 10 10 10 10 10 10 10 10 10 10 10 10 10 10 10 10 10 10 10 11 11 11 11 11 11
instanceKlass java/net/URLClassLoader
ciInstanceKlass java/security/SecureClassLoader 1 1 127 8 8 8 8 1 1 1 1 1 1 1 1 1 1 1 1 1 1 1 1 1 1 1 1 1 1 1 1 1 1 1 1 1 1 1 1 1 1 1 1 1 1 1 1 1 1 1 1 7 100 100 100 100 7 100 7 7 7 7 7 1 1 1 1 1 1 1 1 1 1 1 1 1 1 1 1 1 1 12 12 12 12 12 12 12 12 12 12 12 12 12 12 12 12 12 12 12 12 12 12 12 9 9 9 10 10 10 10 10 10 10 10 10 10 10 10 10 10 10 10 10 10 10 10 10 10
staticfield java/security/SecureClassLoader debug Lsun/security/util/Debug; null
instanceKlass java/lang/reflect/InvocationTargetException
instanceKlass java/lang/NoSuchFieldException
instanceKlass java/lang/InstantiationException
instanceKlass java/lang/IllegalAccessException
instanceKlass java/lang/NoSuchMethodException
instanceKlass java/lang/ClassNotFoundException
ciInstanceKlass java/lang/ReflectiveOperationException 1 1 24 1 1 1 1 1 1 1 1 1 1 5 0 7 100 1 12 12 12 12 10 10 10 10
ciInstanceKlass java/lang/ClassNotFoundException 1 1 29 1 1 1 1 1 1 1 1 1 1 1 1 1 1 5 0 100 7 100 1 1 1 12 12 12 9 10 10
instanceKlass java/lang/ExceptionInInitializerError
instanceKlass java/lang/UnsatisfiedLinkError
instanceKlass java/lang/IncompatibleClassChangeError
instanceKlass java/lang/BootstrapMethodError
instanceKlass java/lang/NoClassDefFoundError
ciInstanceKlass java/lang/LinkageError 1 1 21 1 1 1 1 1 1 1 1 1 5 0 7 100 1 12 12 12 10 10 10
ciInstanceKlass java/lang/NoClassDefFoundError 1 1 18 1 1 1 1 1 1 1 1 1 5 0 7 100 12 12 10 10
ciInstanceKlass java/lang/ClassCastException 1 1 18 1 1 1 1 1 1 1 1 1 5 0 100 100 12 12 10 10
ciInstanceKlass java/lang/ArrayStoreException 1 1 18 1 1 1 1 1 1 1 1 1 5 0 100 100 12 12 10 10
instanceKlass java/lang/InternalError
instanceKlass java/lang/StackOverflowError
instanceKlass java/lang/OutOfMemoryError
ciInstanceKlass java/lang/VirtualMachineError 1 1 24 1 1 1 1 1 1 1 1 1 1 5 0 100 100 1 12 12 12 12 10 10 10 10
instanceKlass io/netty/util/internal/OutOfDirectMemoryError
ciInstanceKlass java/lang/OutOfMemoryError 1 1 18 1 1 1 1 1 1 1 1 1 5 0 100 100 12 12 10 10
ciInstanceKlass java/lang/StackOverflowError 1 1 18 1 1 1 1 1 1 1 1 1 5 0 100 100 12 12 10 10
ciInstanceKlass java/lang/IllegalMonitorStateException 1 1 18 1 1 1 1 1 1 1 1 1 5 0 100 100 12 12 10 10
instanceKlass java/lang/ref/PhantomReference
instanceKlass java/lang/ref/FinalReference
instanceKlass java/lang/ref/WeakReference
instanceKlass java/lang/ref/SoftReference
ciInstanceKlass java/lang/ref/Reference 1 1 131 8 1 1 1 1 1 1 1 1 1 1 1 1 1 1 1 1 1 1 1 1 1 1 1 1 1 1 1 1 1 1 1 1 1 1 1 1 1 1 1 1 1 1 1 1 1 1 1 1 1 1 1 1 1 100 7 100 7 7 100 7 7 7 7 7 7 7 1 1 1 1 1 1 1 1 1 1 1 1 1 1 1 1 12 12 12 12 12 12 12 12 12 12 12 12 12 12 12 12 12 12 12 12 12 12 9 9 9 9 9 9 9 10 10 10 10 10 10 10 10 10 10 10 10 10 10 10 10 1 1
instanceKlass sun/security/util/MemoryCache$SoftCacheEntry
instanceKlass sun/util/locale/provider/LocaleResources$ResourceReference
instanceKlass java/util/ResourceBundle$BundleReference
instanceKlass java/lang/invoke/LambdaFormEditor$Transform
instanceKlass sun/util/locale/LocaleObjectCache$CacheEntry
ciInstanceKlass java/lang/ref/SoftReference 1 1 32 1 1 1 1 1 1 1 1 1 1 1 1 1 1 100 7 7 1 1 1 1 12 12 12 12 12 9 9 10 10 10
instanceKlass io/netty/util/ResourceLeakDetector$DefaultResourceLeak
instanceKlass java/util/concurrent/ForkJoinTask$ExceptionNode
instanceKlass java/io/ObjectStreamClass$FieldReflectorKey
instanceKlass java/io/ObjectStreamClass$WeakClassKey
instanceKlass java/util/ResourceBundle$LoaderReference
instanceKlass java/lang/invoke/MethodType$ConcurrentWeakInternSet$WeakEntry
instanceKlass java/util/logging/LogManager$LoggerWeakRef
instanceKlass java/lang/reflect/WeakCache$CacheValue
instanceKlass java/lang/reflect/Proxy$Key1
instanceKlass java/lang/reflect/WeakCache$CacheKey
instanceKlass java/lang/ThreadLocal$ThreadLocalMap$Entry
instanceKlass java/lang/ClassValue$Entry
instanceKlass java/util/WeakHashMap$Entry
ciInstanceKlass java/lang/ref/WeakReference 1 1 17 1 1 1 1 1 1 7 100 1 1 1 1 12 12 10 10
instanceKlass java/lang/ref/Finalizer
ciInstanceKlass java/lang/ref/FinalReference 1 1 13 1 1 1 1 1 100 7 1 1 1 12 10
instanceKlass sun/misc/Cleaner
ciInstanceKlass java/lang/ref/PhantomReference 1 1 16 1 1 1 1 1 1 1 1 100 7 1 1 1 12 10
ciInstanceKlass sun/misc/Cleaner 1 1 71 1 1 1 1 1 1 1 1 1 1 1 1 1 1 1 1 1 1 1 1 1 1 1 1 1 7 100 7 7 100 7 100 1 1 1 1 1 1 1 1 1 1 1 1 12 12 12 12 12 12 12 12 12 12 12 12 12 9 9 9 9 9 10 10 10 10 10 10 10 11
staticfield sun/misc/Cleaner dummyQueue Ljava/lang/ref/ReferenceQueue; java/lang/ref/ReferenceQueue
ciInstanceKlass java/lang/ref/Finalizer 1 1 147 1 1 1 1 1 1 1 1 1 1 1 1 1 1 1 1 1 1 1 1 1 1 1 1 1 1 1 1 1 1 1 1 1 1 1 1 1 1 1 1 1 1 1 1 1 1 1 1 1 1 1 1 1 1 1 1 1 1 7 7 7 7 100 7 7 100 100 100 7 7 100 7 100 1 1 1 1 1 1 1 1 1 1 1 1 1 1 1 1 1 12 12 12 12 12 12 12 12 12 12 12 12 12 12 12 12 12 12 12 12 12 12 12 12 12 12 9 9 9 9 9 10 10 10 10 10 10 10 10 10 10 10 10 10 10 10 10 10 10 10 10 10 10 10 11 1
staticfield java/lang/ref/Finalizer lock Ljava/lang/Object; java/lang/Object
instanceKlass java/lang/ref/ReferenceQueue$Null
ciInstanceKlass java/lang/ref/ReferenceQueue 1 1 127 8 7 1 1 1 1 1 1 1 1 1 1 1 1 1 1 1 1 1 1 1 1 1 1 1 1 1 1 1 1 1 1 1 1 1 1 1 1 1 1 1 1 1 1 1 1 1 1 1 1 1 1 1 5 0 100 7 100 100 7 100 100 7 7 100 7 7 100 7 1 1 1 1 1 1 1 1 1 1 1 1 1 1 1 1 12 12 12 12 12 12 12 12 12 12 12 12 12 12 12 12 12 12 12 9 9 9 9 9 9 9 9 10 10 10 10 10 10 10 10 10 10 10 10 11 1
staticfield java/lang/ref/ReferenceQueue $assertionsDisabled Z 1
instanceKlass io/netty/util/internal/ThreadLocalRandom$1
instanceKlass io/netty/util/concurrent/FastThreadLocalThread
instanceKlass java/util/concurrent/ForkJoinWorkerThread
instanceKlass io/github/bonigarcia/wdm/WebDriverManager$1
instanceKlass java/util/logging/LogManager$Cleaner
instanceKlass org/eclipse/jdt/internal/junit/runner/RemoteTestRunner$ReaderThread
instanceKlass java/lang/ref/Finalizer$FinalizerThread
instanceKlass java/lang/ref/Reference$ReferenceHandler
ciInstanceKlass java/lang/Thread 1 1 536 3 3 8 8 8 8 8 8 8 8 8 8 8 8 7 1 1 1 1 1 1 1 1 1 1 1 1 1 1 1 1 1 1 1 1 1 1 1 1 1 1 1 1 1 1 1 1 1 1 1 1 1 1 1 1 1 1 1 1 1 1 1 1 1 1 1 1 1 1 1 1 1 1 1 1 1 1 1 1 1 1 1 1 1 1 1 1 1 1 1 1 1 1 1 1 1 1 1 1 1 1 1 1 1 1 1 1 1 1 1 1 1 1 1 1 1 1 1 1 1 1 1 1 1 1 1 1 1 1 1 1 1 1 1 1 1 1 1 1 1 1 1 1 1 1 1 1 1 1 1 1 1 1 1 1 1 1 1 1 1 1 1 1 1 1 1 1 1 1 1 1 1 1 1 1 1 1 1 1 1 1 1 1 1 1 1 1 1 1 1 1 1 1 1 1 1 1 1 1 1 1 1 1 1 1 1 1 1 1 1 1 1 1 1 1 1 1 1 1 1 1 1 3 3 3 100 100 100 100 100 100 100 100 100 100 100 100 7 7 7 100 7 100 7 7 100 100 100 100 100 100 7 7 100 100 100 100 100 100 7 100 100 100 100 100 100 100 1 1 1 1 1 1 1 1 1 1 1 1 1 1 1 1 1 1 1 1 1 1 1 1 1 1 1 1 1 1 1 1 1 1 1 1 1 1 1 1 1 1 1 1 1 1 1 1 1 1 1 1 1 1 1 1 1 1 12 12 12 12 12 12 12 12 12 12 12 12 12 12 12 12 12 12 12 12 12 12 12 12 12 12 12 12 12 12 12 12 12 12 12 12 12 12 12 12 12 12 12 12 12 12 12 12 12 12 12 12 12 12 12 12 12 12 12 12 12 12 12 12 12 12 12 12 12 12 12 12 12 12 12 12 12 12 12 12 12 12 12 12 12 12 12 12 12 12 12 12 12 12 12 12 9 9 9 9 9 9 9 9 9 9 9 9 9 9 9 9 9 9 9 9 9 9 9 9 9 9 10 10 10 10 10 10 10 10 10 10 10 10 10 10 10 10 10 10 10 10 10 10 10 10 10 10 10 10 10 10 10 10 10 10 10 10 10 10 10 10 10 10 10 10 10 10 10 10 10 10 10 10 10 10 10 10 10 10 10 10 10 10 10 10 10 10 10 10 10 10 10 10 10 10 10 10 10 11 11 11 11 11 11 11 1 1 1 1
staticfield java/lang/Thread EMPTY_STACK_TRACE [Ljava/lang/StackTraceElement; 0 [Ljava/lang/StackTraceElement;
staticfield java/lang/Thread SUBCLASS_IMPLEMENTATION_PERMISSION Ljava/lang/RuntimePermission; java/lang/RuntimePermission
ciInstanceKlass java/lang/ThreadGroup 1 1 265 8 8 8 8 8 8 8 1 1 1 1 1 1 1 1 1 1 1 1 1 1 1 1 1 1 1 1 1 1 1 1 1 1 1 1 1 1 1 1 1 1 1 1 1 1 1 1 1 1 1 1 1 1 1 1 1 1 1 1 1 1 1 1 1 1 1 1 1 1 1 1 1 1 1 1 1 1 1 1 1 1 1 1 1 1 1 1 1 1 1 1 1 1 1 1 1 1 1 1 1 1 1 1 1 1 1 7 100 100 100 100 100 7 100 100 7 7 100 100 7 100 7 100 1 1 1 1 1 1 1 1 1 1 1 1 1 1 1 1 1 1 1 1 1 1 1 1 1 1 1 12 12 12 12 12 12 12 12 12 12 12 12 12 12 12 12 12 12 12 12 12 12 12 12 12 12 12 12 12 12 12 12 12 12 12 12 12 12 12 12 12 12 12 12 12 12 12 12 12 12 12 12 12 9 9 9 9 9 9 9 9 9 9 9 9 9 10 10 10 10 10 10 10 10 10 10 10 10 10 10 10 10 10 10 10 10 10 10 10 10 10 10 10 10 10 10 10 10 10 10 10 10 10 10 10 10 10 10 10 10 10 10 11 1
instanceKlass java/util/Hashtable
ciInstanceKlass java/util/Dictionary 1 1 28 1 1 1 1 1 1 1 1 1 1 1 1 1 1 1 1 1 7 100 1 1 1 1 1 1 12 10
instanceKlass java/util/Properties
ciInstanceKlass java/util/Hashtable 1 1 413 3 3 4 4 8 8 8 8 8 8 100 1 1 1 1 1 1 1 1 1 1 1 1 1 1 1 1 1 1 1 1 1 1 1 1 1 1 1 1 1 1 1 1 1 1 1 1 1 1 1 1 1 1 1 1 1 1 1 1 1 1 1 1 1 1 1 1 1 1 1 1 1 1 1 1 1 1 1 1 1 1 1 1 1 1 1 1 1 1 1 1 1 1 1 1 1 1 1 1 1 1 1 1 1 1 1 1 1 1 1 1 1 1 1 1 1 1 1 1 1 1 1 1 1 1 1 1 1 1 1 1 1 1 1 1 1 1 1 1 1 1 1 1 1 1 1 1 1 1 1 1 1 1 1 1 1 1 1 1 1 1 1 1 1 1 3 3 3 5 0 100 100 100 100 100 100 100 100 100 100 7 100 100 7 100 7 100 100 100 7 100 7 7 100 7 7 7 7 100 7 7 7 7 7 100 100 100 100 100 1 1 1 1 1 1 1 1 1 1 1 1 1 1 1 1 1 1 1 1 1 1 1 1 1 1 1 1 1 1 1 1 1 1 1 1 1 1 1 1 1 1 1 1 1 1 1 1 1 1 1 1 1 1 1 1 12 12 12 12 12 12 12 12 12 12 12 12 12 12 12 12 12 12 12 12 12 12 12 12 12 12 12 12 12 12 12 12 12 12 12 12 12 12 12 12 12 12 12 12 12 12 12 12 12 12 12 12 12 12 12 12 12 12 12 12 12 12 12 12 12 9 9 9 9 9 9 9 9 9 9 9 9 10 10 10 10 10 10 10 10 10 10 10 10 10 10 10 10 10 10 10 10 10 10 10 10 10 10 10 10 10 10 10 10 10 10 10 10 10 10 10 10 10 10 10 10 10 10 10 10 10 10 10 10 10 11 11 11 11 11 11 11 11 11 11 11 11 11 1 1 1 1
instanceKlass io/github/bonigarcia/wdm/cache/ResolutionCache$1
instanceKlass java/security/Provider
ciInstanceKlass java/util/Properties 1 1 260 3 8 8 8 8 8 8 8 1 1 1 1 1 1 1 1 1 1 1 1 1 1 1 1 1 1 1 1 1 1 1 1 1 1 1 1 1 1 1 1 1 1 1 1 1 1 1 1 1 1 1 1 1 1 1 1 1 1 1 1 1 1 1 1 1 1 1 1 1 1 1 1 1 1 1 1 1 1 1 1 1 1 1 1 1 1 1 1 1 1 1 1 1 1 1 1 1 1 1 1 1 1 1 5 0 100 7 100 100 100 7 100 100 100 100 100 7 7 7 100 7 7 7 100 100 7 7 100 1 1 1 1 1 1 1 1 1 1 1 1 1 1 1 1 1 1 1 1 1 1 1 1 1 1 1 1 1 1 1 12 12 12 12 12 12 12 12 12 12 12 12 12 12 12 12 12 12 12 12 12 12 12 12 12 12 12 12 12 12 12 12 12 12 12 12 12 12 12 12 12 12 12 12 12 9 9 9 10 10 10 10 10 10 10 10 10 10 10 10 10 10 10 10 10 10 10 10 10 10 10 10 10 10 10 10 10 10 10 10 10 10 10 10 10 10 10 10 10 10 10 10 10 10 10 10 11 11 1 1
staticfield java/util/Properties hexDigit [C 16
instanceKlass java/lang/reflect/Executable
instanceKlass java/lang/reflect/Field
ciInstanceKlass java/lang/reflect/AccessibleObject 1 1 141 8 8 8 7 1 1 1 1 1 1 1 1 1 1 1 1 1 1 1 1 1 1 1 1 1 1 1 1 1 1 1 1 1 1 1 1 1 1 1 1 1 1 1 1 1 1 1 1 1 1 1 1 1 1 1 1 1 1 1 1 1 100 100 100 7 100 100 7 7 7 7 100 7 7 7 7 7 1 1 1 1 1 1 1 1 1 1 1 1 1 1 1 1 1 1 1 1 12 12 12 12 12 12 12 12 12 12 12 12 12 12 12 12 12 12 12 12 9 9 9 9 10 10 10 10 10 10 10 10 10 10 10 10 10 10 10 10 10 11 1
staticfield java/lang/reflect/AccessibleObject ACCESS_PERMISSION Ljava/security/Permission; java/lang/reflect/ReflectPermission
staticfield java/lang/reflect/AccessibleObject reflectionFactory Lsun/reflect/ReflectionFactory; sun/reflect/ReflectionFactory
ciInstanceKlass java/lang/reflect/Field 1 1 359 8 8 8 8 1 1 1 1 1 1 1 1 1 1 1 1 1 1 1 1 1 1 1 1 1 1 1 1 1 1 1 1 1 1 1 1 1 1 1 1 1 1 1 1 1 1 1 1 1 1 1 1 1 1 1 1 1 1 1 1 1 1 1 1 1 1 1 1 1 1 1 1 1 1 1 1 1 1 1 1 1 1 1 1 1 1 1 1 1 1 1 1 1 1 1 1 1 1 1 1 1 1 1 1 1 1 1 1 1 1 1 1 1 1 1 1 1 1 1 1 1 1 1 1 1 1 1 1 1 1 7 100 100 100 100 100 7 7 100 7 100 7 7 7 7 7 7 7 7 100 100 100 100 7 7 7 1 1 1 1 1 1 1 1 1 1 1 1 1 1 1 1 1 1 1 1 1 1 1 1 1 1 1 1 1 1 1 1 1 1 1 1 1 1 1 1 1 1 1 1 1 1 1 1 1 1 1 1 1 1 12 12 12 12 12 12 12 12 12 12 12 12 12 12 12 12 12 12 12 12 12 12 12 12 12 12 12 12 12 12 12 12 12 12 12 12 12 12 12 12 12 12 12 12 12 12 12 12 12 12 12 12 12 12 12 12 12 12 12 12 12 12 12 12 12 12 12 12 12 12 12 9 9 9 9 9 9 9 9 9 9 9 9 9 9 9 10 10 10 10 10 10 10 10 10 10 10 10 10 10 10 10 10 10 10 10 10 10 10 10 10 10 10 10 10 10 10 10 10 10 10 10 10 10 10 10 11 11 11 11 11 11 11 11 11 11 11 11 11 11 11 11 11 11 11 11 11 1
ciInstanceKlass java/lang/reflect/Parameter 0 0 207 8 8 8 8 1 1 1 1 1 1 1 1 1 1 1 1 1 1 1 1 1 1 1 1 1 1 1 1 1 1 1 1 1 1 1 1 1 1 1 1 1 1 1 1 1 1 1 1 1 1 1 1 1 1 1 1 1 1 1 1 1 1 1 1 1 1 1 1 1 1 1 1 1 1 1 1 1 1 1 1 1 100 100 100 100 100 100 100 100 100 100 100 100 100 100 100 1 1 1 1 1 1 1 1 1 1 1 1 1 1 1 1 1 1 1 1 1 1 1 1 1 1 1 1 12 12 12 12 12 12 12 12 12 12 12 12 12 12 12 12 12 12 12 12 12 12 12 12 12 12 12 12 12 12 12 12 12 12 12 12 12 12 12 9 9 9 9 9 9 9 10 10 10 10 10 10 10 10 10 10 10 10 10 10 10 10 10 10 10 10 10 10 10 10 10 10 10 10 10 10 10 10 11 11 11 11
instanceKlass java/lang/reflect/Constructor
instanceKlass java/lang/reflect/Method
ciInstanceKlass java/lang/reflect/Executable 1 1 375 3 8 8 8 8 8 8 8 8 8 8 8 8 8 8 1 1 1 1 1 1 1 1 1 1 1 1 1 1 1 1 1 1 1 1 1 1 1 1 1 1 1 1 1 1 1 1 1 1 1 1 1 1 1 1 1 1 1 1 1 1 1 1 1 1 1 1 1 1 1 1 1 1 1 1 1 1 1 1 1 1 1 1 1 1 1 1 1 1 1 1 1 1 1 1 1 1 1 1 1 1 1 1 1 1 1 1 1 1 1 1 1 1 1 1 1 1 1 1 1 1 1 1 1 1 1 1 1 1 1 1 1 1 1 1 1 1 1 1 1 1 1 1 1 1 1 1 1 1 100 100 100 100 7 100 7 100 100 100 100 7 7 7 7 100 100 100 7 100 7 100 7 7 7 7 7 100 100 100 100 7 1 1 1 1 1 1 1 1 1 1 1 1 1 1 1 1 1 1 1 1 1 1 1 1 1 1 1 1 1 1 1 1 1 1 1 1 1 1 1 1 1 1 1 1 1 1 1 1 1 1 1 12 12 12 12 12 12 12 12 12 12 12 12 12 12 12 12 12 12 12 12 12 12 12 12 12 12 12 12 12 12 12 12 12 12 12 12 12 12 12 12 12 12 12 12 12 12 12 12 12 12 12 12 12 12 12 12 12 12 12 12 12 12 12 12 12 12 12 12 9 9 9 9 9 9 9 10 10 10 10 10 10 10 10 10 10 10 10 10 10 10 10 10 10 10 10 10 10 10 10 10 10 10 10 10 10 10 10 10 10 10 10 10 10 10 10 10 10 10 10 10 10 10 10 10 10 10 10 10 10 10 10 10 10 10 10 10 10 10 11 11 11 1
ciInstanceKlass java/lang/reflect/Method 1 1 343 8 8 8 1 1 1 1 1 1 1 1 1 1 1 1 1 1 1 1 1 1 1 1 1 1 1 1 1 1 1 1 1 1 1 1 1 1 1 1 1 1 1 1 1 1 1 1 1 1 1 1 1 1 1 1 1 1 1 1 1 1 1 1 1 1 1 1 1 1 1 1 1 1 1 1 1 1 1 1 1 1 1 1 1 1 1 1 1 1 1 1 1 1 1 1 1 1 1 1 1 1 1 1 1 1 1 1 1 1 1 1 1 1 1 1 1 1 1 1 1 1 1 1 1 1 1 1 1 1 7 7 7 100 100 7 100 7 100 7 100 7 7 7 7 7 7 7 7 100 7 7 7 7 7 7 7 1 1 1 1 1 1 1 1 1 1 1 1 1 1 1 1 1 1 1 1 1 1 1 1 1 1 1 1 1 1 1 1 1 1 1 1 1 1 1 1 1 1 1 1 1 1 1 1 12 12 12 12 12 12 12 12 12 12 12 12 12 12 12 12 12 12 12 12 12 12 12 12 12 12 12 12 12 12 12 12 12 12 12 12 12 12 12 12 12 12 12 12 12 12 12 12 12 12 12 12 12 12 12 12 12 12 12 12 12 12 12 12 12 12 12 9 9 9 9 9 9 9 9 9 9 9 9 9 9 9 9 10 10 10 10 10 10 10 10 10 10 10 10 10 10 10 10 10 10 10 10 10 10 10 10 10 10 10 10 10 10 10 10 10 10 10 10 10 10 10 10 10 10 10 10 10 10 10 10 10 10 10 10 11 11 11
ciInstanceKlass java/lang/reflect/Constructor 1 1 327 8 8 8 1 1 1 1 1 1 1 1 1 1 1 1 1 1 1 1 1 1 1 1 1 1 1 1 1 1 1 1 1 1 1 1 1 1 1 1 1 1 1 1 1 1 1 1 1 1 1 1 1 1 1 1 1 1 1 1 1 1 1 1 1 1 1 1 1 1 1 1 1 1 1 1 1 1 1 1 1 1 1 1 1 1 1 1 1 1 1 1 1 1 1 1 1 1 1 1 1 1 1 1 1 1 1 1 1 1 1 1 1 1 1 1 1 1 1 1 1 1 1 1 1 1 1 1 7 100 7 100 100 100 100 100 100 7 7 100 100 100 100 100 7 7 7 100 100 100 7 7 7 1 1 1 1 1 1 1 1 1 1 1 1 1 1 1 1 1 1 1 1 1 1 1 1 1 1 1 1 1 1 1 1 1 1 1 1 1 1 1 1 1 1 1 1 1 1 1 1 12 12 12 12 12 12 12 12 12 12 12 12 12 12 12 12 12 12 12 12 12 12 12 12 12 12 12 12 12 12 12 12 12 12 12 12 12 12 12 12 12 12 12 12 12 12 12 12 12 12 12 12 12 12 12 12 12 12 12 12 12 12 9 9 9 9 9 9 9 9 9 9 9 9 9 9 10 10 10 10 10 10 10 10 10 10 10 10 10 10 10 10 10 10 10 10 10 10 10 10 10 10 10 10 10 10 10 10 10 10 10 10 10 10 10 10 10 10 10 10 10 10 10 11 11 1
instanceKlass sun/reflect/FieldAccessorImpl
instanceKlass sun/reflect/ConstructorAccessorImpl
instanceKlass sun/reflect/MethodAccessorImpl
ciInstanceKlass sun/reflect/MagicAccessorImpl 1 1 10 1 1 1 1 1 7 100 12 10
instanceKlass sun/reflect/GeneratedMethodAccessor3
instanceKlass sun/reflect/GeneratedMethodAccessor2
instanceKlass sun/reflect/GeneratedMethodAccessor1
instanceKlass sun/reflect/DelegatingMethodAccessorImpl
instanceKlass sun/reflect/NativeMethodAccessorImpl
ciInstanceKlass sun/reflect/MethodAccessorImpl 1 1 19 1 1 1 1 1 1 1 1 1 1 1 100 100 7 100 100 12 10
instanceKlass sun/reflect/GeneratedConstructorAccessor11
instanceKlass sun/reflect/GeneratedConstructorAccessor10
instanceKlass sun/reflect/GeneratedConstructorAccessor9
instanceKlass sun/reflect/GeneratedConstructorAccessor8
instanceKlass sun/reflect/GeneratedConstructorAccessor7
instanceKlass sun/reflect/GeneratedConstructorAccessor6
instanceKlass sun/reflect/GeneratedConstructorAccessor5
instanceKlass sun/reflect/GeneratedConstructorAccessor4
instanceKlass sun/reflect/GeneratedConstructorAccessor3
instanceKlass sun/reflect/GeneratedConstructorAccessor2
instanceKlass sun/reflect/GeneratedConstructorAccessor1
instanceKlass sun/reflect/BootstrapConstructorAccessorImpl
instanceKlass sun/reflect/SerializationConstructorAccessorImpl
instanceKlass sun/reflect/DelegatingConstructorAccessorImpl
instanceKlass sun/reflect/NativeConstructorAccessorImpl
ciInstanceKlass sun/reflect/ConstructorAccessorImpl 1 1 21 1 1 1 1 1 1 1 1 1 1 1 1 100 100 100 100 100 7 12 10
ciInstanceKlass sun/reflect/DelegatingClassLoader 1 1 10 1 1 1 1 7 100 1 12 10
ciInstanceKlass sun/reflect/ConstantPool 1 1 103 8 7 1 1 1 1 1 1 1 1 1 1 1 1 1 1 1 1 1 1 1 1 1 1 1 1 1 1 1 1 1 1 1 1 1 1 1 1 1 1 1 1 1 1 1 1 1 1 100 7 7 1 1 1 1 1 1 1 1 1 1 1 1 1 1 1 1 1 12 12 12 12 12 12 12 12 12 12 12 12 12 12 12 12 12 9 10 10 10 10 10 10 10 10 10 10 10 10 10 10 10 10
instanceKlass sun/reflect/UnsafeFieldAccessorImpl
ciInstanceKlass sun/reflect/FieldAccessorImpl 1 1 53 1 1 1 1 1 1 1 1 1 1 1 1 1 1 1 1 1 1 1 1 1 1 1 1 1 1 1 1 1 1 1 1 100 100 100 100 7 1 1 1 1 1 1 1 1 1 1 1 1 1 12 10
instanceKlass sun/reflect/UnsafeObjectFieldAccessorImpl
instanceKlass sun/reflect/UnsafeStaticFieldAccessorImpl
ciInstanceKlass sun/reflect/UnsafeFieldAccessorImpl 1 1 226 8 8 8 8 8 8 8 8 8 8 8 8 8 8 8 8 8 8 8 8 8 8 1 1 1 1 1 1 1 1 1 1 1 1 1 1 1 1 1 1 1 1 1 1 1 1 1 1 1 1 1 1 1 1 1 1 1 1 1 1 1 1 1 1 1 1 1 1 1 1 1 1 1 1 1 1 1 1 1 1 1 1 1 1 1 1 1 1 1 1 1 1 1 1 1 1 1 1 1 1 1 1 1 1 1 1 1 1 1 1 1 1 1 1 1 1 1 100 100 100 7 100 100 100 100 100 100 7 100 100 100 7 7 7 7 7 1 1 1 1 1 1 1 1 1 1 1 1 1 1 1 1 1 1 12 12 12 12 12 12 12 12 12 12 12 12 12 12 12 12 12 12 12 12 12 12 12 12 12 12 12 12 12 12 12 12 12 12 9 9 9 9 10 10 10 10 10 10 10 10 10 10 10 10 10 10 10 10 10 10 10 10 10 10 10 10 10 10 10 10 10 10 10 10 10
staticfield sun/reflect/UnsafeFieldAccessorImpl unsafe Lsun/misc/Unsafe; sun/misc/Unsafe
instanceKlass sun/reflect/UnsafeStaticObjectFieldAccessorImpl
instanceKlass sun/reflect/UnsafeQualifiedStaticFieldAccessorImpl
ciInstanceKlass sun/reflect/UnsafeStaticFieldAccessorImpl 1 1 35 8 7 1 1 1 1 1 1 1 1 1 1 1 1 1 1 7 7 7 7 1 1 1 1 12 12 12 12 12 9 9 10 10 10
ciInstanceKlass sun/reflect/CallerSensitive 0 0 15 1 1 1 1 1 1 1 100 100 100 1 1 1 1
instanceKlass java/lang/invoke/DelegatingMethodHandle
instanceKlass java/lang/invoke/BoundMethodHandle
instanceKlass java/lang/invoke/DirectMethodHandle
ciInstanceKlass java/lang/invoke/MethodHandle 1 1 435 8 8 8 8 8 8 8 8 8 8 8 8 8 7 1 1 1 1 1 1 1 1 1 1 1 1 1 1 1 1 1 1 1 1 1 1 1 1 1 1 1 1 1 1 1 1 1 1 1 1 1 1 1 1 1 1 1 1 1 1 1 1 1 1 1 1 1 1 1 1 1 1 1 1 1 1 1 1 1 1 1 1 1 1 1 1 1 1 1 1 1 1 1 1 1 1 1 1 1 1 1 1 1 1 1 1 1 1 1 1 1 1 1 1 1 1 1 1 1 1 1 1 1 1 1 1 1 1 1 1 1 1 1 1 1 1 1 1 1 1 1 1 1 1 1 1 1 1 1 1 1 1 1 1 1 1 1 1 1 1 1 1 1 1 1 1 1 1 1 100 7 100 100 100 100 7 100 100 100 7 100 100 7 7 7 100 7 7 7 7 100 100 100 7 1 1 1 1 1 1 1 1 1 1 1 1 1 1 1 1 1 1 1 1 1 1 1 1 1 1 1 1 1 1 1 1 1 1 1 1 1 1 1 1 1 1 1 1 1 1 1 1 1 1 1 1 1 1 1 1 1 1 1 1 1 1 1 1 1 1 1 12 12 12 12 12 12 12 12 12 12 12 12 12 12 12 12 12 12 12 12 12 12 12 12 12 12 12 12 12 12 12 12 12 12 12 12 12 12 12 12 12 12 12 12 12 12 12 12 12 12 12 12 12 12 12 12 12 12 12 12 12 12 12 12 12 12 12 12 12 12 12 12 12 12 12 12 12 12 12 12 12 12 12 9 9 9 9 9 9 9 9 9 9 9 9 10 10 10 10 10 10 10 10 10 10 10 10 10 10 10 10 10 10 10 10 10 10 10 10 10 10 10 10 10 10 10 10 10 10 10 10 10 10 10 10 10 10 10 10 10 10 10 10 10 10 10 10 10 10 10 10 10 10 10 10 10 10 10 10 10 10 10 10 10 10 10 10 10 10 10 11 1 1
staticfield java/lang/invoke/MethodHandle FORM_OFFSET J 20
staticfield java/lang/invoke/MethodHandle $assertionsDisabled Z 1
instanceKlass java/lang/invoke/DirectMethodHandle$Special
instanceKlass java/lang/invoke/DirectMethodHandle$Constructor
instanceKlass java/lang/invoke/DirectMethodHandle$Accessor
instanceKlass java/lang/invoke/DirectMethodHandle$Interface
ciInstanceKlass java/lang/invoke/DirectMethodHandle 1 1 698 8 8 8 8 8 8 8 8 8 8 8 8 8 8 8 8 8 8 8 8 8 7 7 7 7 7 7 7 7 7 7 7 1 1 1 1 1 1 1 1 1 1 1 1 1 1 1 1 1 1 1 1 1 1 1 1 1 1 1 1 1 1 1 1 1 1 1 1 1 1 1 1 1 1 1 1 1 1 1 1 1 1 1 1 1 1 1 1 1 1 1 1 1 1 1 1 1 1 1 1 1 1 1 1 1 1 1 1 1 1 1 1 1 1 1 1 1 1 1 1 1 1 1 1 1 1 1 1 1 1 1 1 1 1 1 1 1 1 1 1 1 1 1 1 1 1 1 1 1 1 1 1 1 1 1 1 1 1 1 1 1 1 1 1 1 1 1 1 1 1 1 1 1 1 1 1 1 1 1 1 1 1 1 1 1 1 1 1 1 1 1 1 1 1 1 1 1 1 1 1 1 1 1 1 1 1 1 1 1 1 1 1 1 1 1 1 1 1 1 1 1 1 1 1 1 1 1 1 1 1 1 1 1 1 1 1 1 1 1 1 1 1 1 1 1 1 1 1 1 1 1 1 1 1 1 1 1 1 1 1 1 100 100 7 7 7 100 7 100 7 7 100 7 7 100 7 7 7 7 7 7 100 7 7 100 7 7 100 7 7 7 100 100 100 7 7 7 7 1 1 1 1 1 1 1 1 1 1 1 1 1 1 1 1 1 1 1 1 1 1 1 1 1 1 1 1 1 1 1 1 1 1 1 1 1 1 1 1 1 1 1 1 1 1 1 1 1 1 1 1 1 1 1 1 1 1 1 1 1 1 1 1 1 1 1 1 1 1 1 1 1 1 1 1 1 1 1 12 12 12 12 12 12 12 12 12 12 12 12 12 12 12 12 12 12 12 12 12 12 12 12 12 12 12 12 12 12 12 12 12 12 12 12 12 12 12 12 12 12 12 12 12 12 12 12 12 12 12 12 12 12 12 12 12 12 12 12 12 12 12 12 12 12 12 12 12 12 12 12 12 12 12 12 12 12 12 12 12 12 12 12 12 12 12 12 12 12 12 12 12 12 12 12 12 12 12 12 12 12 12 12 12 12 12 12 12 12 12 12 12 12 12 12 12 12 12 12 12 12 12 12 12 12 12 12 12 12 12 12 12 12 12 12 12 12 12 12 12 12 12 12 12 12 12 12 12 12 12 12 9 9 9 9 9 9 9 9 9 9 9 9 9 9 9 9 9 9 9 9 9 9 9 9 9 9 9 9 9 9 9 9 9 9 9 9 10 10 10 10 10 10 10 10 10 10 10 10 10 10 10 10 10 10 10 10 10 10 10 10 10 10 10 10 10 10 10 10 10 10 10 10 10 10 10 10 10 10 10 10 10 10 10 10 10 10 10 10 10 10 10 10 10 10 10 10 10 10 10 10 10 10 10 10 10 10 10 10 10 10 10 10 10 10 10 10 10 10 10 10 10 10 10 10 10 10 10 10 10 10 10 10 10 10 10 10 10 10 10 10 10 10 10 10 10 10 10 10 10 10 10 10 10 10 10 10 10 10 10 1 1 1 1 1 1 1 1 1
staticfield java/lang/invoke/DirectMethodHandle IMPL_NAMES Ljava/lang/invoke/MemberName$Factory; java/lang/invoke/MemberName$Factory
staticfield java/lang/invoke/DirectMethodHandle ACCESSOR_FORMS [Ljava/lang/invoke/LambdaForm; 132 [Ljava/lang/invoke/LambdaForm;
staticfield java/lang/invoke/DirectMethodHandle $assertionsDisabled Z 1
ciInstanceKlass java/lang/invoke/MemberName 1 1 639 3 3 3 3 3 3 3 3 3 3 3 8 8 8 8 8 8 8 8 8 8 8 8 8 8 8 8 8 8 8 8 8 8 8 8 8 8 8 8 8 8 8 7 7 7 100 1 1 1 1 1 1 1 1 1 1 1 1 1 1 1 1 1 1 1 1 1 1 1 1 1 1 1 1 1 1 1 1 1 1 1 1 1 1 1 1 1 1 1 1 1 1 1 1 1 1 1 1 1 1 1 1 1 1 1 1 1 1 1 1 1 1 1 1 1 1 1 1 1 1 1 1 1 1 1 1 1 1 1 1 1 1 1 1 1 1 1 1 1 1 1 1 1 1 1 1 1 1 1 1 1 1 1 1 1 1 1 1 1 1 1 1 1 1 1 1 1 1 1 1 1 1 1 1 1 1 1 1 1 1 1 1 1 1 1 1 1 1 1 1 1 1 1 1 1 1 1 1 1 1 1 1 1 1 1 1 1 1 1 1 1 1 1 1 1 1 1 1 1 1 1 1 1 1 1 1 1 1 1 1 1 1 1 1 1 1 1 1 1 1 1 1 1 1 1 1 1 1 1 1 1 1 1 1 1 1 1 1 1 1 1 1 1 1 1 1 1 1 1 1 1 1 1 1 1 3 3 3 3 3 3 3 3 7 7 100 100 100 7 7 100 100 100 100 100 100 100 100 100 7 100 7 7 7 7 7 100 7 7 100 100 100 100 7 100 100 100 7 7 7 100 7 1 1 1 1 1 1 1 1 1 1 1 1 1 1 1 1 1 1 1 1 1 1 1 1 1 1 1 1 1 1 1 1 1 1 1 1 1 1 1 1 1 1 1 1 1 1 1 1 1 1 1 1 1 1 1 1 1 1 1 1 1 1 1 1 12 12 12 12 12 12 12 12 12 12 12 12 12 12 12 12 12 12 12 12 12 12 12 12 12 12 12 12 12 12 12 12 12 12 12 12 12 12 12 12 12 12 12 12 12 12 12 12 12 12 12 12 12 12 12 12 12 12 12 12 12 12 12 12 12 12 12 12 12 12 12 12 12 12 12 12 12 12 12 12 12 12 12 12 12 12 12 12 12 12 12 12 12 12 12 12 12 12 12 12 12 12 12 12 12 12 12 12 12 12 12 12 12 9 9 9 9 9 9 9 9 9 9 10 10 10 10 10 10 10 10 10 10 10 10 10 10 10 10 10 10 10 10 10 10 10 10 10 10 10 10 10 10 10 10 10 10 10 10 10 10 10 10 10 10 10 10 10 10 10 10 10 10 10 10 10 10 10 10 10 10 10 10 10 10 10 10 10 10 10 10 10 10 10 10 10 10 10 10 10 10 10 10 10 10 10 10 10 10 10 10 10 10 10 10 10 10 10 10 10 10 10 10 10 10 10 10 10 10 10 10 10 10 10 10 10 10 10 10 10 10 10 10 10 10 10 10 10 10 1 1 1
staticfield java/lang/invoke/MemberName $assertionsDisabled Z 1
ciInstanceKlass java/lang/invoke/MethodHandleNatives 1 1 424 8 8 8 8 8 8 8 8 8 8 8 8 8 8 8 8 8 8 8 8 8 8 8 8 8 8 8 8 100 100 7 7 100 1 1 1 1 1 1 1 1 1 1 1 1 1 1 1 1 1 1 1 1 1 1 1 1 1 1 1 1 1 1 1 1 1 1 1 1 1 1 1 1 1 1 1 1 1 1 1 1 1 1 1 1 1 1 1 1 1 1 1 1 1 1 1 1 1 1 1 1 1 1 1 1 1 1 1 1 1 1 1 1 1 1 1 1 1 1 1 1 1 1 1 1 1 1 1 1 1 1 1 1 1 1 1 1 1 1 1 1 1 1 1 1 1 1 1 1 1 1 1 1 1 1 1 1 1 1 1 1 1 1 1 1 1 1 1 1 1 1 1 1 1 1 1 1 1 1 1 1 1 1 1 1 1 1 1 1 1 1 1 1 1 1 1 1 1 100 100 100 100 7 100 100 100 100 100 100 100 100 100 100 100 100 100 7 100 7 100 100 100 7 7 7 7 7 7 100 7 7 100 100 1 1 1 1 1 1 1 1 1 1 1 1 1 1 1 1 1 1 1 1 1 1 1 1 1 1 1 1 1 1 1 1 1 1 1 1 1 1 1 1 1 1 1 1 1 1 1 12 12 12 12 12 12 12 12 12 12 12 12 12 12 12 12 12 12 12 12 12 12 12 12 12 12 12 12 12 12 12 12 12 12 12 12 12 12 12 12 12 12 12 12 12 12 12 12 12 12 12 12 12 12 12 12 12 12 12 12 12 12 12 12 9 9 9 9 9 9 10 10 10 10 10 10 10 10 10 10 10 10 10 10 10 10 10 10 10 10 10 10 10 10 10 10 10 10 10 10 10 10 10 10 10 10 10 10 10 10 10 10 10 10 10 10 10 10 10 10 10 10 10 10 10 10 10 10 10 10 10 10 10 10 10 10 10 10 10 10 10 1 1
staticfield java/lang/invoke/MethodHandleNatives COUNT_GWT Z 1
staticfield java/lang/invoke/MethodHandleNatives $assertionsDisabled Z 1
ciInstanceKlass java/lang/invoke/LambdaForm 1 1 964 8 8 8 8 8 8 8 8 8 8 8 8 8 8 8 8 8 8 8 8 8 8 8 8 8 8 8 8 8 8 8 8 8 8 8 8 8 8 8 8 8 8 8 8 8 8 8 8 8 8 8 8 8 8 100 7 7 1 1 1 1 1 1 1 1 1 1 1 1 1 1 1 1 1 1 1 1 1 1 1 1 1 1 1 1 1 1 1 1 1 1 1 1 1 1 1 1 1 1 1 1 1 1 1 1 1 1 1 1 1 1 1 1 1 1 1 1 1 1 1 1 1 1 1 1 1 1 1 1 1 1 1 1 1 1 1 1 1 1 1 1 1 1 1 1 1 1 1 1 1 1 1 1 1 1 1 1 1 1 1 1 1 1 1 1 1 1 1 1 1 1 1 1 1 1 1 1 1 1 1 1 1 1 1 1 1 1 1 1 1 1 1 1 1 1 1 1 1 1 1 1 1 1 1 1 1 1 1 1 1 1 1 1 1 1 1 1 1 1 1 1 1 1 1 1 1 1 1 1 1 1 1 1 1 1 1 1 1 1 1 1 1 1 1 1 1 1 1 1 1 1 1 1 1 1 1 1 1 1 1 1 1 1 1 1 1 1 1 1 1 1 1 1 1 1 1 1 1 1 1 1 1 1 1 1 1 1 1 1 1 1 1 1 1 1 1 1 1 1 1 1 1 1 1 1 1 1 1 1 1 1 1 1 1 1 1 1 1 1 1 1 1 1 1 1 1 1 1 1 1 1 1 1 1 1 1 1 1 1 1 1 1 1 1 1 1 1 1 1 1 1 1 1 1 1 1 1 1 1 1 1 1 1 1 1 1 1 1 1 1 1 1 1 1 1 1 1 1 1 1 1 1 1 1 1 1 1 1 1 1 1 1 1 1 1 3 3 3 3 8 100 100 100 100 7 7 100 100 100 7 100 100 100 100 100 100 100 100 7 7 7 100 7 7 100 100 100 7 100 7 100 100 7 7 7 7 7 100 100 7 7 7 7 100 100 7 7 7 1 1 1 1 1 1 1 1 1 1 1 1 1 1 1 1 1 1 1 1 1 1 1 1 1 1 1 1 1 1 1 1 1 1 1 1 1 1 1 1 1 1 1 1 1 1 1 1 1 1 1 1 1 1 1 1 1 1 1 1 1 1 1 1 1 1 1 1 1 1 1 1 1 1 1 1 1 1 1 1 1 1 1 1 1 1 1 1 1 1 1 1 1 1 1 1 1 1 1 1 1 1 1 1 1 1 1 1 1 1 1 1 1 1 12 12 12 12 12 12 12 12 12 12 12 12 12 12 12 12 12 12 12 12 12 12 12 12 12 12 12 12 12 12 12 12 12 12 12 12 12 12 12 12 12 12 12 12 12 12 12 12 12 12 12 12 12 12 12 12 12 12 12 12 12 12 12 12 12 12 12 12 12 12 12 12 12 12 12 12 12 12 12 12 12 12 12 12 12 12 12 12 12 12 12 12 12 12 12 12 12 12 12 12 12 12 12 12 12 12 12 12 12 12 12 12 12 12 12 12 12 12 12 12 12 12 12 12 12 12 12 12 12 12 12 12 12 12 12 12 12 12 12 12 12 12 12 12 12 12 12 12 12 12 12 12 12 12 12 12 12 12 12 12 12 12 12 12 12 12 12 12 12 12 12 12 12 12 12 12 12 12 12 12 12 12 12 12 12 12 12 12 12 12 12 9 9 9 9 9 9 9 9 9 9 9 9 9 9 9 9 9 9 9 9 9 9 9 9 9 9 9 9 9 9 9 9 9 9 9 9 9 9 9 9 10 10 10 10 10 10 10 10 10 10 10 10 10 10 10 10 10 10 10 10 10 10 10 10 10 10 10 10 10 10 10 10 10 10 10 10 10 10 10 10 10 10 10 10 10 10 10 10 10 10 10 10 10 10 10 10 10 10 10 10 10 10 10 10 10 10 10 10 10 10 10 10 10 10 10 10 10 10 10 10 10 10 10 10 10 10 10 10 10 10 10 10 10 10 10 10 10 10 10 10 10 10 10 10 10 10 10 10 10 10 10 10 10 10 10 10 10 10 10 10 10 10 10 10 10 10 10 10 10 10 10 10 10 10 10 10 10 10 10 10 10 10 10 10 10 10 10 10 10 10 10 10 10 10 10 10 10 10 10 10 11 11 11 11 11 1 1 1 1 1
staticfield java/lang/invoke/LambdaForm COMPILE_THRESHOLD I 0
staticfield java/lang/invoke/LambdaForm INTERNED_ARGUMENTS [[Ljava/lang/invoke/LambdaForm$Name; 5 [[Ljava/lang/invoke/LambdaForm$Name;
staticfield java/lang/invoke/LambdaForm IMPL_NAMES Ljava/lang/invoke/MemberName$Factory; java/lang/invoke/MemberName$Factory
staticfield java/lang/invoke/LambdaForm LF_identityForm [Ljava/lang/invoke/LambdaForm; 6 [Ljava/lang/invoke/LambdaForm;
staticfield java/lang/invoke/LambdaForm LF_zeroForm [Ljava/lang/invoke/LambdaForm; 6 [Ljava/lang/invoke/LambdaForm;
staticfield java/lang/invoke/LambdaForm NF_identity [Ljava/lang/invoke/LambdaForm$NamedFunction; 6 [Ljava/lang/invoke/LambdaForm$NamedFunction;
staticfield java/lang/invoke/LambdaForm NF_zero [Ljava/lang/invoke/LambdaForm$NamedFunction; 6 [Ljava/lang/invoke/LambdaForm$NamedFunction;
staticfield java/lang/invoke/LambdaForm DEBUG_NAME_COUNTERS Ljava/util/HashMap; null
staticfield java/lang/invoke/LambdaForm TRACE_INTERPRETER Z 0
staticfield java/lang/invoke/LambdaForm $assertionsDisabled Z 1
ciInstanceKlass java/lang/invoke/MethodType 1 1 590 8 8 8 8 8 8 8 8 8 8 8 8 7 7 7 7 1 1 1 1 1 1 1 1 1 1 1 1 1 1 1 1 1 1 1 1 1 1 1 1 1 1 1 1 1 1 1 1 1 1 1 1 1 1 1 1 1 1 1 1 1 1 1 1 1 1 1 1 1 1 1 1 1 1 1 1 1 1 1 1 1 1 1 1 1 1 1 1 1 1 1 1 1 1 1 1 1 1 1 1 1 1 1 1 1 1 1 1 1 1 1 1 1 1 1 1 1 1 1 1 1 1 1 1 1 1 1 1 1 1 1 1 1 1 1 1 1 1 1 1 1 1 1 1 1 1 1 1 1 1 1 1 1 1 1 1 1 1 1 1 1 1 1 1 1 1 1 1 1 1 1 1 1 1 1 1 1 1 1 1 1 1 1 1 1 1 1 1 1 1 1 1 1 1 1 1 1 1 1 1 1 1 1 1 1 1 1 1 1 1 1 1 1 3 3 3 5 0 7 100 100 100 7 100 100 7 100 7 100 100 100 100 100 7 7 7 7 100 100 7 7 7 7 7 7 7 7 7 7 100 100 7 1 1 1 1 1 1 1 1 1 1 1 1 1 1 1 1 1 1 1 1 1 1 1 1 1 1 1 1 1 1 1 1 1 1 1 1 1 1 1 1 1 1 1 1 1 1 1 1 1 1 1 1 1 1 1 1 1 1 1 1 1 1 1 1 1 1 1 1 1 1 1 1 1 1 1 1 1 1 1 1 1 1 1 1 1 1 1 1 1 1 1 1 1 1 1 1 1 1 1 1 1 1 1 1 12 12 12 12 12 12 12 12 12 12 12 12 12 12 12 12 12 12 12 12 12 12 12 12 12 12 12 12 12 12 12 12 12 12 12 12 12 12 12 12 12 12 12 12 12 12 12 12 12 12 12 12 12 12 12 12 12 12 12 12 12 12 12 12 12 12 12 12 12 12 12 12 12 12 12 12 12 12 12 12 12 12 12 12 12 12 12 12 12 12 12 12 12 12 12 12 12 12 12 12 12 12 12 12 12 12 12 12 12 12 12 12 9 9 9 9 9 9 9 9 9 9 9 9 9 9 9 9 9 9 10 10 10 10 10 10 10 10 10 10 10 10 10 10 10 10 10 10 10 10 10 10 10 10 10 10 10 10 10 10 10 10 10 10 10 10 10 10 10 10 10 10 10 10 10 10 10 10 10 10 10 10 10 10 10 10 10 10 10 10 10 10 10 10 10 10 10 10 10 10 10 10 10 10 10 10 10 10 10 10 10 10 10 10 10 10 10 10 10 10 10 10 10 10 10 10 10 10 11 11 11 11 1
staticfield java/lang/invoke/MethodType internTable Ljava/lang/invoke/MethodType$ConcurrentWeakInternSet; java/lang/invoke/MethodType$ConcurrentWeakInternSet
staticfield java/lang/invoke/MethodType NO_PTYPES [Ljava/lang/Class; 0 [Ljava/lang/Class;
staticfield java/lang/invoke/MethodType objectOnlyTypes [Ljava/lang/invoke/MethodType; 20 [Ljava/lang/invoke/MethodType;
staticfield java/lang/invoke/MethodType serialPersistentFields [Ljava/io/ObjectStreamField; 0 [Ljava/io/ObjectStreamField;
staticfield java/lang/invoke/MethodType rtypeOffset J 12
staticfield java/lang/invoke/MethodType ptypesOffset J 16
staticfield java/lang/invoke/MethodType $assertionsDisabled Z 1
ciInstanceKlass java/lang/BootstrapMethodError 0 0 35 1 1 1 1 1 1 1 1 1 1 1 1 1 1 1 1 5 0 100 100 100 100 1 1 12 12 12 12 12 10 10 10 10 10
instanceKlass java/lang/invoke/VolatileCallSite
instanceKlass java/lang/invoke/MutableCallSite
instanceKlass java/lang/invoke/ConstantCallSite
ciInstanceKlass java/lang/invoke/CallSite 1 1 308 8 8 8 8 8 8 8 8 7 7 7 7 1 1 1 1 1 1 1 1 1 1 1 1 1 1 1 1 1 1 1 1 1 1 1 1 1 1 1 1 1 1 1 1 1 1 1 1 1 1 1 1 1 1 1 1 1 1 1 1 1 1 1 1 1 1 1 1 1 1 1 1 1 1 1 1 1 1 1 1 1 1 1 1 1 1 1 1 1 1 1 1 1 1 1 1 1 1 1 1 1 1 1 1 1 1 1 1 1 1 1 1 1 1 1 1 100 7 100 100 100 100 7 100 100 100 100 100 100 7 100 7 100 7 7 100 100 7 1 1 1 1 1 1 1 1 1 1 1 1 1 1 1 1 1 1 1 1 1 1 1 1 1 1 1 1 1 1 1 1 1 1 1 1 1 1 1 1 1 1 1 12 12 12 12 12 12 12 12 12 12 12 12 12 12 12 12 12 12 12 12 12 12 12 12 12 12 12 12 12 12 12 12 12 12 12 12 12 12 12 12 12 12 12 12 12 12 12 12 12 12 12 12 12 12 12 12 12 12 12 12 9 9 9 9 9 9 10 10 10 10 10 10 10 10 10 10 10 10 10 10 10 10 10 10 10 10 10 10 10 10 10 10 10 10 10 10 10 10 10 10 10 10 10 10 10 10 10 10 10 10 10 10 10 10 10 10 10 10 10 10 10 10 10 10 10 1
staticfield java/lang/invoke/CallSite GET_TARGET Ljava/lang/invoke/MethodHandle; java/lang/invoke/DirectMethodHandle
staticfield java/lang/invoke/CallSite THROW_UCS Ljava/lang/invoke/MethodHandle; java/lang/invoke/MethodHandleImpl$AsVarargsCollector
staticfield java/lang/invoke/CallSite TARGET_OFFSET J 12
ciInstanceKlass java/lang/invoke/ConstantCallSite 1 1 39 1 1 1 1 1 1 1 1 1 1 1 1 1 1 1 1 1 1 100 100 100 7 7 1 1 12 12 12 12 12 12 9 9 10 10 10 10 10
ciInstanceKlass java/lang/invoke/MutableCallSite 0 0 54 1 1 1 1 1 1 1 1 1 1 1 1 1 1 1 1 1 1 1 1 1 1 1 100 100 100 100 1 1 1 1 1 1 12 12 12 12 12 12 12 12 12 12 9 9 10 10 10 10 10 10 10 10
ciInstanceKlass java/lang/invoke/VolatileCallSite 0 0 30 1 1 1 1 1 1 1 1 1 1 1 1 100 100 1 1 1 12 12 12 12 12 12 10 10 10 10 10 10
instanceKlass java/lang/StringBuilder
instanceKlass java/lang/StringBuffer
ciInstanceKlass java/lang/AbstractStringBuilder 1 1 315 3 3 3 8 8 8 8 8 8 8 8 8 8 8 8 8 1 1 1 1 1 1 1 1 1 1 1 1 1 1 1 1 1 1 1 1 1 1 1 1 1 1 1 1 1 1 1 1 1 1 1 1 1 1 1 1 1 1 1 1 1 1 1 1 1 1 1 1 1 1 1 1 1 1 1 1 1 1 1 1 1 1 1 1 1 1 1 1 1 1 1 1 1 1 1 1 1 1 1 1 1 1 1 1 1 1 1 1 1 1 1 1 1 1 1 1 1 1 1 1 1 1 1 1 1 1 1 1 1 1 5 0 100 7 100 7 7 100 100 7 7 7 100 7 100 100 100 7 7 100 1 1 1 1 1 1 1 1 1 1 1 1 1 1 1 1 1 1 1 1 1 1 1 1 1 1 1 1 1 1 1 1 1 1 1 1 1 1 1 1 1 1 1 12 12 12 12 12 12 12 12 12 12 12 12 12 12 12 12 12 12 12 12 12 12 12 12 12 12 12 12 12 12 12 12 12 12 12 12 12 12 12 12 12 12 12 12 12 12 12 12 12 12 12 12 12 12 12 9 9 10 10 10 10 10 10 10 10 10 10 10 10 10 10 10 10 10 10 10 10 10 10 10 10 10 10 10 10 10 10 10 10 10 10 10 10 10 10 10 10 10 10 10 10 10 10 10 10 10 10 10 10 10 10 10 10 10 10 10 10 10 10 11 11
ciInstanceKlass java/lang/StringBuffer 1 1 368 8 8 8 7 1 1 1 1 1 1 1 1 1 1 1 1 1 1 1 1 1 1 1 1 1 1 1 1 1 1 1 1 1 1 1 1 1 1 1 1 1 1 1 1 1 1 1 1 1 1 1 1 1 1 1 1 1 1 1 1 1 1 1 1 1 1 1 1 1 1 1 1 1 1 1 1 1 1 1 1 1 1 1 1 1 1 1 1 1 1 1 5 0 100 100 100 100 100 7 100 7 7 100 100 7 7 7 100 7 1 1 1 1 1 1 1 1 1 1 1 1 1 1 1 1 1 1 1 1 1 1 1 1 1 1 1 1 1 1 1 1 1 1 1 1 1 1 1 1 1 1 1 1 1 1 1 1 1 1 1 1 1 1 1 1 1 1 1 1 1 1 1 1 1 1 1 1 12 12 12 12 12 12 12 12 12 12 12 12 12 12 12 12 12 12 12 12 12 12 12 12 12 12 12 12 12 12 12 12 12 12 12 12 12 12 12 12 12 12 12 12 12 12 12 12 12 12 12 12 12 12 12 12 12 12 12 12 12 12 12 12 12 12 12 12 12 12 12 12 12 12 12 12 12 12 12 12 12 12 12 12 12 12 12 12 12 12 12 9 9 9 9 9 9 10 10 10 10 10 10 10 10 10 10 10 10 10 10 10 10 10 10 10 10 10 10 10 10 10 10 10 10 10 10 10 10 10 10 10 10 10 10 10 10 10 10 10 10 10 10 10 10 10 10 10 10 10 10 10 10 10 10 10 10 10 10 10 10 10 10 10 10 10 10 10 10 10 10 10 10 10 10 10 10 10 10 10 10 10 10 10 10 10 10 11 1 1
staticfield java/lang/StringBuffer serialPersistentFields [Ljava/io/ObjectStreamField; 3 [Ljava/io/ObjectStreamField;
ciInstanceKlass java/lang/StringBuilder 1 1 323 1 1 1 1 1 1 1 1 1 1 1 1 1 1 1 1 1 1 1 1 1 1 1 1 1 1 1 1 1 1 1 1 1 1 1 1 1 1 1 1 1 1 1 1 1 1 1 1 1 1 1 1 1 1 1 1 1 1 1 1 1 1 1 1 1 1 1 5 0 100 100 100 100 100 7 100 100 7 7 1 1 1 1 1 1 1 1 1 1 1 1 1 1 1 1 1 1 1 1 1 1 1 1 1 1 1 1 1 1 1 1 1 1 1 1 1 1 1 1 1 1 1 1 1 1 1 1 1 1 1 1 1 1 1 1 1 1 1 1 1 1 12 12 12 12 12 12 12 12 12 12 12 12 12 12 12 12 12 12 12 12 12 12 12 12 12 12 12 12 12 12 12 12 12 12 12 12 12 12 12 12 12 12 12 12 12 12 12 12 12 12 12 12 12 12 12 12 12 12 12 12 12 12 12 12 12 12 12 12 12 12 12 12 12 12 12 12 12 12 12 12 12 12 12 12 12 12 12 12 12 9 9 10 10 10 10 10 10 10 10 10 10 10 10 10 10 10 10 10 10 10 10 10 10 10 10 10 10 10 10 10 10 10 10 10 10 10 10 10 10 10 10 10 10 10 10 10 10 10 10 10 10 10 10 10 10 10 10 10 10 10 10 10 10 10 10 10 10 10 10 10 10 10 10 10 10 10 10 10 10 10 10 10 10 10 10 10 10 10 10 10 11
ciInstanceKlass sun/misc/Unsafe 1 1 386 8 8 7 7 7 7 7 7 7 7 7 7 1 1 1 1 1 1 1 1 1 1 1 1 1 1 1 1 1 1 1 1 1 1 1 1 1 1 1 1 1 1 1 1 1 1 1 1 1 1 1 1 1 1 1 1 1 1 1 1 1 1 1 1 1 1 1 1 1 1 1 1 1 1 1 1 1 1 1 1 1 1 1 1 1 1 1 1 1 1 1 1 1 1 1 1 1 1 1 1 1 1 1 1 1 1 1 1 1 1 1 1 1 1 1 1 1 1 1 1 1 1 1 1 1 1 1 1 1 1 1 1 1 1 1 1 1 1 1 1 1 1 1 1 1 1 1 1 1 1 1 1 1 1 1 1 1 1 1 1 1 1 1 1 1 1 1 1 1 1 1 1 1 1 1 1 1 1 3 100 7 100 7 7 100 7 100 100 7 7 1 1 1 1 1 1 1 1 1 1 1 1 1 1 1 1 1 1 1 1 1 1 1 1 1 1 1 1 1 1 1 1 1 1 1 1 1 1 1 1 1 1 1 1 1 1 1 1 1 1 1 1 1 1 1 1 1 1 1 1 1 1 1 1 1 1 1 1 1 12 12 12 12 12 12 12 12 12 12 12 12 12 12 12 12 12 12 12 12 12 12 12 12 12 12 12 12 12 12 12 12 12 12 12 12 12 12 12 12 12 12 12 12 12 12 12 12 12 12 12 12 12 12 12 12 12 12 12 12 12 12 9 9 9 9 9 9 9 9 9 9 9 9 9 9 9 9 9 9 9 9 10 10 10 10 10 10 10 10 10 10 10 10 10 10 10 10 10 10 10 10 10 10 10 10 10 10 10 10 10 10 10 10 10 10 10 10 10 10 10 10 10 10 10 10
staticfield sun/misc/Unsafe theUnsafe Lsun/misc/Unsafe; sun/misc/Unsafe
staticfield sun/misc/Unsafe ARRAY_BOOLEAN_BASE_OFFSET I 16
staticfield sun/misc/Unsafe ARRAY_BYTE_BASE_OFFSET I 16
staticfield sun/misc/Unsafe ARRAY_SHORT_BASE_OFFSET I 16
staticfield sun/misc/Unsafe ARRAY_CHAR_BASE_OFFSET I 16
staticfield sun/misc/Unsafe ARRAY_INT_BASE_OFFSET I 16
staticfield sun/misc/Unsafe ARRAY_LONG_BASE_OFFSET I 16
staticfield sun/misc/Unsafe ARRAY_FLOAT_BASE_OFFSET I 16
staticfield sun/misc/Unsafe ARRAY_DOUBLE_BASE_OFFSET I 16
staticfield sun/misc/Unsafe ARRAY_OBJECT_BASE_OFFSET I 16
staticfield sun/misc/Unsafe ARRAY_BOOLEAN_INDEX_SCALE I 1
staticfield sun/misc/Unsafe ARRAY_BYTE_INDEX_SCALE I 1
staticfield sun/misc/Unsafe ARRAY_SHORT_INDEX_SCALE I 2
staticfield sun/misc/Unsafe ARRAY_CHAR_INDEX_SCALE I 2
staticfield sun/misc/Unsafe ARRAY_INT_INDEX_SCALE I 4
staticfield sun/misc/Unsafe ARRAY_LONG_INDEX_SCALE I 8
staticfield sun/misc/Unsafe ARRAY_FLOAT_INDEX_SCALE I 4
staticfield sun/misc/Unsafe ARRAY_DOUBLE_INDEX_SCALE I 8
staticfield sun/misc/Unsafe ARRAY_OBJECT_INDEX_SCALE I 4
staticfield sun/misc/Unsafe ADDRESS_SIZE I 8
instanceKlass sun/net/www/http/ChunkedInputStream
instanceKlass io/netty/buffer/ByteBufInputStream
instanceKlass java/io/SequenceInputStream
instanceKlass org/apache/hc/core5/http/io/EofSensorInputStream
instanceKlass sun/security/ssl/HandshakeInStream
instanceKlass sun/security/ssl/AppInputStream
instanceKlass org/apache/hc/core5/http/impl/io/IdentityInputStream
instanceKlass org/apache/hc/core5/http/impl/io/ChunkedInputStream
instanceKlass org/apache/hc/core5/http/io/entity/EmptyInputStream
instanceKlass org/apache/hc/core5/http/impl/io/ContentLengthInputStream
instanceKlass org/apache/hc/client5/http/entity/LazyDecompressingInputStream
instanceKlass org/apache/hc/client5/http/entity/DeflateInputStream
instanceKlass org/brotli/dec/BrotliInputStream
instanceKlass java/util/jar/JarVerifier$VerifierStream
instanceKlass java/io/ObjectInputStream
instanceKlass sun/nio/ch/ChannelInputStream
instanceKlass java/util/zip/ZipFile$ZipFileInputStream
instanceKlass java/io/FilterInputStream
instanceKlass java/io/FileInputStream
instanceKlass java/io/ByteArrayInputStream
ciInstanceKlass java/io/InputStream 1 1 58 8 1 1 1 1 1 1 1 1 1 1 1 1 1 1 1 1 1 1 1 1 1 1 1 1 1 1 1 1 1 1 1 1 1 3 5 0 100 100 100 7 100 100 100 7 12 12 12 12 12 10 10 10 10 10 10 10
instanceKlass sun/security/ssl/InputRecord
instanceKlass sun/security/util/DerInputBuffer
ciInstanceKlass java/io/ByteArrayInputStream 1 1 59 1 1 1 1 1 1 1 1 1 1 1 1 1 1 1 1 1 1 1 1 1 1 1 1 1 1 1 1 1 1 1 1 1 1 7 100 7 100 7 100 7 1 12 12 12 12 12 12 12 9 9 9 9 10 10 10 10 10
ciInstanceKlass java/io/File 1 1 575 8 8 8 8 8 8 8 8 8 8 8 8 8 8 8 8 8 8 8 7 1 1 1 1 1 1 1 1 1 1 1 1 1 1 1 1 1 1 1 1 1 1 1 1 1 1 1 1 1 1 1 1 1 1 1 1 1 1 1 1 1 1 1 1 1 1 1 1 1 1 1 1 1 1 1 1 1 1 1 1 1 1 1 1 1 1 1 1 1 1 1 1 1 1 1 1 1 1 1 1 1 1 1 1 1 1 1 1 1 1 1 1 1 1 1 1 1 1 1 1 1 1 1 1 1 1 1 1 1 1 1 1 1 1 1 1 1 1 1 1 1 1 1 1 1 1 1 1 1 1 1 1 1 1 1 1 1 1 1 1 1 1 1 1 1 1 1 1 1 1 1 1 1 1 1 1 1 1 1 1 1 1 1 1 1 1 1 1 1 1 1 1 1 1 1 1 1 1 1 1 1 1 1 1 1 1 1 1 1 1 1 1 1 1 1 1 1 1 1 1 1 1 1 1 1 1 1 1 1 1 1 1 1 1 1 5 0 100 100 7 100 7 100 100 7 100 100 100 100 100 100 100 7 100 100 100 100 100 7 100 100 100 100 7 7 7 100 100 7 100 100 7 7 100 100 100 7 1 1 1 1 1 1 1 1 1 1 1 1 1 1 1 1 1 1 1 1 1 1 1 1 1 1 1 1 1 1 1 1 1 1 1 1 1 1 1 1 1 1 1 1 1 1 1 1 1 1 1 1 1 1 12 12 12 12 12 12 12 12 12 12 12 12 12 12 12 12 12 12 12 12 12 12 12 12 12 12 12 12 12 12 12 12 12 12 12 12 12 12 12 12 12 12 12 12 12 12 12 12 12 12 12 12 12 12 12 12 12 12 12 12 12 12 12 12 12 12 12 12 12 12 12 12 12 12 12 12 12 12 12 12 12 12 12 12 12 12 12 12 12 12 12 12 12 12 12 12 12 12 12 12 12 12 12 12 12 12 12 12 12 12 12 12 12 12 9 9 9 9 9 9 9 9 9 9 9 9 9 9 9 10 10 10 10 10 10 10 10 10 10 10 10 10 10 10 10 10 10 10 10 10 10 10 10 10 10 10 10 10 10 10 10 10 10 10 10 10 10 10 10 10 10 10 10 10 10 10 10 10 10 10 10 10 10 10 10 10 10 10 10 10 10 10 10 10 10 10 10 10 10 10 10 10 10 10 10 10 10 10 10 10 10 10 10 10 10 10 10 10 10 10 10 10 10 10 10 10 10 10 10 10 10 10 10 10 10 11 11 11 11 11 1 1 1
staticfield java/io/File fs Ljava/io/FileSystem; java/io/WinNTFileSystem
staticfield java/io/File separatorChar C 92
staticfield java/io/File separator Ljava/lang/String; "\"
staticfield java/io/File pathSeparatorChar C 59
staticfield java/io/File pathSeparator Ljava/lang/String; ";"
staticfield java/io/File PATH_OFFSET J 16
staticfield java/io/File PREFIX_LENGTH_OFFSET J 12
staticfield java/io/File UNSAFE Lsun/misc/Unsafe; sun/misc/Unsafe
staticfield java/io/File $assertionsDisabled Z 1
instanceKlass sun/misc/Launcher$ExtClassLoader
instanceKlass sun/misc/Launcher$AppClassLoader
ciInstanceKlass java/net/URLClassLoader 1 1 524 8 8 8 8 8 8 8 8 8 8 8 8 1 1 1 1 1 1 1 1 1 1 1 1 1 1 1 1 1 1 1 1 1 1 1 1 1 1 1 1 1 1 1 1 1 1 1 1 1 1 1 1 1 1 1 1 1 1 1 1 1 1 1 1 1 1 1 1 1 1 1 1 1 1 1 1 1 1 1 1 1 1 1 1 1 1 1 1 1 1 1 1 1 1 1 1 1 1 1 1 1 1 1 1 1 1 1 1 1 1 1 1 1 1 1 1 1 1 1 1 1 1 1 1 1 1 1 1 1 1 1 1 1 1 1 1 1 1 1 1 1 1 1 1 1 1 1 1 1 1 1 1 1 1 1 1 1 1 1 1 1 1 1 1 1 1 1 1 1 1 1 1 1 1 1 1 1 1 1 1 1 1 1 1 1 1 1 1 1 1 1 1 100 100 7 7 100 100 100 7 7 7 100 100 7 100 100 100 7 7 7 100 7 100 7 7 7 7 7 100 100 100 7 7 100 100 100 7 7 7 7 7 7 100 100 100 7 7 7 100 7 7 7 7 7 7 100 100 1 1 1 1 1 1 1 1 1 1 1 1 1 1 1 1 1 1 1 1 1 1 1 1 1 1 1 1 1 1 1 1 1 1 1 1 1 1 1 1 1 1 1 1 1 1 1 1 1 1 1 1 1 1 1 1 1 1 1 1 1 1 1 1 1 1 1 1 1 1 12 12 12 12 12 12 12 12 12 12 12 12 12 12 12 12 12 12 12 12 12 12 12 12 12 12 12 12 12 12 12 12 12 12 12 12 12 12 12 12 12 12 12 12 12 12 12 12 12 12 12 12 12 12 12 12 12 12 12 12 12 12 12 12 12 12 12 12 12 12 12 12 12 12 12 12 12 12 12 12 12 12 12 12 12 12 12 12 12 12 12 12 12 12 12 12 12 12 9 9 9 9 9 9 9 9 9 9 9 9 10 10 10 10 10 10 10 10 10 10 10 10 10 10 10 10 10 10 10 10 10 10 10 10 10 10 10 10 10 10 10 10 10 10 10 10 10 10 10 10 10 10 10 10 10 10 10 10 10 10 10 10 10 10 10 10 10 10 10 10 10 10 10 10 10 10 10 10 10 10 10 10 10 10 10 10 10 10 10 10 10 10 10 10 10 10 11 11 11 11 11 11 11 11 11
ciInstanceKlass java/net/URL 1 1 547 8 8 8 8 8 8 8 8 8 8 8 8 8 8 8 8 8 8 8 8 8 8 8 8 8 7 1 1 1 1 1 1 1 1 1 1 1 1 1 1 1 1 1 1 1 1 1 1 1 1 1 1 1 1 1 1 1 1 1 1 1 1 1 1 1 1 1 1 1 1 1 1 1 1 1 1 1 1 1 1 1 1 1 1 1 1 1 1 1 1 1 1 1 1 1 1 1 1 1 1 1 1 1 1 1 1 1 1 1 1 1 1 1 1 1 1 1 1 1 1 1 1 1 1 1 1 1 1 1 1 1 1 1 1 1 1 1 1 1 1 1 1 1 1 1 1 1 1 1 1 1 1 1 1 1 1 1 1 1 1 1 1 1 1 1 1 1 1 1 1 1 1 1 1 1 1 1 1 1 1 1 1 1 1 1 1 1 1 1 1 1 1 1 1 1 1 1 1 1 1 1 1 1 1 1 1 1 1 1 1 1 1 1 1 1 1 1 1 1 1 5 0 100 100 100 100 100 100 7 100 7 7 100 100 100 100 100 7 7 100 7 7 100 100 100 100 7 100 100 7 100 7 7 7 100 100 7 7 7 100 7 100 1 1 1 1 1 1 1 1 1 1 1 1 1 1 1 1 1 1 1 1 1 1 1 1 1 1 1 1 1 1 1 1 1 1 1 1 1 1 1 1 1 1 1 1 1 1 1 1 1 1 1 1 1 12 12 12 12 12 12 12 12 12 12 12 12 12 12 12 12 12 12 12 12 12 12 12 12 12 12 12 12 12 12 12 12 12 12 12 12 12 12 12 12 12 12 12 12 12 12 12 12 12 12 12 12 12 12 12 12 12 12 12 12 12 12 12 12 12 12 12 12 12 12 12 12 12 12 12 12 12 12 12 12 12 12 12 12 12 12 12 12 12 12 12 12 12 12 12 12 12 12 12 12 12 12 12 12 12 12 12 12 9 9 9 9 9 9 9 9 9 9 9 9 9 9 9 9 9 9 9 9 9 10 10 10 10 10 10 10 10 10 10 10 10 10 10 10 10 10 10 10 10 10 10 10 10 10 10 10 10 10 10 10 10 10 10 10 10 10 10 10 10 10 10 10 10 10 10 10 10 10 10 10 10 10 10 10 10 10 10 10 10 10 10 10 10 10 10 10 10 10 10 10 10 10 10 10 10 10 10 10 10 10 10 10 10 10 10 10 10 10 10 10 10 10 10 10 10 10 10 10 10 11 1
staticfield java/net/URL serialPersistentFields [Ljava/io/ObjectStreamField; 7 [Ljava/io/ObjectStreamField;
ciInstanceKlass java/util/jar/Manifest 1 1 253 8 8 8 8 8 8 8 1 1 1 1 1 1 1 1 1 1 1 1 1 1 1 1 1 1 1 1 1 1 1 1 1 1 1 1 1 1 1 1 1 1 1 1 1 1 1 1 1 1 1 1 1 1 1 1 1 1 1 1 1 1 1 1 1 1 1 1 1 1 1 1 1 1 1 1 1 1 1 1 1 1 1 1 1 1 1 1 1 1 1 1 1 1 1 1 1 1 1 100 100 100 100 100 100 7 7 100 7 100 100 7 7 100 7 100 100 7 100 7 7 1 1 1 1 1 1 1 1 1 1 1 1 1 1 1 1 1 1 1 1 1 1 1 1 1 12 12 12 12 12 12 12 12 12 12 12 12 12 12 12 12 12 12 12 12 12 12 12 12 12 12 12 12 12 12 12 12 12 12 12 12 12 12 12 12 12 12 12 12 12 12 12 12 9 9 9 10 10 10 10 10 10 10 10 10 10 10 10 10 10 10 10 10 10 10 10 10 10 10 10 10 10 10 10 10 10 10 10 10 10 10 10 10 10 10 10 10 10 10 11 11 11 11 11 11 11 11 11 11 11 11 1
ciInstanceKlass sun/misc/Launcher 1 1 215 8 8 8 8 8 8 8 8 1 1 1 1 1 1 1 1 1 1 1 1 1 1 1 1 1 1 1 1 1 1 1 1 1 1 1 1 1 1 1 1 1 1 1 1 1 1 1 1 1 1 1 1 1 1 1 1 1 1 1 1 1 1 1 1 1 1 1 1 1 1 1 1 1 1 1 1 1 1 1 1 1 1 1 1 1 1 1 1 1 1 1 1 1 100 100 7 100 100 100 100 100 100 100 100 7 100 7 100 7 7 100 7 7 100 7 7 7 7 7 1 1 1 1 1 1 1 1 1 1 1 1 1 1 1 1 1 1 1 1 1 1 1 12 12 12 12 12 12 12 12 12 12 12 12 12 12 12 12 12 12 12 12 12 12 12 12 12 12 12 12 12 12 12 12 9 9 9 9 9 9 10 10 10 10 10 10 10 10 10 10 10 10 10 10 10 10 10 10 10 10 10 10 10 10 10 10 10 10 10 10 1 1 1 1
ciInstanceKlass sun/misc/Launcher$AppClassLoader 1 1 198 8 8 7 1 1 1 1 1 1 1 1 1 1 1 1 1 1 1 1 1 1 1 1 1 1 1 1 1 1 1 1 1 1 1 1 1 1 1 1 1 1 1 1 1 1 1 1 1 1 1 1 1 1 1 1 1 1 1 1 1 1 1 1 1 1 1 1 1 1 1 1 1 1 1 1 1 1 100 100 100 100 100 7 7 100 7 100 7 7 100 100 7 100 7 100 7 100 7 7 7 100 7 7 1 1 1 1 1 1 1 1 1 1 1 1 1 1 1 1 1 1 1 1 1 1 1 1 1 12 12 12 12 12 12 12 12 12 12 12 12 12 12 12 12 12 12 12 12 12 12 12 12 12 12 12 12 12 12 12 12 12 9 9 10 10 10 10 10 10 10 10 10 10 10 10 10 10 10 10 10 10 10 10 10 10 10 10 10 10 10 10 10 10 10 10 11 1
staticfield sun/misc/Launcher$AppClassLoader $assertionsDisabled Z 1
ciInstanceKlass sun/misc/Launcher$ExtClassLoader 1 1 234 8 8 8 7 1 1 1 1 1 1 1 1 1 1 1 1 1 1 1 1 1 1 1 1 1 1 1 1 1 1 1 1 1 1 1 1 1 1 1 1 1 1 1 1 1 1 1 1 1 1 1 1 1 1 1 1 1 1 1 1 1 1 1 1 1 1 1 1 1 1 1 1 1 1 1 1 1 1 1 1 1 1 1 1 1 1 1 1 1 1 1 100 100 100 100 7 100 7 100 7 7 100 100 100 7 7 7 7 100 7 100 100 100 7 7 7 7 7 100 7 7 7 1 1 1 1 1 1 1 1 1 1 1 1 1 1 1 1 1 1 1 1 1 1 1 1 1 1 12 12 12 12 12 12 12 12 12 12 12 12 12 12 12 12 12 12 12 12 12 12 12 12 12 12 12 12 12 12 12 12 12 12 12 12 12 12 12 12 12 9 9 10 10 10 10 10 10 10 10 10 10 10 10 10 10 10 10 10 10 10 10 10 10 10 10 10 10 10 10 10 10 10 10 10 10 10 10 10 10 10 11 11 1
ciInstanceKlass java/security/CodeSource 1 1 321 8 8 8 8 8 8 8 8 8 8 8 8 8 8 1 1 1 1 1 1 1 1 1 1 1 1 1 1 1 1 1 1 1 1 1 1 1 1 1 1 1 1 1 1 1 1 1 1 1 1 1 1 1 1 1 1 1 1 1 1 1 1 1 1 1 1 1 1 1 1 1 1 1 1 1 1 1 1 1 1 1 1 1 1 1 1 1 1 1 1 1 1 1 1 1 1 1 1 1 1 1 1 1 1 1 1 1 1 1 1 1 1 1 1 1 1 1 1 1 1 1 1 1 1 1 1 1 1 1 1 1 1 1 1 5 0 100 7 7 100 100 100 100 100 100 7 100 100 100 7 7 7 7 100 100 100 100 100 7 100 100 100 1 1 1 1 1 1 1 1 1 1 1 1 1 1 1 1 1 1 1 1 1 1 1 1 1 12 12 12 12 12 12 12 12 12 12 12 12 12 12 12 12 12 12 12 12 12 12 12 12 12 12 12 12 12 12 12 12 12 12 12 12 12 12 12 12 12 12 12 12 12 12 12 12 12 12 12 12 12 12 12 12 12 12 12 12 12 9 9 9 9 9 10 10 10 10 10 10 10 10 10 10 10 10 10 10 10 10 10 10 10 10 10 10 10 10 10 10 10 10 10 10 10 10 10 10 10 10 10 10 10 10 10 10 10 10 10 10 10 10 10 10 10 10 10 10 10 10 10 10 10 10 10 10 10 11 11 11 11
ciInstanceKlass java/lang/StackTraceElement 1 1 95 8 8 8 8 8 8 8 8 1 1 1 1 1 1 1 1 1 1 1 1 1 1 1 1 1 1 1 1 1 1 1 1 1 1 1 1 1 1 1 1 1 1 1 1 1 1 1 1 1 5 0 100 7 7 7 100 7 1 1 1 1 1 1 12 12 12 12 12 12 12 12 12 12 12 12 12 12 12 9 9 9 9 10 10 10 10 10 10 10 10 10 10 10 10
instanceKlass java/nio/LongBuffer
instanceKlass java/nio/CharBuffer
instanceKlass java/nio/ByteBuffer
ciInstanceKlass java/nio/Buffer 1 1 100 8 8 8 8 1 1 1 1 1 1 1 1 1 1 1 1 1 1 1 1 1 1 1 1 1 1 1 1 1 1 1 1 1 1 1 1 1 1 1 1 1 1 1 1 1 1 1 1 1 1 1 1 1 1 1 1 1 1 3 100 100 7 100 7 100 100 100 1 1 1 1 12 12 12 12 12 12 12 12 12 12 12 9 9 9 9 10 10 10 10 10 10 10 10 10 10 10 10 10
ciInstanceKlass java/lang/Boolean 1 1 107 8 8 8 1 1 1 1 1 1 1 1 1 1 1 1 1 1 1 1 1 1 1 1 1 1 1 1 1 1 1 1 1 1 1 1 1 1 1 1 1 1 1 1 1 1 1 1 1 1 1 1 1 1 1 1 1 1 1 5 0 100 7 7 100 100 100 7 100 7 7 1 1 1 1 1 1 1 1 12 12 12 12 12 12 12 12 12 12 12 12 12 12 9 9 9 9 10 10 10 10 10 10 10 10 10 10
staticfield java/lang/Boolean TRUE Ljava/lang/Boolean; java/lang/Boolean
staticfield java/lang/Boolean FALSE Ljava/lang/Boolean; java/lang/Boolean
staticfield java/lang/Boolean TYPE Ljava/lang/Class; java/lang/Class
ciInstanceKlass java/lang/Character 1 1 456 3 3 3 3 3 3 3 3 8 8 7 1 1 1 1 1 1 1 1 1 1 1 1 1 1 1 1 1 1 1 1 1 1 1 1 1 1 1 1 1 1 1 1 1 1 1 1 1 1 1 1 1 1 1 1 1 1 1 1 1 1 1 1 1 1 1 1 1 1 1 1 1 1 1 1 1 1 1 1 1 1 1 1 1 1 1 1 1 1 1 1 1 1 1 1 1 1 1 1 1 1 1 1 1 1 1 1 1 1 1 1 1 1 1 1 1 1 1 1 1 1 1 1 1 1 1 1 1 1 1 1 1 1 1 1 1 1 1 1 1 1 1 1 1 1 1 1 1 1 1 1 1 1 1 1 1 1 1 1 1 1 1 1 1 1 1 1 1 1 1 1 1 1 1 1 1 1 1 1 1 1 1 1 1 1 1 1 1 1 1 1 1 1 1 1 1 1 1 1 1 1 1 1 1 1 1 1 1 1 1 1 1 1 1 1 1 1 1 1 1 1 1 3 3 3 3 3 3 3 3 3 3 3 3 3 3 3 3 3 3 3 3 3 3 3 3 3 3 3 3 3 3 3 3 3 3 3 3 3 5 0 5 0 100 100 7 7 100 100 100 7 100 7 100 100 100 100 7 7 100 100 1 1 1 1 1 1 1 1 1 1 1 1 1 1 1 12 12 12 12 12 12 12 12 12 12 12 12 12 12 12 12 12 12 12 12 12 12 12 12 12 12 12 12 12 12 12 12 12 12 12 12 12 12 12 12 12 12 12 12 12 12 12 12 12 12 12 12 12 12 12 12 12 12 12 12 12 12 12 12 12 12 12 12 9 9 9 9 9 10 10 10 10 10 10 10 10 10 10 10 10 10 10 10 10 10 10 10 10 10 10 10 10 10 10 10 10 10 10 10 10 10 10 10 10 10 10 10 10 10 10 10 10 10 10 10 10 10 10 10 10 10 10 10 10 10 10 10 10 10 10 10 10 10 10 10 10 10 10 10 10 10 10 10 10 10 10 10 10 11 11 1 1 1 1
staticfield java/lang/Character TYPE Ljava/lang/Class; java/lang/Class
staticfield java/lang/Character $assertionsDisabled Z 1
instanceKlass java/util/concurrent/atomic/Striped64
instanceKlass com/google/gson/internal/LazilyParsedNumber
instanceKlass java/math/BigDecimal
instanceKlass java/math/BigInteger
instanceKlass java/util/concurrent/atomic/AtomicLong
instanceKlass java/util/concurrent/atomic/AtomicInteger
instanceKlass java/lang/Long
instanceKlass java/lang/Integer
instanceKlass java/lang/Short
instanceKlass java/lang/Byte
instanceKlass java/lang/Double
instanceKlass java/lang/Float
ciInstanceKlass java/lang/Number 1 1 31 1 1 1 1 1 1 1 1 1 1 1 1 1 1 1 1 1 1 1 1 1 5 0 100 100 7 12 12 10 10
ciInstanceKlass java/lang/Float 1 1 166 3 3 3 4 4 4 4 8 8 8 1 1 1 1 1 1 1 1 1 1 1 1 1 1 1 1 1 1 1 1 1 1 1 1 1 1 1 1 1 1 1 1 1 1 1 1 1 1 1 1 1 1 1 1 1 1 1 1 1 1 1 1 1 1 1 1 1 1 1 1 1 1 1 1 1 1 1 1 1 1 1 1 1 1 1 1 1 1 1 1 1 1 1 1 1 1 3 3 3 3 4 4 5 0 7 100 100 7 100 7 100 100 7 1 1 1 1 1 1 1 1 1 12 12 12 12 12 12 12 12 12 12 12 12 12 12 12 12 12 12 12 12 12 9 9 10 10 10 10 10 10 10 10 10 10 10 10 10 10 10 10 10 10 10 10
staticfield java/lang/Float TYPE Ljava/lang/Class; java/lang/Class
ciInstanceKlass java/lang/Double 1 1 220 8 8 8 8 8 8 8 8 8 8 1 1 1 1 1 1 1 1 1 1 1 1 1 1 1 1 1 1 1 1 1 1 1 1 1 1 1 1 1 1 1 1 1 1 1 1 1 1 1 1 1 1 1 1 1 1 1 1 1 1 1 1 1 1 1 1 1 1 1 1 1 1 1 1 1 1 1 1 1 1 1 1 1 1 1 1 1 1 1 1 1 1 1 1 1 1 1 1 1 1 1 1 1 1 1 1 1 1 1 3 3 3 3 5 0 5 0 5 0 5 0 5 0 6 0 6 0 6 0 6 0 6 0 6 0 6 0 7 100 7 100 100 7 100 100 100 7 1 1 1 1 1 1 1 1 1 1 1 12 12 12 12 12 12 12 12 12 12 12 12 12 12 12 12 12 12 12 12 12 12 12 12 12 12 12 12 12 12 9 9 10 10 10 10 10 10 10 10 10 10 10 10 10 10 10 10 10 10 10 10 10 10 10 10 10 10 10 10 10
staticfield java/lang/Double TYPE Ljava/lang/Class; java/lang/Class
ciInstanceKlass java/lang/Byte 1 1 150 8 8 8 8 8 1 1 1 1 1 1 1 1 1 1 1 1 1 1 1 1 1 1 1 1 1 1 1 1 1 1 1 1 1 1 1 1 1 1 1 1 1 1 1 1 1 1 1 1 1 1 1 1 1 1 1 1 1 1 1 1 1 1 1 1 1 1 1 1 1 1 1 1 1 1 3 3 3 3 5 0 5 0 7 7 7 100 100 7 100 100 1 1 1 1 1 1 1 1 1 1 1 1 1 1 12 12 12 12 12 12 12 12 12 12 12 12 12 12 12 12 12 12 12 12 12 9 9 9 10 10 10 10 10 10 10 10 10 10 10 10 10 10 10 10 10 10 10 1
staticfield java/lang/Byte TYPE Ljava/lang/Class; java/lang/Class
ciInstanceKlass java/lang/Short 1 1 156 3 3 8 8 8 8 8 1 1 1 1 1 1 1 1 1 1 1 1 1 1 1 1 1 1 1 1 1 1 1 1 1 1 1 1 1 1 1 1 1 1 1 1 1 1 1 1 1 1 1 1 1 1 1 1 1 1 1 1 1 1 1 1 1 1 1 1 1 1 1 1 1 1 1 1 1 1 1 1 3 3 3 3 5 0 5 0 7 100 100 7 100 7 7 100 1 1 1 1 1 1 1 1 1 1 1 1 1 1 12 12 12 12 12 12 12 12 12 12 12 12 12 12 12 12 12 12 12 12 12 12 9 9 9 10 10 10 10 10 10 10 10 10 10 10 10 10 10 10 10 10 10 10 10 1
staticfield java/lang/Short TYPE Ljava/lang/Class; java/lang/Class
ciInstanceKlass java/lang/Integer 1 1 306 3 3 3 3 3 3 3 3 3 3 3 3 3 3 3 8 8 8 8 8 8 8 8 8 8 8 8 8 8 8 8 1 1 1 1 1 1 1 1 1 1 1 1 1 1 1 1 1 1 1 1 1 1 1 1 1 1 1 1 1 1 1 1 1 1 1 1 1 1 1 1 1 1 1 1 1 1 1 1 1 1 1 1 1 1 1 1 1 1 1 1 1 1 1 1 1 1 1 1 1 1 1 1 1 1 1 1 1 1 1 1 1 1 1 1 1 1 1 1 1 1 1 1 1 1 1 1 1 1 1 1 1 1 1 1 1 1 1 1 1 1 1 1 1 1 1 1 1 1 1 1 1 1 1 1 1 1 1 1 1 1 1 1 1 1 1 1 3 3 5 0 5 0 5 0 100 7 7 100 100 7 7 100 7 100 7 100 100 100 7 100 7 1 1 1 1 1 1 1 1 1 1 1 1 1 1 1 1 1 12 12 12 12 12 12 12 12 12 12 12 12 12 12 12 12 12 12 12 12 12 12 12 12 12 12 12 12 12 12 12 12 12 12 12 12 12 12 12 12 12 12 12 12 12 12 12 9 9 9 9 9 9 9 9 10 10 10 10 10 10 10 10 10 10 10 10 10 10 10 10 10 10 10 10 10 10 10 10 10 10 10 10 10 10 10 10 10 10 10 10 10 10 10 10 1
staticfield java/lang/Integer TYPE Ljava/lang/Class; java/lang/Class
staticfield java/lang/Integer digits [C 36
staticfield java/lang/Integer DigitTens [C 100
staticfield java/lang/Integer DigitOnes [C 100
staticfield java/lang/Integer sizeTable [I 10
ciInstanceKlass java/lang/Long 1 1 353 3 3 8 8 8 8 8 8 8 8 8 8 8 8 8 8 8 8 8 1 1 1 1 1 1 1 1 1 1 1 1 1 1 1 1 1 1 1 1 1 1 1 1 1 1 1 1 1 1 1 1 1 1 1 1 1 1 1 1 1 1 1 1 1 1 1 1 1 1 1 1 1 1 1 1 1 1 1 1 1 1 1 1 1 1 1 1 1 1 1 1 1 1 1 1 1 1 1 1 1 1 1 1 1 1 1 1 1 1 1 1 1 1 1 1 1 1 1 1 1 1 1 1 1 1 1 1 1 1 1 1 1 1 1 1 1 1 1 1 1 1 1 1 1 1 1 1 1 1 1 1 1 1 1 1 1 1 1 1 1 1 3 3 5 0 5 0 5 0 5 0 5 0 5 0 5 0 5 0 5 0 5 0 5 0 5 0 5 0 5 0 5 0 100 7 7 100 100 7 7 7 7 100 7 100 100 100 7 100 100 100 1 1 1 1 1 1 1 1 1 1 1 1 1 1 1 1 1 1 1 1 1 1 12 12 12 12 12 12 12 12 12 12 12 12 12 12 12 12 12 12 12 12 12 12 12 12 12 12 12 12 12 12 12 12 12 12 12 12 12 12 12 12 12 12 12 12 12 12 12 12 12 12 12 12 12 12 12 12 12 12 9 9 9 9 9 9 10 10 10 10 10 10 10 10 10 10 10 10 10 10 10 10 10 10 10 10 10 10 10 10 10 10 10 10 10 10 10 10 10 10 10 10 10 10 10 10 10 10 10 10 10 10 10 10 10 10 10 10 10 10 1
staticfield java/lang/Long TYPE Ljava/lang/Class; java/lang/Class
ciInstanceKlass java/lang/NullPointerException 1 1 18 1 1 1 1 1 1 1 1 1 5 0 100 100 12 12 10 10
ciInstanceKlass java/lang/ArithmeticException 1 1 18 1 1 1 1 1 1 1 1 1 5 0 100 100 12 12 10 10
ciInstanceKlass java/lang/Math 1 1 278 3 3 3 3 3 3 4 4 4 4 4 8 8 7 1 1 1 1 1 1 1 1 1 1 1 1 1 1 1 1 1 1 1 1 1 1 1 1 1 1 1 1 1 1 1 1 1 1 1 1 1 1 1 1 1 1 1 1 1 1 1 1 1 1 1 1 1 1 1 1 1 1 1 1 1 1 1 1 1 1 1 1 1 1 1 1 1 1 1 1 1 1 1 1 1 1 1 1 1 1 1 1 1 1 1 1 1 1 1 1 1 1 1 1 1 1 1 1 1 1 1 1 1 5 0 5 0 5 0 5 0 5 0 5 0 5 0 5 0 5 0 5 0 6 0 6 0 6 0 6 0 6 0 6 0 6 0 6 0 6 0 100 100 7 7 7 100 100 100 100 1 12 12 12 12 12 12 12 12 12 12 12 12 12 12 12 12 12 12 12 12 12 12 12 12 12 12 12 12 12 12 12 12 12 12 12 12 12 12 12 12 12 12 12 12 12 12 12 12 12 12 12 12 9 9 9 9 9 9 10 10 10 10 10 10 10 10 10 10 10 10 10 10 10 10 10 10 10 10 10 10 10 10 10 10 10 10 10 10 10 10 10 10 10 10 10 10 10 10 10 10 10 10 10 10 10 1
staticfield java/lang/Math $assertionsDisabled Z 1
ciInstanceKlass java/util/Arrays 1 1 797 3 8 8 8 8 8 8 8 8 100 100 100 100 100 100 7 100 100 7 1 1 1 1 1 1 1 1 1 1 1 1 1 1 1 1 1 1 1 1 1 1 1 1 1 1 1 1 1 1 1 1 1 1 1 1 1 1 1 1 1 1 1 1 1 1 1 1 1 1 1 1 1 1 1 1 1 1 1 1 1 1 1 1 1 1 1 1 1 1 1 1 1 1 1 1 1 1 1 1 1 1 1 1 1 1 1 1 1 1 1 1 1 1 1 1 1 1 1 1 1 1 1 1 1 1 1 1 1 1 1 1 1 1 1 1 1 1 1 1 1 1 1 1 1 1 1 1 1 1 1 1 1 1 1 1 1 1 1 1 1 1 1 1 1 1 1 1 1 1 1 1 1 1 1 1 1 1 1 1 1 1 1 1 1 1 1 1 1 1 1 1 1 1 1 1 1 1 1 1 1 1 1 1 1 1 1 1 1 1 1 1 1 1 1 1 1 1 1 1 1 1 1 1 1 1 1 1 1 1 1 1 1 1 1 1 1 1 1 1 1 1 1 1 1 1 1 1 1 1 1 1 1 1 1 1 1 1 1 1 1 1 1 1 1 1 1 1 1 1 1 1 1 1 3 3 100 100 100 7 7 100 100 100 7 7 7 7 7 100 100 100 7 100 100 100 100 100 7 7 100 100 100 100 100 100 100 100 100 100 100 100 100 100 100 100 100 100 7 100 7 100 100 100 100 100 100 100 7 7 100 100 100 100 100 100 7 1 1 1 1 1 1 1 1 1 1 1 1 1 1 1 1 1 1 1 1 1 1 1 1 1 1 1 1 1 1 1 1 1 1 1 1 1 1 1 1 1 1 1 1 1 1 1 1 1 1 1 1 1 1 1 1 1 1 1 1 1 1 1 1 1 1 1 1 1 1 1 1 1 1 1 1 1 1 1 1 1 1 1 1 1 1 1 1 1 1 1 1 1 1 1 1 1 1 1 1 1 1 1 1 1 1 1 1 1 1 1 1 1 1 1 1 1 1 1 1 1 1 1 1 1 1 1 1 1 1 1 1 12 12 12 12 12 12 12 12 12 12 12 12 12 12 12 12 12 12 12 12 12 12 12 12 12 12 12 12 12 12 12 12 12 12 12 12 12 12 12 12 12 12 12 12 12 12 12 12 12 12 12 12 12 12 12 12 12 12 12 12 12 12 12 12 12 12 12 12 12 12 12 12 12 12 12 12 12 12 12 12 12 12 12 12 12 12 12 12 12 12 12 12 12 12 12 12 12 12 12 12 12 12 12 12 12 12 12 12 12 12 12 12 12 12 12 12 12 12 12 12 12 12 12 12 12 12 12 12 12 12 12 12 12 12 12 12 12 12 12 12 12 12 12 9 9 10 10 10 10 10 10 10 10 10 10 10 10 10 10 10 10 10 10 10 10 10 10 10 10 10 10 10 10 10 10 10 10 10 10 10 10 10 10 10 10 10 10 10 10 10 10 10 10 10 10 10 10 10 10 10 10 10 10 10 10 10 10 10 10 10 10 10 10 10 10 10 10 10 10 10 10 10 10 10 10 10 10 10 10 10 10 10 10 10 10 10 10 10 10 10 10 10 10 10 10 10 10 10 10 10 10 10 10 10 10 10 10 10 10 10 10 10 10 10 10 10 10 10 10 10 10 10 10 10 10 10 10 10 10 10 10 10 10 10 10 10 11 11 11 11 11 11 11 11 11 11 11 11 15 15 15 15 15 16 18 18 18 18 1 1 1 1 1 1 1 1 1 1 1 1 1 1 1 1 1 1 1 1
staticfield java/util/Arrays $assertionsDisabled Z 1
instanceKlass java/nio/charset/UnsupportedCharsetException
instanceKlass java/nio/charset/IllegalCharsetNameException
instanceKlass java/nio/channels/UnsupportedAddressTypeException
instanceKlass java/lang/IllegalThreadStateException
instanceKlass java/security/InvalidParameterException
instanceKlass java/nio/file/ProviderMismatchException
instanceKlass java/util/regex/PatternSyntaxException
instanceKlass java/lang/NumberFormatException
ciInstanceKlass java/lang/IllegalArgumentException 1 1 24 1 1 1 1 1 1 1 1 1 1 5 0 100 100 1 12 12 12 12 10 10 10 10
instanceKlass sun/net/www/protocol/http/Handler
instanceKlass sun/net/www/protocol/jar/Handler
instanceKlass sun/net/www/protocol/file/Handler
ciInstanceKlass java/net/URLStreamHandler 1 1 227 8 8 8 8 8 8 8 8 8 8 8 8 8 8 8 1 1 1 1 1 1 1 1 1 1 1 1 1 1 1 1 1 1 1 1 1 1 1 1 1 1 1 1 1 1 1 1 1 1 1 1 1 1 1 1 1 1 1 1 1 1 1 1 1 1 1 1 1 1 1 1 1 1 1 1 1 1 1 1 1 1 1 1 1 1 1 1 1 1 1 1 1 1 1 1 1 1 1 1 1 100 100 7 7 100 7 7 7 100 100 7 7 100 100 1 1 1 1 1 1 1 1 1 1 1 1 1 1 1 1 1 1 12 12 12 12 12 12 12 12 12 12 12 12 12 12 12 12 12 12 12 12 12 12 12 12 12 12 12 12 12 12 12 12 12 12 12 12 12 12 12 12 12 12 12 12 9 9 10 10 10 10 10 10 10 10 10 10 10 10 10 10 10 10 10 10 10 10 10 10 10 10 10 10 10 10 10 10 10 10 10 10 10 10 10 10 10 10 10 10 10 10 10 10 10 10
ciInstanceKlass sun/net/www/protocol/file/Handler 1 1 123 8 8 8 8 8 8 8 1 1 1 1 1 1 1 1 1 1 1 1 1 1 1 1 1 1 1 1 1 1 1 1 1 1 1 1 1 1 1 1 1 1 1 1 1 1 1 1 1 1 1 1 1 1 7 100 7 100 100 7 100 7 7 7 7 1 1 1 1 1 1 1 1 1 1 1 1 12 12 12 12 12 12 12 12 12 12 12 12 12 12 12 12 12 12 12 12 12 12 9 10 10 10 10 10 10 10 10 10 10 10 10 10 10 10 10 10 10 10 10 10 10 10
ciInstanceKlass java/lang/SecurityException 0 0 24 1 1 1 1 1 1 1 1 1 1 5 0 100 100 1 12 12 12 12 10 10 10 10
instanceKlass java/net/Inet6Address
instanceKlass java/net/Inet4Address
ciInstanceKlass java/net/InetAddress 1 1 655 8 8 8 8 8 8 8 8 8 8 8 8 8 8 8 8 8 8 8 8 8 8 8 8 8 8 8 8 7 7 1 1 1 1 1 1 1 1 1 1 1 1 1 1 1 1 1 1 1 1 1 1 1 1 1 1 1 1 1 1 1 1 1 1 1 1 1 1 1 1 1 1 1 1 1 1 1 1 1 1 1 1 1 1 1 1 1 1 1 1 1 1 1 1 1 1 1 1 1 1 1 1 1 1 1 1 1 1 1 1 1 1 1 1 1 1 1 1 1 1 1 1 1 1 1 1 1 1 1 1 1 1 1 1 1 1 1 1 1 1 1 1 1 1 1 1 1 1 1 1 1 1 1 1 1 1 1 1 1 1 1 1 1 1 1 1 1 1 1 1 1 1 1 1 1 1 1 1 1 1 1 1 1 1 1 1 1 1 1 1 1 1 1 1 1 1 1 1 1 1 1 1 1 1 1 1 1 1 1 1 1 1 1 1 1 1 1 1 1 1 1 1 1 1 1 1 1 1 1 1 1 1 1 1 1 1 1 1 1 1 1 1 1 1 1 1 1 1 1 1 1 1 1 1 1 1 1 1 1 1 1 1 1 1 1 1 1 1 1 1 1 1 3 3 5 0 5 0 100 7 100 100 100 100 100 100 100 7 100 100 100 7 7 7 100 100 100 100 100 100 7 100 7 100 100 100 7 7 100 100 7 7 7 7 100 7 7 7 7 7 7 100 7 100 7 7 7 7 7 7 7 7 7 1 1 1 1 1 1 1 1 1 1 1 1 1 1 1 1 1 1 1 1 1 1 1 1 1 1 1 1 1 1 1 1 1 1 1 1 1 1 1 1 1 1 1 1 1 1 1 1 1 1 1 1 1 1 1 1 1 1 1 12 12 12 12 12 12 12 12 12 12 12 12 12 12 12 12 12 12 12 12 12 12 12 12 12 12 12 12 12 12 12 12 12 12 12 12 12 12 12 12 12 12 12 12 12 12 12 12 12 12 12 12 12 12 12 12 12 12 12 12 12 12 12 12 12 12 12 12 12 12 12 12 12 12 12 12 12 12 12 12 12 12 12 12 12 12 12 12 12 12 12 12 12 12 12 12 12 12 12 12 12 12 12 12 12 12 12 12 12 12 12 12 12 12 12 12 12 12 12 12 9 9 9 9 9 9 9 9 9 9 9 9 9 9 9 9 9 9 9 9 9 9 9 10 10 10 10 10 10 10 10 10 10 10 10 10 10 10 10 10 10 10 10 10 10 10 10 10 10 10 10 10 10 10 10 10 10 10 10 10 10 10 10 10 10 10 10 10 10 10 10 10 10 10 10 10 10 10 10 10 10 10 10 10 10 10 10 10 10 10 10 10 10 10 10 10 10 10 10 10 10 10 10 10 10 10 10 10 10 10 10 10 10 10 10 10 10 10 10 10 10 10 10 10 10 10 11 11 11 11 11 11 11 11 11 11 11 1 1 1 1 1
staticfield java/net/InetAddress lookupTable Ljava/util/HashMap; java/util/HashMap
staticfield java/net/InetAddress cacheLock Ljava/lang/Object; java/lang/Object
staticfield java/net/InetAddress FIELDS_OFFSET J 12
staticfield java/net/InetAddress UNSAFE Lsun/misc/Unsafe; sun/misc/Unsafe
staticfield java/net/InetAddress serialPersistentFields [Ljava/io/ObjectStreamField; 3 [Ljava/io/ObjectStreamField;
staticfield java/net/InetAddress $assertionsDisabled Z 1
ciInstanceKlass java/lang/NumberFormatException 0 0 36 8 8 1 1 1 1 1 1 1 1 1 1 1 1 1 1 1 1 5 0 100 100 100 1 1 12 12 12 12 10 10 10 10 10 10
instanceKlass sun/net/www/protocol/https/Handler
ciInstanceKlass sun/net/www/protocol/http/Handler 1 1 36 1 1 1 1 1 1 1 1 1 1 1 1 1 1 1 1 100 100 7 7 7 1 1 1 1 12 12 12 12 12 9 9 10 10 10
ciInstanceKlass sun/net/util/IPAddressUtil 1 1 85 3 8 1 1 1 1 1 1 1 1 1 1 1 1 1 1 1 1 1 1 1 1 1 1 1 1 1 1 1 1 1 1 1 1 1 1 1 1 1 1 1 1 3 3 3 5 0 5 0 100 100 7 100 7 100 7 1 1 12 12 12 12 12 12 12 12 12 12 12 12 12 10 10 10 10 10 10 10 10 10 10 10 10 10
compile java/net/URLStreamHandler parseURL (Ljava/net/URL;Ljava/lang/String;II)V -1 4 inline 83 0 -1 java/net/URLStreamHandler parseURL (Ljava/net/URL;Ljava/lang/String;II)V 1 1 java/net/URL getProtocol ()Ljava/lang/String; 1 7 java/net/URL getAuthority ()Ljava/lang/String; 1 13 java/net/URL getUserInfo ()Ljava/lang/String; 1 19 java/net/URL getHost ()Ljava/lang/String; 1 25 java/net/URL getPort ()I 1 31 java/net/URL getPath ()Ljava/lang/String; 1 37 java/net/URL getQuery ()Ljava/lang/String; 1 43 java/net/URL getRef ()Ljava/lang/String; 1 63 java/lang/String indexOf (I)I 2 3 java/lang/String indexOf (II)I 1 138 java/lang/String charAt (I)C 1 150 java/lang/String charAt (I)C 1 162 java/lang/String charAt (I)C 1 204 java/lang/String charAt (I)C 1 216 java/lang/String charAt (I)C 1 289 java/lang/String indexOf (I)I 2 3 java/lang/String indexOf (II)I 1 355 java/lang/String length ()I 1 364 java/lang/String charAt (I)C 1 449 java/lang/String length ()I 1 478 java/lang/String length ()I 1 568 java/lang/String indexOf (I)I 2 3 java/lang/String indexOf (II)I 1 583 java/lang/String length ()I 1 602 java/lang/Integer parseInt (Ljava/lang/String;)I 1 668 java/lang/String length ()I 1 695 java/lang/String charAt (I)C 1 722 java/lang/String length ()I 1 735 java/lang/String lastIndexOf (I)I 2 9 java/lang/String lastIndexOf (II)I 1 763 java/lang/StringBuilder <init> ()V 2 3 java/lang/AbstractStringBuilder <init> (I)V 3 1 java/lang/Object <init> ()V 1 773 java/lang/String substring (II)Ljava/lang/String; 2 75 java/lang/String <init> ([CII)V 3 1 java/lang/Object <init> ()V 3 75 java/util/Arrays copyOfRange ([CII)[C 1 776 java/lang/StringBuilder append (Ljava/lang/String;)Ljava/lang/StringBuilder; 2 2 java/lang/AbstractStringBuilder append (Ljava/lang/String;)Ljava/lang/AbstractStringBuilder; 3 10 java/lang/String length ()I 3 21 java/lang/AbstractStringBuilder ensureCapacityInternal (I)V 4 17 java/lang/AbstractStringBuilder newCapacity (I)I 4 20 java/util/Arrays copyOf ([CI)[C 3 35 java/lang/String getChars (II[CI)V 1 781 java/lang/StringBuilder append (Ljava/lang/String;)Ljava/lang/StringBuilder; 2 2 java/lang/AbstractStringBuilder append (Ljava/lang/String;)Ljava/lang/AbstractStringBuilder; 3 10 java/lang/String length ()I 3 21 java/lang/AbstractStringBuilder ensureCapacityInternal (I)V 4 17 java/lang/AbstractStringBuilder newCapacity (I)I 4 20 java/util/Arrays copyOf ([CI)[C 3 35 java/lang/String getChars (II[CI)V 1 788 java/lang/String substring (II)Ljava/lang/String; 2 75 java/lang/String <init> ([CII)V 3 1 java/lang/Object <init> ()V 3 75 java/util/Arrays copyOfRange ([CII)[C 1 791 java/lang/StringBuilder append (Ljava/lang/String;)Ljava/lang/StringBuilder; 2 2 java/lang/AbstractStringBuilder append (Ljava/lang/String;)Ljava/lang/AbstractStringBuilder; 3 10 java/lang/String length ()I 3 21 java/lang/AbstractStringBuilder ensureCapacityInternal (I)V 4 17 java/lang/AbstractStringBuilder newCapacity (I)I 4 20 java/util/Arrays copyOf ([CI)[C 3 35 java/lang/String getChars (II[CI)V 1 794 java/lang/StringBuilder toString ()Ljava/lang/String; 2 13 java/lang/String <init> ([CII)V 3 1 java/lang/Object <init> ()V 3 75 java/util/Arrays copyOfRange ([CII)[C 1 975 java/lang/String indexOf (Ljava/lang/String;I)I 2 21 java/lang/String indexOf ([CII[CIII)I 1 1072 java/lang/String endsWith (Ljava/lang/String;)Z 2 13 java/lang/String startsWith (Ljava/lang/String;I)Z 1 1123 java/lang/String startsWith (Ljava/lang/String;)Z 2 3 java/lang/String startsWith (Ljava/lang/String;I)Z 1 1150 java/lang/String endsWith (Ljava/lang/String;)Z 2 13 java/lang/String startsWith (Ljava/lang/String;I)Z 1 1161 java/lang/String length ()I 1 1166 java/lang/String substring (II)Ljava/lang/String; 2 75 java/lang/String <init> ([CII)V 3 1 java/lang/Object <init> ()V 3 75 java/util/Arrays copyOfRange ([CII)[C 1 1189 java/net/URLStreamHandler setURL (Ljava/net/URL;Ljava/lang/String;Ljava/lang/String;ILjava/lang/String;Ljava/lang/String;Ljava/lang/String;Ljava/lang/String;Ljava/lang/String;)V 2 20 java/net/URL getProtocol ()Ljava/lang/String; 2 36 java/net/URL set (Ljava/lang/String;Ljava/lang/String;ILjava/lang/String;Ljava/lang/String;Ljava/lang/String;Ljava/lang/String;Ljava/lang/String;)V
